Id,Label
0_10,Positive
10000_7,Positive
10001_9,Positive
10002_8,Positive
10003_8,Positive
10004_9,Positive
10005_8,Positive
10006_7,Positive
10007_10,Positive
10008_8,Positive
10009_10,Positive
1000_9,Positive
10010_9,Positive
10011_9,Positive
10012_9,Positive
10013_9,Positive
10014_7,Positive
10015_8,Negative
10016_8,Positive
10017_8,Positive
10018_8,Negative
10019_8,Positive
1001_10,Positive
10020_8,Positive
10021_9,Positive
10022_10,Positive
10023_8,Positive
10024_9,Negative
10025_8,Positive
10026_10,Positive
10027_8,Positive
10028_10,Positive
10029_10,Positive
1002_9,Positive
10030_7,Positive
10031_8,Positive
10032_8,Positive
10033_8,Positive
10034_9,Positive
10035_10,Positive
10036_10,Positive
10037_7,Positive
10038_7,Negative
10039_8,Negative
1003_8,Positive
10040_10,Positive
10041_8,Positive
10042_8,Positive
10043_10,Positive
10044_8,Positive
10045_7,Negative
10046_10,Positive
10047_10,Positive
10048_8,Positive
10049_8,Positive
1004_10,Positive
10050_8,Positive
10051_8,Positive
10052_7,Positive
10053_10,Positive
10054_7,Positive
10055_10,Positive
10056_8,Positive
10057_8,Positive
10058_8,Positive
10059_10,Positive
1005_7,Positive
10060_10,Positive
10061_10,Positive
10062_9,Negative
10063_10,Positive
10064_10,Positive
10065_8,Positive
10066_7,Negative
10067_7,Positive
10068_8,Positive
10069_10,Positive
1006_8,Positive
10070_10,Positive
10071_8,Positive
10072_10,Positive
10073_7,Negative
10074_7,Negative
10075_10,Positive
10076_10,Positive
10077_7,Positive
10078_10,Positive
10079_10,Positive
1007_9,Negative
10080_10,Positive
10081_10,Negative
10082_8,Positive
10083_10,Positive
10084_10,Positive
10085_10,Positive
10086_10,Negative
10087_7,Positive
10088_8,Positive
10089_9,Positive
1008_10,Negative
10090_10,Positive
10091_10,Negative
10092_8,Positive
10093_10,Positive
10094_9,Positive
10095_9,Positive
10096_9,Positive
10097_10,Positive
10098_9,Positive
10099_9,Positive
1009_8,Positive
100_10,Positive
10100_10,Positive
10101_9,Positive
10102_8,Positive
10103_9,Positive
10104_10,Positive
10105_8,Positive
10106_10,Negative
10107_9,Positive
10108_8,Positive
10109_10,Positive
1010_9,Positive
10110_10,Positive
10111_10,Positive
10112_10,Positive
10113_9,Positive
10114_8,Positive
10115_8,Positive
10116_10,Positive
10117_9,Positive
10118_8,Positive
10119_10,Positive
1011_8,Positive
10120_10,Positive
10121_10,Positive
10122_10,Positive
10123_10,Positive
10124_8,Positive
10125_8,Positive
10126_9,Positive
10127_10,Positive
10128_10,Positive
10129_10,Positive
1012_8,Negative
10130_8,Positive
10131_7,Positive
10132_10,Positive
10133_8,Negative
10134_7,Positive
10135_8,Positive
10136_10,Positive
10137_10,Positive
10138_10,Negative
10139_10,Negative
1013_7,Negative
10140_10,Positive
10141_8,Negative
10142_10,Positive
10143_9,Positive
10144_8,Positive
10145_8,Positive
10146_10,Positive
10147_7,Positive
10148_10,Positive
10149_9,Positive
1014_8,Negative
10150_8,Positive
10151_8,Positive
10152_9,Positive
10153_10,Positive
10154_10,Positive
10155_7,Positive
10156_8,Positive
10157_8,Positive
10158_9,Positive
10159_7,Positive
1015_8,Positive
10160_7,Positive
10161_7,Negative
10162_10,Positive
10163_7,Positive
10164_9,Positive
10165_9,Positive
10166_8,Positive
10167_9,Positive
10168_9,Positive
10169_8,Positive
1016_7,Negative
10170_8,Positive
10171_8,Positive
10172_9,Positive
10173_8,Positive
10174_9,Positive
10175_7,Positive
10176_9,Positive
10177_10,Positive
10178_10,Positive
10179_10,Negative
1017_7,Positive
10180_8,Negative
10181_10,Positive
10182_10,Positive
10183_9,Positive
10184_9,Positive
10185_10,Positive
10186_10,Negative
10187_10,Positive
10188_10,Positive
10189_10,Positive
1018_7,Positive
10190_10,Positive
10191_10,Positive
10192_10,Positive
10193_7,Positive
10194_7,Negative
10195_10,Negative
10196_8,Positive
10197_8,Positive
10198_8,Positive
10199_10,Positive
1019_10,Positive
101_9,Negative
10200_7,Negative
10201_7,Positive
10202_9,Positive
10203_10,Positive
10204_10,Positive
10205_10,Positive
10206_8,Positive
10207_10,Positive
10208_10,Positive
10209_7,Negative
1020_7,Negative
10210_7,Positive
10211_8,Positive
10212_7,Negative
10213_7,Negative
10214_10,Positive
10215_10,Positive
10216_10,Positive
10217_7,Positive
10218_7,Negative
10219_9,Negative
1021_7,Positive
10220_10,Positive
10221_8,Positive
10222_8,Negative
10223_10,Positive
10224_9,Positive
10225_10,Positive
10226_10,Positive
10227_7,Positive
10228_10,Negative
10229_10,Positive
1022_10,Positive
10230_7,Positive
10231_9,Positive
10232_10,Positive
10233_7,Positive
10234_9,Positive
10235_10,Positive
10236_10,Positive
10237_10,Positive
10238_7,Positive
10239_9,Positive
1023_10,Positive
10240_10,Positive
10241_10,Positive
10242_8,Positive
10243_9,Positive
10244_7,Positive
10245_9,Positive
10246_9,Positive
10247_10,Positive
10248_9,Positive
10249_8,Positive
1024_9,Positive
10250_10,Positive
10251_10,Positive
10252_10,Negative
10253_7,Positive
10254_8,Positive
10255_10,Positive
10256_10,Positive
10257_10,Positive
10258_8,Positive
10259_10,Negative
1025_10,Positive
10260_10,Positive
10261_8,Positive
10262_7,Positive
10263_7,Positive
10264_8,Negative
10265_9,Negative
10266_7,Positive
10267_7,Positive
10268_7,Positive
10269_8,Positive
1026_10,Positive
10270_10,Positive
10271_8,Positive
10272_7,Positive
10273_10,Positive
10274_8,Negative
10275_9,Positive
10276_8,Positive
10277_10,Positive
10278_7,Positive
10279_9,Positive
1027_9,Positive
10280_8,Negative
10281_9,Positive
10282_10,Negative
10283_10,Positive
10284_9,Negative
10285_9,Positive
10286_10,Negative
10287_10,Positive
10288_8,Positive
10289_9,Positive
1028_10,Positive
10290_10,Positive
10291_9,Positive
10292_10,Positive
10293_9,Positive
10294_9,Positive
10295_10,Positive
10296_8,Positive
10297_10,Positive
10298_9,Positive
10299_10,Positive
1029_10,Positive
102_8,Negative
10300_10,Negative
10301_10,Positive
10302_7,Positive
10303_9,Positive
10304_7,Positive
10305_10,Positive
10306_8,Positive
10307_7,Negative
10308_10,Positive
10309_8,Negative
1030_9,Positive
10310_8,Positive
10311_10,Positive
10312_9,Positive
10313_10,Positive
10314_9,Positive
10315_10,Positive
10316_10,Positive
10317_10,Positive
10318_8,Positive
10319_8,Negative
1031_10,Positive
10320_10,Positive
10321_10,Positive
10322_9,Positive
10323_10,Positive
10324_8,Positive
10325_9,Positive
10326_10,Positive
10327_7,Positive
10328_10,Positive
10329_10,Positive
1032_10,Positive
10330_9,Negative
10331_9,Positive
10332_10,Positive
10333_10,Negative
10334_7,Positive
10335_7,Positive
10336_7,Positive
10337_10,Positive
10338_9,Negative
10339_8,Positive
1033_9,Positive
10340_7,Positive
10341_7,Positive
10342_9,Positive
10343_9,Positive
10344_9,Positive
10345_7,Positive
10346_9,Positive
10347_10,Positive
10348_10,Negative
10349_8,Positive
1034_10,Positive
10350_9,Positive
10351_8,Positive
10352_10,Positive
10353_10,Positive
10354_7,Negative
10355_10,Negative
10356_7,Negative
10357_7,Negative
10358_7,Negative
10359_8,Negative
1035_9,Positive
10360_9,Positive
10361_9,Positive
10362_7,Positive
10363_7,Positive
10364_10,Positive
10365_7,Positive
10366_8,Negative
10367_8,Positive
10368_8,Positive
10369_9,Positive
1036_10,Positive
10370_10,Positive
10371_8,Positive
10372_10,Positive
10373_10,Positive
10374_10,Positive
10375_8,Positive
10376_10,Negative
10377_8,Positive
10378_8,Negative
10379_9,Positive
1037_10,Positive
10380_7,Positive
10381_8,Positive
10382_10,Positive
10383_8,Positive
10384_7,Positive
10385_10,Positive
10386_7,Negative
10387_9,Positive
10388_10,Positive
10389_7,Negative
1038_10,Negative
10390_7,Positive
10391_9,Positive
10392_8,Positive
10393_9,Positive
10394_9,Negative
10395_10,Negative
10396_8,Negative
10397_10,Positive
10398_10,Positive
10399_10,Negative
1039_10,Positive
103_10,Positive
10400_9,Negative
10401_7,Positive
10402_8,Positive
10403_10,Negative
10404_9,Positive
10405_7,Positive
10406_8,Positive
10407_10,Positive
10408_10,Positive
10409_10,Positive
1040_9,Positive
10410_10,Positive
10411_10,Positive
10412_8,Positive
10413_8,Positive
10414_10,Positive
10415_7,Negative
10416_9,Positive
10417_7,Positive
10418_8,Positive
10419_8,Positive
1041_10,Positive
10420_9,Positive
10421_8,Negative
10422_9,Positive
10423_9,Positive
10424_7,Positive
10425_10,Negative
10426_8,Negative
10427_10,Positive
10428_10,Positive
10429_9,Positive
1042_7,Negative
10430_10,Positive
10431_10,Positive
10432_10,Positive
10433_8,Positive
10434_8,Positive
10435_7,Negative
10436_8,Positive
10437_9,Positive
10438_9,Positive
10439_8,Positive
1043_9,Positive
10440_7,Positive
10441_9,Positive
10442_8,Positive
10443_7,Negative
10444_9,Positive
10445_10,Positive
10446_10,Positive
10447_7,Positive
10448_7,Negative
10449_10,Positive
1044_8,Positive
10450_7,Positive
10451_7,Positive
10452_8,Positive
10453_10,Positive
10454_8,Negative
10455_9,Positive
10456_10,Positive
10457_8,Positive
10458_7,Positive
10459_10,Positive
1045_9,Positive
10460_10,Positive
10461_10,Positive
10462_10,Positive
10463_10,Positive
10464_10,Negative
10465_10,Positive
10466_8,Negative
10467_9,Positive
10468_10,Positive
10469_10,Positive
1046_9,Positive
10470_10,Positive
10471_10,Positive
10472_10,Positive
10473_10,Positive
10474_10,Positive
10475_10,Positive
10476_10,Positive
10477_9,Positive
10478_10,Positive
10479_10,Positive
1047_8,Positive
10480_8,Negative
10481_9,Positive
10482_10,Negative
10483_8,Positive
10484_10,Positive
10485_10,Positive
10486_10,Positive
10487_7,Positive
10488_7,Positive
10489_8,Positive
1048_8,Positive
10490_9,Positive
10491_7,Positive
10492_8,Positive
10493_10,Positive
10494_8,Positive
10495_8,Positive
10496_10,Positive
10497_10,Negative
10498_10,Positive
10499_8,Negative
1049_9,Positive
104_10,Positive
10500_7,Negative
10501_10,Positive
10502_7,Positive
10503_8,Positive
10504_7,Positive
10505_7,Negative
10506_8,Positive
10507_7,Negative
10508_7,Positive
10509_8,Positive
1050_9,Negative
10510_7,Negative
10511_10,Positive
10512_9,Positive
10513_7,Positive
10514_9,Negative
10515_8,Negative
10516_10,Negative
10517_10,Positive
10518_7,Positive
10519_8,Positive
1051_10,Positive
10520_10,Positive
10521_10,Positive
10522_10,Positive
10523_9,Positive
10524_10,Positive
10525_7,Positive
10526_10,Positive
10527_10,Positive
10528_8,Positive
10529_7,Positive
1052_10,Positive
10530_10,Positive
10531_10,Positive
10532_9,Positive
10533_10,Negative
10534_10,Positive
10535_10,Positive
10536_8,Positive
10537_9,Positive
10538_10,Positive
10539_8,Positive
1053_10,Positive
10540_10,Negative
10541_8,Negative
10542_10,Negative
10543_7,Positive
10544_10,Positive
10545_10,Positive
10546_10,Positive
10547_10,Positive
10548_10,Positive
10549_10,Positive
1054_9,Positive
10550_8,Negative
10551_10,Positive
10552_7,Negative
10553_7,Positive
10554_9,Positive
10555_10,Positive
10556_10,Positive
10557_8,Positive
10558_9,Positive
10559_7,Positive
1055_10,Positive
10560_9,Positive
10561_9,Positive
10562_7,Negative
10563_9,Positive
10564_7,Positive
10565_10,Positive
10566_9,Positive
10567_8,Positive
10568_10,Positive
10569_7,Positive
1056_8,Positive
10570_10,Positive
10571_10,Positive
10572_10,Positive
10573_10,Positive
10574_10,Positive
10575_10,Positive
10576_9,Positive
10577_9,Positive
10578_10,Positive
10579_10,Positive
1057_8,Positive
10580_10,Positive
10581_10,Negative
10582_10,Positive
10583_10,Positive
10584_8,Positive
10585_8,Negative
10586_9,Positive
10587_10,Negative
10588_10,Positive
10589_10,Positive
1058_10,Positive
10590_9,Negative
10591_10,Positive
10592_8,Negative
10593_8,Positive
10594_10,Positive
10595_10,Positive
10596_10,Positive
10597_10,Positive
10598_10,Positive
10599_8,Negative
1059_10,Positive
105_8,Positive
10600_10,Positive
10601_10,Positive
10602_8,Negative
10603_8,Positive
10604_8,Positive
10605_10,Positive
10606_10,Positive
10607_7,Positive
10608_10,Positive
10609_9,Positive
1060_8,Positive
10610_7,Positive
10611_7,Positive
10612_9,Negative
10613_8,Positive
10614_9,Positive
10615_8,Positive
10616_10,Positive
10617_8,Positive
10618_10,Positive
10619_9,Negative
1061_8,Positive
10620_9,Positive
10621_10,Positive
10622_10,Positive
10623_8,Positive
10624_10,Positive
10625_8,Positive
10626_8,Positive
10627_9,Positive
10628_9,Positive
10629_10,Negative
1062_8,Positive
10630_7,Positive
10631_9,Positive
10632_9,Positive
10633_8,Positive
10634_8,Positive
10635_10,Positive
10636_8,Positive
10637_9,Positive
10638_9,Positive
10639_10,Negative
1063_10,Positive
10640_7,Positive
10641_8,Positive
10642_10,Positive
10643_9,Positive
10644_8,Positive
10645_10,Negative
10646_10,Negative
10647_10,Positive
10648_9,Positive
10649_10,Positive
1064_8,Positive
10650_9,Positive
10651_9,Positive
10652_9,Positive
10653_10,Positive
10654_8,Positive
10655_10,Positive
10656_8,Negative
10657_10,Positive
10658_9,Positive
10659_10,Positive
1065_9,Positive
10660_10,Positive
10661_9,Positive
10662_10,Positive
10663_10,Positive
10664_9,Positive
10665_10,Positive
10666_10,Positive
10667_10,Positive
10668_7,Positive
10669_7,Positive
1066_8,Positive
10670_9,Positive
10671_9,Positive
10672_7,Positive
10673_9,Positive
10674_7,Positive
10675_8,Negative
10676_8,Negative
10677_10,Negative
10678_7,Positive
10679_8,Positive
1067_9,Negative
10680_7,Positive
10681_8,Positive
10682_10,Positive
10683_8,Positive
10684_7,Positive
10685_7,Negative
10686_7,Positive
10687_7,Positive
10688_10,Positive
10689_10,Positive
1068_10,Positive
10690_7,Positive
10691_10,Positive
10692_10,Negative
10693_10,Positive
10694_10,Positive
10695_10,Negative
10696_10,Negative
10697_10,Positive
10698_8,Positive
10699_8,Positive
1069_10,Positive
106_9,Positive
10700_10,Positive
10701_10,Negative
10702_10,Positive
10703_9,Negative
10704_10,Positive
10705_10,Positive
10706_10,Positive
10707_9,Positive
10708_9,Negative
10709_8,Positive
1070_10,Positive
10710_10,Positive
10711_10,Positive
10712_8,Positive
10713_10,Positive
10714_9,Positive
10715_9,Positive
10716_8,Positive
10717_9,Positive
10718_10,Positive
10719_7,Negative
1071_9,Positive
10720_8,Positive
10721_7,Positive
10722_7,Positive
10723_9,Positive
10724_10,Positive
10725_7,Negative
10726_7,Positive
10727_9,Positive
10728_8,Positive
10729_9,Positive
1072_8,Positive
10730_10,Positive
10731_9,Positive
10732_10,Negative
10733_10,Positive
10734_8,Positive
10735_10,Positive
10736_9,Positive
10737_9,Positive
10738_8,Positive
10739_9,Positive
1073_8,Positive
10740_10,Positive
10741_9,Positive
10742_10,Positive
10743_7,Positive
10744_8,Positive
10745_8,Positive
10746_8,Positive
10747_7,Positive
10748_8,Positive
10749_8,Positive
1074_7,Positive
10750_7,Positive
10751_10,Positive
10752_7,Negative
10753_8,Positive
10754_8,Positive
10755_9,Positive
10756_7,Positive
10757_10,Negative
10758_10,Positive
10759_9,Negative
1075_9,Positive
10760_8,Positive
10761_8,Positive
10762_9,Positive
10763_9,Positive
10764_10,Positive
10765_10,Positive
10766_8,Positive
10767_10,Positive
10768_8,Positive
10769_7,Positive
1076_8,Positive
10770_7,Positive
10771_8,Positive
10772_10,Positive
10773_7,Positive
10774_10,Positive
10775_10,Positive
10776_10,Positive
10777_9,Positive
10778_10,Positive
10779_9,Positive
1077_10,Positive
10780_7,Positive
10781_10,Positive
10782_8,Negative
10783_7,Positive
10784_9,Positive
10785_10,Negative
10786_7,Positive
10787_10,Positive
10788_10,Positive
10789_8,Positive
1078_9,Positive
10790_10,Positive
10791_9,Positive
10792_8,Positive
10793_7,Positive
10794_10,Positive
10795_10,Negative
10796_8,Positive
10797_10,Positive
10798_10,Positive
10799_10,Positive
1079_8,Positive
107_10,Positive
10800_8,Positive
10801_10,Positive
10802_8,Positive
10803_9,Positive
10804_8,Positive
10805_7,Positive
10806_8,Positive
10807_7,Positive
10808_8,Negative
10809_10,Positive
1080_8,Positive
10810_8,Negative
10811_9,Positive
10812_9,Positive
10813_7,Negative
10814_9,Positive
10815_8,Positive
10816_10,Positive
10817_8,Positive
10818_10,Positive
10819_9,Positive
1081_10,Positive
10820_8,Positive
10821_8,Positive
10822_8,Positive
10823_9,Positive
10824_7,Negative
10825_7,Positive
10826_10,Positive
10827_9,Positive
10828_9,Positive
10829_9,Positive
1082_9,Positive
10830_9,Positive
10831_7,Positive
10832_9,Positive
10833_9,Positive
10834_10,Positive
10835_9,Positive
10836_9,Positive
10837_10,Positive
10838_8,Positive
10839_9,Positive
1083_7,Positive
10840_9,Positive
10841_10,Positive
10842_10,Positive
10843_10,Positive
10844_10,Positive
10845_10,Positive
10846_10,Positive
10847_10,Positive
10848_9,Positive
10849_10,Positive
1084_8,Positive
10850_10,Positive
10851_9,Positive
10852_9,Positive
10853_8,Positive
10854_10,Positive
10855_10,Positive
10856_10,Positive
10857_9,Positive
10858_10,Positive
10859_9,Positive
1085_9,Negative
10860_10,Positive
10861_10,Positive
10862_9,Positive
10863_10,Positive
10864_7,Positive
10865_8,Positive
10866_9,Positive
10867_9,Positive
10868_9,Positive
10869_7,Positive
1086_10,Negative
10870_8,Positive
10871_7,Positive
10872_9,Positive
10873_8,Negative
10874_7,Negative
10875_7,Positive
10876_7,Positive
10877_10,Positive
10878_10,Positive
10879_10,Positive
1087_10,Positive
10880_10,Positive
10881_10,Positive
10882_9,Positive
10883_10,Positive
10884_9,Positive
10885_10,Positive
10886_7,Positive
10887_10,Positive
10888_10,Positive
10889_9,Positive
1088_8,Positive
10890_10,Positive
10891_10,Positive
10892_8,Positive
10893_8,Positive
10894_10,Positive
10895_10,Positive
10896_10,Negative
10897_10,Positive
10898_7,Negative
10899_8,Positive
1089_10,Positive
108_10,Positive
10900_7,Positive
10901_10,Positive
10902_8,Positive
10903_8,Positive
10904_9,Positive
10905_8,Positive
10906_10,Positive
10907_8,Positive
10908_8,Negative
10909_7,Positive
1090_8,Positive
10910_8,Positive
10911_8,Positive
10912_8,Positive
10913_7,Negative
10914_7,Negative
10915_8,Positive
10916_7,Positive
10917_8,Positive
10918_8,Positive
10919_7,Positive
1091_7,Positive
10920_8,Positive
10921_10,Positive
10922_8,Positive
10923_7,Positive
10924_10,Positive
10925_8,Positive
10926_10,Positive
10927_9,Positive
10928_10,Positive
10929_7,Positive
1092_9,Positive
10930_7,Negative
10931_10,Positive
10932_8,Positive
10933_8,Positive
10934_8,Positive
10935_8,Positive
10936_7,Negative
10937_8,Positive
10938_7,Negative
10939_8,Positive
1093_8,Positive
10940_10,Positive
10941_10,Positive
10942_7,Negative
10943_9,Positive
10944_7,Positive
10945_8,Positive
10946_7,Positive
10947_8,Positive
10948_8,Positive
10949_9,Positive
1094_7,Negative
10950_8,Positive
10951_7,Positive
10952_10,Positive
10953_9,Positive
10954_7,Positive
10955_10,Negative
10956_8,Positive
10957_10,Positive
10958_8,Positive
10959_8,Positive
1095_8,Positive
10960_9,Positive
10961_9,Positive
10962_7,Positive
10963_8,Negative
10964_7,Positive
10965_8,Positive
10966_8,Positive
10967_10,Positive
10968_8,Positive
10969_8,Positive
1096_7,Positive
10970_7,Positive
10971_7,Positive
10972_10,Positive
10973_7,Positive
10974_8,Positive
10975_10,Positive
10976_8,Positive
10977_9,Negative
10978_10,Positive
10979_8,Positive
1097_9,Positive
10980_10,Positive
10981_9,Positive
10982_10,Positive
10983_10,Positive
10984_10,Positive
10985_9,Positive
10986_10,Negative
10987_10,Positive
10988_10,Positive
10989_8,Positive
1098_9,Positive
10990_8,Positive
10991_10,Positive
10992_10,Positive
10993_10,Positive
10994_10,Positive
10995_10,Positive
10996_9,Positive
10997_10,Positive
10998_10,Positive
10999_8,Positive
1099_7,Positive
109_8,Negative
10_7,Positive
11000_7,Positive
11001_7,Positive
11002_8,Positive
11003_8,Positive
11004_9,Positive
11005_7,Positive
11006_8,Negative
11007_8,Positive
11008_10,Positive
11009_10,Negative
1100_9,Positive
11010_9,Positive
11011_10,Positive
11012_10,Positive
11013_10,Positive
11014_10,Positive
11015_10,Positive
11016_8,Positive
11017_8,Positive
11018_9,Positive
11019_10,Positive
1101_8,Negative
11020_10,Positive
11021_10,Positive
11022_8,Negative
11023_8,Positive
11024_9,Positive
11025_10,Positive
11026_9,Positive
11027_10,Positive
11028_10,Positive
11029_8,Positive
1102_9,Positive
11030_10,Positive
11031_10,Positive
11032_7,Positive
11033_10,Positive
11034_8,Positive
11035_10,Positive
11036_7,Negative
11037_8,Positive
11038_10,Positive
11039_8,Positive
1103_10,Positive
11040_8,Positive
11041_10,Positive
11042_8,Positive
11043_10,Positive
11044_7,Positive
11045_8,Negative
11046_9,Positive
11047_7,Positive
11048_8,Positive
11049_9,Positive
1104_9,Positive
11050_8,Positive
11051_8,Positive
11052_8,Positive
11053_10,Positive
11054_8,Positive
11055_9,Positive
11056_7,Positive
11057_8,Positive
11058_8,Positive
11059_8,Positive
1105_10,Positive
11060_7,Negative
11061_10,Positive
11062_10,Positive
11063_10,Positive
11064_8,Positive
11065_10,Positive
11066_7,Positive
11067_10,Positive
11068_10,Positive
11069_7,Negative
1106_9,Positive
11070_8,Positive
11071_10,Negative
11072_8,Positive
11073_7,Negative
11074_8,Positive
11075_8,Positive
11076_10,Positive
11077_10,Positive
11078_8,Positive
11079_8,Positive
1107_9,Positive
11080_10,Negative
11081_10,Positive
11082_8,Positive
11083_7,Positive
11084_7,Positive
11085_7,Positive
11086_8,Positive
11087_9,Positive
11088_7,Positive
11089_7,Positive
1108_8,Negative
11090_8,Positive
11091_8,Positive
11092_9,Positive
11093_10,Positive
11094_7,Positive
11095_8,Positive
11096_10,Negative
11097_9,Positive
11098_8,Negative
11099_10,Positive
1109_10,Positive
110_10,Positive
11100_9,Positive
11101_8,Positive
11102_9,Positive
11103_10,Positive
11104_7,Positive
11105_9,Positive
11106_7,Positive
11107_7,Positive
11108_10,Positive
11109_7,Positive
1110_7,Positive
11110_10,Positive
11111_10,Positive
11112_9,Positive
11113_10,Positive
11114_8,Negative
11115_7,Positive
11116_10,Positive
11117_7,Positive
11118_10,Positive
11119_8,Negative
1111_7,Positive
11120_7,Negative
11121_9,Positive
11122_8,Positive
11123_8,Positive
11124_8,Positive
11125_7,Positive
11126_7,Positive
11127_7,Positive
11128_7,Positive
11129_9,Positive
1112_8,Positive
11130_8,Positive
11131_10,Positive
11132_7,Positive
11133_10,Positive
11134_10,Positive
11135_7,Positive
11136_10,Positive
11137_10,Positive
11138_7,Positive
11139_10,Positive
1113_8,Positive
11140_10,Positive
11141_10,Positive
11142_10,Negative
11143_9,Positive
11144_7,Positive
11145_8,Positive
11146_7,Negative
11147_10,Positive
11148_9,Positive
11149_8,Positive
1114_10,Positive
11150_8,Positive
11151_9,Positive
11152_10,Positive
11153_10,Positive
11154_7,Positive
11155_10,Positive
11156_10,Positive
11157_9,Positive
11158_7,Negative
11159_10,Positive
1115_9,Negative
11160_7,Negative
11161_9,Positive
11162_7,Positive
11163_8,Positive
11164_10,Positive
11165_10,Positive
11166_10,Positive
11167_10,Positive
11168_9,Positive
11169_8,Positive
1116_7,Positive
11170_10,Positive
11171_10,Positive
11172_10,Positive
11173_10,Negative
11174_8,Positive
11175_10,Positive
11176_10,Positive
11177_7,Negative
11178_10,Negative
11179_10,Positive
1117_9,Positive
11180_10,Positive
11181_8,Positive
11182_8,Positive
11183_9,Positive
11184_10,Positive
11185_10,Negative
11186_10,Positive
11187_10,Negative
11188_8,Negative
11189_10,Positive
1118_7,Positive
11190_9,Negative
11191_10,Positive
11192_7,Positive
11193_7,Negative
11194_7,Positive
11195_9,Positive
11196_10,Positive
11197_7,Negative
11198_10,Negative
11199_9,Positive
1119_8,Negative
111_10,Positive
11200_10,Positive
11201_10,Positive
11202_10,Positive
11203_10,Positive
11204_10,Negative
11205_9,Positive
11206_9,Negative
11207_10,Positive
11208_10,Negative
11209_10,Negative
1120_9,Positive
11210_8,Positive
11211_10,Positive
11212_10,Positive
11213_10,Positive
11214_10,Positive
11215_8,Negative
11216_9,Positive
11217_9,Positive
11218_8,Positive
11219_8,Positive
1121_7,Positive
11220_10,Negative
11221_10,Positive
11222_10,Positive
11223_8,Positive
11224_7,Negative
11225_10,Positive
11226_9,Positive
11227_10,Positive
11228_10,Positive
11229_9,Positive
1122_8,Negative
11230_8,Positive
11231_10,Positive
11232_8,Positive
11233_10,Positive
11234_10,Negative
11235_10,Negative
11236_10,Positive
11237_10,Negative
11238_10,Positive
11239_10,Positive
1123_10,Positive
11240_10,Positive
11241_10,Positive
11242_8,Positive
11243_8,Positive
11244_8,Positive
11245_10,Positive
11246_10,Positive
11247_10,Positive
11248_10,Positive
11249_10,Positive
1124_8,Positive
11250_10,Positive
11251_7,Positive
11252_7,Negative
11253_10,Positive
11254_10,Positive
11255_9,Negative
11256_9,Positive
11257_10,Positive
11258_8,Positive
11259_10,Positive
1125_10,Positive
11260_10,Positive
11261_10,Negative
11262_8,Positive
11263_10,Positive
11264_10,Positive
11265_10,Positive
11266_10,Positive
11267_10,Positive
11268_8,Positive
11269_7,Negative
1126_10,Positive
11270_10,Negative
11271_9,Positive
11272_8,Positive
11273_10,Negative
11274_8,Positive
11275_8,Positive
11276_7,Positive
11277_9,Positive
11278_10,Positive
11279_10,Positive
1127_10,Positive
11280_10,Negative
11281_9,Positive
11282_10,Positive
11283_8,Positive
11284_10,Positive
11285_8,Negative
11286_8,Positive
11287_9,Positive
11288_10,Negative
11289_10,Negative
1128_10,Negative
11290_7,Positive
11291_10,Negative
11292_10,Positive
11293_8,Negative
11294_8,Negative
11295_8,Positive
11296_7,Negative
11297_8,Positive
11298_8,Negative
11299_7,Positive
1129_9,Positive
112_10,Positive
11300_8,Positive
11301_10,Positive
11302_9,Positive
11303_8,Positive
11304_9,Positive
11305_7,Positive
11306_10,Positive
11307_8,Negative
11308_10,Positive
11309_10,Positive
1130_8,Positive
11310_10,Positive
11311_10,Positive
11312_9,Positive
11313_10,Positive
11314_8,Negative
11315_7,Negative
11316_10,Positive
11317_7,Negative
11318_8,Positive
11319_7,Positive
1131_10,Positive
11320_8,Positive
11321_8,Negative
11322_8,Positive
11323_7,Positive
11324_10,Positive
11325_9,Positive
11326_9,Positive
11327_8,Positive
11328_9,Positive
11329_9,Positive
1132_8,Positive
11330_8,Positive
11331_8,Negative
11332_8,Positive
11333_9,Positive
11334_7,Positive
11335_9,Positive
11336_9,Positive
11337_8,Positive
11338_9,Positive
11339_9,Positive
1133_8,Positive
11340_8,Positive
11341_10,Positive
11342_10,Positive
11343_8,Positive
11344_9,Positive
11345_8,Positive
11346_8,Negative
11347_9,Positive
11348_8,Positive
11349_10,Negative
1134_8,Negative
11350_9,Positive
11351_10,Positive
11352_9,Positive
11353_10,Negative
11354_10,Positive
11355_10,Positive
11356_10,Positive
11357_7,Positive
11358_9,Positive
11359_8,Positive
1135_8,Positive
11360_10,Positive
11361_10,Positive
11362_10,Positive
11363_10,Positive
11364_10,Positive
11365_10,Positive
11366_10,Positive
11367_10,Positive
11368_10,Positive
11369_10,Positive
1136_8,Negative
11370_10,Positive
11371_10,Positive
11372_9,Positive
11373_10,Negative
11374_10,Positive
11375_10,Positive
11376_10,Positive
11377_10,Positive
11378_7,Negative
11379_10,Positive
1137_10,Positive
11380_10,Positive
11381_10,Positive
11382_10,Positive
11383_10,Positive
11384_7,Positive
11385_10,Positive
11386_10,Positive
11387_10,Positive
11388_10,Positive
11389_10,Positive
1138_8,Positive
11390_10,Positive
11391_10,Positive
11392_10,Positive
11393_10,Positive
11394_10,Negative
11395_10,Positive
11396_10,Negative
11397_10,Positive
11398_9,Positive
11399_10,Positive
1139_10,Negative
113_8,Negative
11400_8,Positive
11401_10,Positive
11402_9,Positive
11403_9,Positive
11404_8,Negative
11405_8,Positive
11406_8,Negative
11407_7,Positive
11408_7,Positive
11409_9,Negative
1140_9,Positive
11410_7,Negative
11411_8,Negative
11412_7,Positive
11413_10,Positive
11414_7,Positive
11415_7,Positive
11416_7,Positive
11417_7,Negative
11418_7,Positive
11419_8,Positive
1141_10,Positive
11420_7,Negative
11421_10,Positive
11422_7,Positive
11423_8,Negative
11424_8,Positive
11425_10,Positive
11426_7,Positive
11427_7,Positive
11428_7,Negative
11429_7,Positive
1142_7,Positive
11430_7,Positive
11431_7,Positive
11432_7,Positive
11433_7,Positive
11434_9,Positive
11435_9,Positive
11436_9,Positive
11437_9,Positive
11438_9,Positive
11439_8,Positive
1143_8,Positive
11440_8,Positive
11441_10,Positive
11442_10,Positive
11443_8,Positive
11444_8,Negative
11445_8,Positive
11446_7,Positive
11447_8,Positive
11448_8,Positive
11449_8,Negative
1144_10,Positive
11450_10,Positive
11451_7,Positive
11452_7,Negative
11453_7,Negative
11454_7,Negative
11455_10,Positive
11456_10,Positive
11457_10,Positive
11458_10,Positive
11459_10,Positive
1145_9,Positive
11460_10,Positive
11461_9,Negative
11462_10,Positive
11463_9,Negative
11464_8,Positive
11465_10,Negative
11466_8,Negative
11467_7,Positive
11468_8,Positive
11469_8,Positive
1146_10,Positive
11470_10,Positive
11471_7,Negative
11472_7,Negative
11473_10,Positive
11474_10,Positive
11475_7,Negative
11476_10,Negative
11477_10,Positive
11478_10,Positive
11479_8,Positive
1147_10,Positive
11480_10,Positive
11481_10,Negative
11482_7,Negative
11483_10,Positive
11484_10,Positive
11485_9,Positive
11486_8,Positive
11487_8,Positive
11488_7,Positive
11489_10,Positive
1148_8,Positive
11490_10,Positive
11491_10,Positive
11492_10,Positive
11493_7,Positive
11494_8,Positive
11495_8,Positive
11496_8,Positive
11497_7,Positive
11498_9,Positive
11499_8,Positive
1149_8,Positive
114_10,Positive
11500_8,Positive
11501_8,Positive
11502_10,Positive
11503_8,Negative
11504_10,Positive
11505_10,Positive
11506_10,Positive
11507_10,Positive
11508_9,Positive
11509_10,Positive
1150_9,Positive
11510_9,Positive
11511_10,Positive
11512_8,Positive
11513_10,Positive
11514_8,Positive
11515_7,Positive
11516_7,Negative
11517_8,Positive
11518_10,Positive
11519_7,Negative
1151_9,Negative
11520_7,Positive
11521_10,Positive
11522_8,Positive
11523_7,Positive
11524_10,Positive
11525_7,Positive
11526_8,Positive
11527_10,Positive
11528_9,Positive
11529_8,Positive
1152_8,Positive
11530_8,Positive
11531_8,Positive
11532_8,Positive
11533_9,Positive
11534_7,Negative
11535_10,Positive
11536_7,Positive
11537_7,Negative
11538_8,Positive
11539_10,Positive
1153_8,Positive
11540_10,Negative
11541_9,Positive
11542_10,Positive
11543_10,Positive
11544_10,Positive
11545_10,Positive
11546_10,Positive
11547_9,Positive
11548_10,Positive
11549_10,Positive
1154_10,Negative
11550_10,Positive
11551_7,Positive
11552_10,Positive
11553_7,Positive
11554_10,Positive
11555_7,Positive
11556_9,Positive
11557_7,Positive
11558_9,Positive
11559_9,Negative
1155_7,Positive
11560_8,Positive
11561_8,Positive
11562_8,Positive
11563_8,Positive
11564_7,Positive
11565_7,Positive
11566_8,Positive
11567_9,Positive
11568_10,Positive
11569_7,Positive
1156_9,Positive
11570_10,Positive
11571_9,Positive
11572_8,Positive
11573_10,Positive
11574_10,Positive
11575_10,Positive
11576_10,Positive
11577_10,Negative
11578_10,Positive
11579_10,Positive
1157_9,Negative
11580_7,Negative
11581_7,Positive
11582_7,Positive
11583_10,Positive
11584_10,Positive
11585_7,Positive
11586_9,Positive
11587_8,Negative
11588_7,Positive
11589_9,Positive
1158_7,Positive
11590_10,Positive
11591_10,Positive
11592_10,Positive
11593_10,Positive
11594_9,Positive
11595_9,Positive
11596_10,Negative
11597_9,Positive
11598_10,Negative
11599_7,Positive
1159_8,Negative
115_9,Negative
11600_10,Positive
11601_9,Negative
11602_8,Positive
11603_10,Positive
11604_8,Positive
11605_7,Negative
11606_8,Positive
11607_7,Positive
11608_9,Negative
11609_10,Positive
1160_10,Positive
11610_10,Positive
11611_7,Positive
11612_10,Positive
11613_7,Positive
11614_9,Positive
11615_8,Positive
11616_7,Positive
11617_8,Positive
11618_10,Positive
11619_9,Positive
1161_10,Positive
11620_8,Positive
11621_8,Negative
11622_10,Positive
11623_10,Positive
11624_10,Positive
11625_10,Positive
11626_9,Positive
11627_8,Negative
11628_10,Positive
11629_10,Positive
1162_10,Positive
11630_7,Positive
11631_7,Negative
11632_10,Negative
11633_8,Negative
11634_10,Negative
11635_7,Negative
11636_9,Negative
11637_8,Negative
11638_10,Positive
11639_7,Positive
1163_10,Positive
11640_10,Positive
11641_9,Positive
11642_8,Positive
11643_7,Negative
11644_10,Positive
11645_7,Positive
11646_8,Negative
11647_10,Positive
11648_10,Positive
11649_9,Positive
1164_9,Positive
11650_8,Positive
11651_9,Positive
11652_9,Positive
11653_8,Positive
11654_9,Positive
11655_10,Positive
11656_8,Negative
11657_10,Negative
11658_8,Positive
11659_10,Positive
1165_7,Positive
11660_10,Positive
11661_10,Negative
11662_10,Positive
11663_10,Positive
11664_9,Positive
11665_9,Positive
11666_10,Positive
11667_8,Negative
11668_9,Positive
11669_10,Negative
1166_10,Negative
11670_7,Negative
11671_10,Positive
11672_8,Positive
11673_10,Positive
11674_10,Positive
11675_10,Negative
11676_10,Negative
11677_10,Positive
11678_10,Positive
11679_10,Positive
1167_10,Positive
11680_9,Positive
11681_10,Positive
11682_8,Positive
11683_9,Positive
11684_10,Positive
11685_10,Negative
11686_10,Positive
11687_10,Positive
11688_7,Positive
11689_7,Positive
1168_10,Positive
11690_10,Positive
11691_7,Negative
11692_9,Positive
11693_10,Positive
11694_8,Positive
11695_8,Positive
11696_10,Positive
11697_7,Positive
11698_10,Negative
11699_8,Negative
1169_10,Positive
116_10,Negative
11700_9,Positive
11701_8,Negative
11702_8,Positive
11703_7,Positive
11704_10,Positive
11705_8,Positive
11706_8,Positive
11707_10,Positive
11708_7,Positive
11709_9,Positive
1170_10,Positive
11710_7,Positive
11711_9,Positive
11712_7,Negative
11713_9,Positive
11714_7,Positive
11715_7,Positive
11716_10,Positive
11717_10,Positive
11718_7,Positive
11719_9,Positive
1171_8,Positive
11720_7,Positive
11721_9,Negative
11722_9,Positive
11723_10,Positive
11724_7,Positive
11725_10,Positive
11726_10,Positive
11727_8,Positive
11728_7,Positive
11729_10,Positive
1172_7,Positive
11730_8,Positive
11731_7,Positive
11732_7,Positive
11733_10,Positive
11734_10,Positive
11735_8,Positive
11736_9,Positive
11737_10,Positive
11738_9,Positive
11739_8,Positive
1173_7,Positive
11740_7,Positive
11741_10,Positive
11742_9,Positive
11743_9,Positive
11744_7,Positive
11745_9,Positive
11746_8,Positive
11747_10,Positive
11748_8,Positive
11749_7,Positive
1174_7,Positive
11750_10,Positive
11751_9,Positive
11752_10,Positive
11753_8,Positive
11754_10,Positive
11755_7,Positive
11756_9,Positive
11757_9,Positive
11758_7,Positive
11759_10,Positive
1175_8,Positive
11760_7,Negative
11761_7,Negative
11762_8,Positive
11763_8,Positive
11764_7,Negative
11765_8,Positive
11766_7,Positive
11767_8,Positive
11768_8,Positive
11769_10,Positive
1176_9,Positive
11770_10,Positive
11771_7,Positive
11772_7,Negative
11773_10,Negative
11774_10,Positive
11775_10,Positive
11776_10,Negative
11777_9,Positive
11778_10,Positive
11779_10,Negative
1177_8,Positive
11780_8,Negative
11781_10,Negative
11782_8,Negative
11783_10,Positive
11784_10,Positive
11785_10,Positive
11786_10,Positive
11787_10,Positive
11788_10,Positive
11789_9,Positive
1178_10,Positive
11790_10,Positive
11791_10,Positive
11792_10,Positive
11793_7,Positive
11794_8,Positive
11795_8,Negative
11796_10,Negative
11797_9,Positive
11798_10,Positive
11799_10,Positive
1179_7,Negative
117_10,Positive
11800_10,Positive
11801_10,Positive
11802_10,Positive
11803_8,Positive
11804_10,Positive
11805_7,Negative
11806_10,Positive
11807_8,Positive
11808_8,Positive
11809_10,Positive
1180_7,Positive
11810_10,Positive
11811_10,Positive
11812_8,Positive
11813_10,Positive
11814_10,Positive
11815_10,Positive
11816_9,Positive
11817_10,Positive
11818_8,Positive
11819_10,Positive
1181_10,Positive
11820_10,Positive
11821_10,Positive
11822_10,Positive
11823_8,Positive
11824_10,Positive
11825_10,Positive
11826_10,Positive
11827_10,Positive
11828_7,Negative
11829_8,Positive
1182_7,Positive
11830_10,Positive
11831_8,Positive
11832_10,Positive
11833_10,Positive
11834_8,Positive
11835_10,Positive
11836_7,Negative
11837_9,Negative
11838_10,Positive
11839_10,Positive
1183_10,Positive
11840_10,Negative
11841_9,Positive
11842_10,Positive
11843_9,Positive
11844_9,Positive
11845_7,Positive
11846_9,Positive
11847_8,Positive
11848_10,Positive
11849_9,Positive
1184_10,Negative
11850_7,Negative
11851_8,Negative
11852_7,Positive
11853_9,Positive
11854_7,Positive
11855_10,Positive
11856_7,Positive
11857_10,Positive
11858_7,Positive
11859_8,Positive
1185_10,Positive
11860_10,Positive
11861_9,Positive
11862_7,Negative
11863_8,Positive
11864_7,Positive
11865_7,Positive
11866_10,Positive
11867_8,Positive
11868_8,Positive
11869_10,Positive
1186_10,Positive
11870_8,Positive
11871_8,Positive
11872_7,Positive
11873_8,Positive
11874_8,Positive
11875_8,Positive
11876_10,Positive
11877_10,Positive
11878_9,Positive
11879_10,Positive
1187_7,Negative
11880_10,Positive
11881_10,Negative
11882_10,Negative
11883_10,Negative
11884_10,Positive
11885_9,Positive
11886_9,Positive
11887_8,Positive
11888_10,Positive
11889_10,Positive
1188_10,Positive
11890_10,Positive
11891_10,Positive
11892_10,Positive
11893_10,Positive
11894_8,Negative
11895_10,Positive
11896_10,Positive
11897_10,Positive
11898_9,Positive
11899_10,Positive
1189_10,Positive
118_10,Positive
11900_10,Positive
11901_10,Positive
11902_10,Positive
11903_10,Positive
11904_8,Positive
11905_10,Positive
11906_8,Positive
11907_9,Positive
11908_9,Positive
11909_10,Positive
1190_10,Positive
11910_10,Negative
11911_8,Negative
11912_7,Positive
11913_7,Negative
11914_7,Negative
11915_9,Positive
11916_10,Positive
11917_10,Positive
11918_10,Positive
11919_10,Positive
1191_7,Positive
11920_9,Positive
11921_7,Positive
11922_9,Positive
11923_8,Positive
11924_10,Positive
11925_10,Negative
11926_8,Negative
11927_8,Positive
11928_8,Positive
11929_10,Negative
1192_10,Positive
11930_8,Negative
11931_8,Positive
11932_10,Positive
11933_10,Positive
11934_8,Positive
11935_9,Positive
11936_8,Negative
11937_9,Positive
11938_9,Positive
11939_7,Negative
1193_10,Positive
11940_10,Positive
11941_7,Positive
11942_8,Positive
11943_7,Positive
11944_8,Negative
11945_7,Negative
11946_7,Positive
11947_10,Positive
11948_10,Positive
11949_9,Positive
1194_10,Positive
11950_7,Negative
11951_10,Positive
11952_7,Positive
11953_10,Positive
11954_9,Positive
11955_9,Positive
11956_8,Negative
11957_10,Positive
11958_8,Positive
11959_10,Positive
1195_10,Positive
11960_7,Positive
11961_8,Positive
11962_8,Positive
11963_9,Positive
11964_9,Positive
11965_8,Positive
11966_8,Positive
11967_9,Negative
11968_8,Negative
11969_10,Negative
1196_9,Positive
11970_10,Positive
11971_8,Negative
11972_7,Negative
11973_10,Positive
11974_7,Positive
11975_8,Positive
11976_10,Negative
11977_10,Positive
11978_10,Negative
11979_10,Negative
1197_9,Positive
11980_10,Positive
11981_10,Positive
11982_9,Positive
11983_10,Positive
11984_8,Positive
11985_8,Positive
11986_7,Positive
11987_10,Negative
11988_10,Positive
11989_8,Positive
1198_10,Positive
11990_10,Positive
11991_10,Positive
11992_10,Negative
11993_10,Negative
11994_9,Positive
11995_7,Positive
11996_7,Negative
11997_7,Negative
11998_8,Positive
11999_8,Negative
1199_10,Positive
119_9,Negative
11_8,Positive
12000_9,Positive
12001_8,Positive
12002_8,Positive
12003_9,Negative
12004_9,Positive
12005_7,Positive
12006_10,Positive
12007_8,Positive
12008_8,Positive
12009_10,Positive
1200_10,Positive
12010_8,Negative
12011_8,Positive
12012_10,Negative
12013_7,Positive
12014_10,Positive
12015_8,Positive
12016_7,Positive
12017_8,Positive
12018_10,Positive
12019_10,Positive
1201_10,Positive
12020_10,Positive
12021_8,Positive
12022_10,Negative
12023_8,Positive
12024_10,Positive
12025_9,Positive
12026_9,Positive
12027_10,Positive
12028_10,Positive
12029_10,Positive
1202_9,Positive
12030_8,Positive
12031_10,Positive
12032_7,Negative
12033_7,Negative
12034_10,Negative
12035_9,Positive
12036_7,Positive
12037_7,Positive
12038_10,Positive
12039_8,Positive
1203_7,Positive
12040_9,Positive
12041_7,Positive
12042_9,Positive
12043_9,Positive
12044_10,Positive
12045_10,Positive
12046_10,Positive
12047_8,Negative
12048_7,Positive
12049_8,Positive
1204_8,Positive
12050_9,Positive
12051_10,Positive
12052_8,Negative
12053_9,Positive
12054_9,Positive
12055_8,Positive
12056_9,Positive
12057_10,Positive
12058_9,Negative
12059_10,Positive
1205_10,Positive
12060_10,Positive
12061_8,Positive
12062_10,Negative
12063_10,Positive
12064_10,Negative
12065_10,Positive
12066_10,Positive
12067_7,Positive
12068_7,Positive
12069_10,Positive
1206_10,Positive
12070_8,Negative
12071_10,Positive
12072_9,Positive
12073_10,Positive
12074_10,Positive
12075_10,Positive
12076_10,Positive
12077_8,Positive
12078_8,Positive
12079_10,Positive
1207_10,Positive
12080_10,Positive
12081_10,Positive
12082_10,Positive
12083_10,Positive
12084_10,Positive
12085_10,Negative
12086_9,Positive
12087_10,Negative
12088_7,Positive
12089_10,Positive
1208_10,Negative
12090_8,Positive
12091_8,Positive
12092_8,Positive
12093_8,Positive
12094_10,Positive
12095_9,Positive
12096_10,Positive
12097_10,Negative
12098_10,Negative
12099_8,Positive
1209_7,Positive
120_9,Positive
12100_10,Positive
12101_8,Positive
12102_10,Positive
12103_10,Positive
12104_7,Positive
12105_10,Positive
12106_10,Positive
12107_9,Positive
12108_10,Positive
12109_10,Positive
1210_8,Positive
12110_7,Negative
12111_8,Positive
12112_8,Negative
12113_7,Positive
12114_9,Negative
12115_7,Positive
12116_9,Positive
12117_10,Positive
12118_8,Positive
12119_10,Positive
1211_8,Negative
12120_7,Positive
12121_9,Positive
12122_10,Positive
12123_7,Negative
12124_8,Positive
12125_7,Positive
12126_8,Positive
12127_10,Positive
12128_7,Positive
12129_10,Positive
1212_7,Positive
12130_8,Positive
12131_8,Positive
12132_8,Negative
12133_7,Positive
12134_7,Positive
12135_8,Positive
12136_8,Negative
12137_8,Positive
12138_7,Negative
12139_7,Negative
1213_7,Negative
12140_8,Positive
12141_9,Positive
12142_8,Positive
12143_9,Positive
12144_8,Positive
12145_9,Positive
12146_8,Positive
12147_10,Positive
12148_9,Positive
12149_10,Positive
1214_7,Negative
12150_10,Positive
12151_10,Positive
12152_10,Positive
12153_7,Positive
12154_7,Positive
12155_10,Negative
12156_8,Positive
12157_7,Positive
12158_10,Negative
12159_8,Positive
1215_10,Positive
12160_8,Negative
12161_8,Negative
12162_8,Positive
12163_7,Negative
12164_8,Positive
12165_8,Positive
12166_10,Negative
12167_7,Negative
12168_10,Positive
12169_8,Positive
1216_10,Positive
12170_9,Positive
12171_9,Negative
12172_8,Positive
12173_9,Negative
12174_10,Negative
12175_9,Positive
12176_10,Positive
12177_8,Positive
12178_7,Negative
12179_7,Positive
1217_7,Positive
12180_7,Negative
12181_10,Positive
12182_10,Positive
12183_9,Positive
12184_10,Positive
12185_10,Positive
12186_10,Negative
12187_8,Positive
12188_10,Positive
12189_10,Positive
1218_10,Positive
12190_9,Positive
12191_9,Positive
12192_7,Positive
12193_8,Positive
12194_10,Positive
12195_10,Positive
12196_7,Negative
12197_7,Positive
12198_10,Positive
12199_7,Positive
1219_9,Positive
121_8,Positive
12200_10,Positive
12201_10,Positive
12202_10,Positive
12203_10,Positive
12204_10,Positive
12205_10,Positive
12206_10,Positive
12207_9,Positive
12208_9,Positive
12209_9,Positive
1220_10,Positive
12210_10,Negative
12211_10,Positive
12212_10,Positive
12213_10,Positive
12214_10,Positive
12215_10,Positive
12216_10,Negative
12217_9,Positive
12218_8,Positive
12219_7,Positive
1221_10,Positive
12220_8,Negative
12221_10,Positive
12222_7,Negative
12223_7,Positive
12224_9,Negative
12225_10,Positive
12226_7,Negative
12227_7,Positive
12228_9,Positive
12229_9,Positive
1222_8,Positive
12230_7,Positive
12231_7,Positive
12232_8,Positive
12233_10,Positive
12234_7,Positive
12235_8,Positive
12236_10,Positive
12237_10,Positive
12238_10,Negative
12239_7,Positive
1223_8,Positive
12240_10,Negative
12241_8,Positive
12242_8,Positive
12243_10,Positive
12244_8,Positive
12245_10,Positive
12246_9,Positive
12247_9,Positive
12248_9,Positive
12249_7,Positive
1224_8,Positive
12250_10,Positive
12251_8,Positive
12252_8,Positive
12253_10,Positive
12254_7,Positive
12255_9,Positive
12256_9,Positive
12257_7,Positive
12258_10,Positive
12259_8,Positive
1225_7,Positive
12260_7,Negative
12261_7,Positive
12262_7,Positive
12263_10,Positive
12264_7,Positive
12265_9,Positive
12266_7,Positive
12267_8,Positive
12268_9,Positive
12269_9,Positive
1226_7,Positive
12270_9,Positive
12271_10,Positive
12272_8,Positive
12273_9,Positive
12274_9,Positive
12275_7,Negative
12276_9,Positive
12277_7,Positive
12278_7,Positive
12279_9,Positive
1227_7,Negative
12280_7,Positive
12281_8,Positive
12282_10,Positive
12283_8,Positive
12284_10,Negative
12285_10,Positive
12286_10,Positive
12287_9,Positive
12288_7,Positive
12289_10,Positive
1228_7,Negative
12290_10,Positive
12291_7,Positive
12292_10,Positive
12293_7,Positive
12294_10,Positive
12295_7,Positive
12296_9,Positive
12297_7,Positive
12298_9,Positive
12299_9,Positive
1229_7,Positive
122_8,Negative
12300_10,Positive
12301_10,Positive
12302_9,Positive
12303_10,Positive
12304_10,Positive
12305_9,Positive
12306_10,Positive
12307_9,Positive
12308_10,Positive
12309_10,Positive
1230_10,Positive
12310_10,Positive
12311_10,Positive
12312_10,Positive
12313_10,Positive
12314_10,Positive
12315_10,Positive
12316_9,Positive
12317_10,Positive
12318_10,Positive
12319_10,Negative
1231_7,Positive
12320_10,Positive
12321_9,Positive
12322_8,Negative
12323_9,Positive
12324_10,Positive
12325_10,Positive
12326_10,Positive
12327_10,Positive
12328_7,Negative
12329_8,Negative
1232_8,Positive
12330_8,Positive
12331_9,Negative
12332_7,Positive
12333_7,Negative
12334_8,Positive
12335_7,Positive
12336_7,Negative
12337_9,Positive
12338_8,Negative
12339_7,Positive
1233_10,Positive
12340_8,Positive
12341_7,Positive
12342_7,Negative
12343_7,Positive
12344_10,Positive
12345_10,Negative
12346_8,Negative
12347_10,Positive
12348_10,Positive
12349_9,Positive
1234_10,Positive
12350_10,Positive
12351_8,Negative
12352_8,Positive
12353_7,Negative
12354_8,Positive
12355_8,Positive
12356_10,Negative
12357_7,Negative
12358_7,Positive
12359_7,Negative
1235_8,Positive
12360_7,Positive
12361_9,Positive
12362_10,Positive
12363_7,Positive
12364_7,Positive
12365_10,Positive
12366_9,Positive
12367_9,Positive
12368_9,Positive
12369_10,Positive
1236_7,Positive
12370_10,Positive
12371_10,Positive
12372_9,Positive
12373_10,Positive
12374_10,Positive
12375_10,Positive
12376_10,Negative
12377_10,Positive
12378_7,Positive
12379_7,Negative
1237_7,Positive
12380_7,Negative
12381_10,Positive
12382_9,Positive
12383_10,Positive
12384_10,Negative
12385_10,Positive
12386_10,Negative
12387_8,Negative
12388_7,Positive
12389_8,Negative
1238_8,Negative
12390_7,Negative
12391_8,Positive
12392_10,Negative
12393_7,Positive
12394_7,Positive
12395_10,Positive
12396_9,Positive
12397_10,Negative
12398_10,Positive
12399_10,Positive
1239_10,Negative
123_10,Positive
12400_8,Positive
12401_10,Positive
12402_10,Positive
12403_10,Positive
12404_10,Positive
12405_10,Positive
12406_10,Positive
12407_10,Positive
12408_10,Positive
12409_10,Positive
1240_9,Positive
12410_10,Positive
12411_8,Positive
12412_7,Positive
12413_9,Positive
12414_8,Positive
12415_8,Positive
12416_7,Positive
12417_9,Negative
12418_7,Positive
12419_8,Negative
1241_7,Negative
12420_10,Negative
12421_8,Positive
12422_7,Positive
12423_9,Positive
12424_7,Positive
12425_10,Positive
12426_7,Positive
12427_8,Positive
12428_7,Positive
12429_10,Positive
1242_7,Positive
12430_8,Positive
12431_8,Positive
12432_7,Positive
12433_8,Positive
12434_8,Positive
12435_8,Positive
12436_10,Positive
12437_8,Positive
12438_10,Positive
12439_8,Positive
1243_7,Positive
12440_7,Positive
12441_9,Positive
12442_10,Positive
12443_10,Positive
12444_10,Negative
12445_10,Positive
12446_9,Positive
12447_7,Positive
12448_10,Positive
12449_8,Positive
1244_9,Positive
12450_7,Positive
12451_10,Positive
12452_8,Positive
12453_10,Positive
12454_10,Positive
12455_10,Positive
12456_8,Positive
12457_8,Positive
12458_10,Positive
12459_10,Positive
1245_8,Positive
12460_8,Positive
12461_8,Positive
12462_9,Positive
12463_10,Negative
12464_8,Positive
12465_10,Positive
12466_10,Positive
12467_10,Positive
12468_10,Positive
12469_7,Positive
1246_9,Positive
12470_7,Negative
12471_8,Positive
12472_10,Positive
12473_8,Positive
12474_8,Positive
12475_8,Negative
12476_8,Positive
12477_7,Negative
12478_9,Positive
12479_9,Positive
1247_9,Positive
12480_8,Positive
12481_10,Positive
12482_9,Positive
12483_7,Positive
12484_9,Positive
12485_8,Positive
12486_9,Positive
12487_7,Positive
12488_8,Positive
12489_10,Positive
1248_8,Positive
12490_10,Positive
12491_9,Positive
12492_10,Positive
12493_7,Positive
12494_8,Positive
12495_10,Positive
12496_10,Negative
12497_10,Positive
12498_7,Negative
12499_10,Positive
1249_9,Positive
124_10,Positive
1250_9,Positive
1251_10,Positive
1252_7,Positive
1253_9,Positive
1254_10,Positive
1255_8,Positive
1256_7,Positive
1257_10,Negative
1258_10,Positive
1259_10,Negative
125_7,Positive
1260_10,Positive
1261_7,Negative
1262_8,Positive
1263_9,Positive
1264_9,Positive
1265_10,Positive
1266_8,Positive
1267_8,Positive
1268_8,Positive
1269_10,Positive
126_10,Positive
1270_8,Positive
1271_9,Positive
1272_8,Positive
1273_7,Positive
1274_7,Positive
1275_7,Positive
1276_9,Positive
1277_7,Positive
1278_10,Positive
1279_8,Positive
127_10,Positive
1280_9,Positive
1281_9,Positive
1282_10,Positive
1283_10,Positive
1284_9,Positive
1285_9,Positive
1286_8,Positive
1287_8,Positive
1288_8,Positive
1289_8,Positive
128_10,Positive
1290_10,Positive
1291_7,Positive
1292_8,Positive
1293_10,Positive
1294_7,Positive
1295_8,Positive
1296_8,Positive
1297_7,Negative
1298_8,Positive
1299_9,Positive
129_9,Positive
12_9,Positive
1300_9,Positive
1301_9,Positive
1302_8,Positive
1303_10,Positive
1304_8,Positive
1305_9,Positive
1306_8,Positive
1307_10,Positive
1308_8,Positive
1309_7,Positive
130_9,Positive
1310_8,Positive
1311_9,Negative
1312_10,Positive
1313_9,Positive
1314_8,Positive
1315_10,Positive
1316_10,Positive
1317_10,Positive
1318_8,Positive
1319_10,Positive
131_7,Positive
1320_9,Positive
1321_10,Positive
1322_9,Positive
1323_9,Positive
1324_10,Positive
1325_9,Negative
1326_8,Positive
1327_9,Positive
1328_9,Positive
1329_7,Negative
132_9,Positive
1330_10,Positive
1331_9,Negative
1332_7,Negative
1333_7,Positive
1334_10,Positive
1335_7,Positive
1336_10,Positive
1337_10,Positive
1338_7,Positive
1339_8,Positive
133_8,Positive
1340_10,Positive
1341_10,Positive
1342_10,Positive
1343_10,Positive
1344_10,Positive
1345_9,Positive
1346_7,Positive
1347_8,Positive
1348_8,Positive
1349_9,Positive
134_8,Positive
1350_8,Positive
1351_7,Negative
1352_7,Positive
1353_7,Negative
1354_7,Positive
1355_7,Positive
1356_8,Positive
1357_9,Positive
1358_10,Positive
1359_10,Positive
135_9,Positive
1360_7,Positive
1361_9,Positive
1362_9,Positive
1363_10,Positive
1364_10,Negative
1365_8,Negative
1366_10,Positive
1367_10,Negative
1368_8,Negative
1369_7,Positive
136_9,Positive
1370_10,Negative
1371_8,Negative
1372_10,Positive
1373_10,Negative
1374_9,Positive
1375_10,Positive
1376_8,Negative
1377_10,Positive
1378_10,Positive
1379_10,Negative
137_7,Positive
1380_9,Positive
1381_7,Positive
1382_10,Positive
1383_10,Positive
1384_9,Positive
1385_7,Positive
1386_10,Positive
1387_8,Positive
1388_8,Positive
1389_7,Positive
138_8,Positive
1390_8,Positive
1391_7,Negative
1392_7,Negative
1393_8,Positive
1394_9,Positive
1395_7,Positive
1396_8,Positive
1397_10,Negative
1398_8,Negative
1399_7,Positive
139_9,Positive
13_9,Positive
1400_7,Positive
1401_10,Positive
1402_8,Positive
1403_7,Negative
1404_10,Positive
1405_10,Positive
1406_10,Positive
1407_7,Negative
1408_10,Positive
1409_10,Positive
140_9,Negative
1410_7,Positive
1411_10,Positive
1412_7,Positive
1413_9,Positive
1414_10,Positive
1415_9,Positive
1416_7,Positive
1417_9,Positive
1418_10,Positive
1419_10,Positive
141_8,Negative
1420_8,Positive
1421_10,Positive
1422_10,Positive
1423_10,Positive
1424_10,Positive
1425_8,Negative
1426_7,Positive
1427_10,Positive
1428_10,Positive
1429_7,Positive
142_8,Positive
1430_10,Positive
1431_7,Positive
1432_10,Positive
1433_8,Positive
1434_10,Positive
1435_10,Positive
1436_9,Positive
1437_8,Positive
1438_9,Positive
1439_8,Positive
143_8,Negative
1440_8,Positive
1441_8,Positive
1442_8,Positive
1443_7,Negative
1444_8,Positive
1445_9,Positive
1446_9,Positive
1447_9,Positive
1448_8,Negative
1449_8,Positive
144_9,Positive
1450_10,Positive
1451_7,Positive
1452_9,Positive
1453_10,Positive
1454_8,Positive
1455_10,Positive
1456_8,Positive
1457_10,Negative
1458_8,Positive
1459_7,Positive
145_9,Negative
1460_9,Positive
1461_7,Positive
1462_9,Positive
1463_9,Positive
1464_9,Positive
1465_7,Positive
1466_8,Positive
1467_10,Positive
1468_7,Positive
1469_9,Positive
146_8,Negative
1470_8,Positive
1471_10,Positive
1472_10,Negative
1473_7,Positive
1474_7,Positive
1475_7,Positive
1476_8,Positive
1477_8,Positive
1478_8,Negative
1479_8,Negative
147_10,Positive
1480_7,Negative
1481_10,Positive
1482_10,Positive
1483_8,Positive
1484_10,Positive
1485_10,Positive
1486_9,Positive
1487_9,Positive
1488_10,Positive
1489_10,Positive
148_9,Negative
1490_9,Positive
1491_10,Positive
1492_9,Positive
1493_10,Positive
1494_10,Positive
1495_9,Positive
1496_10,Positive
1497_10,Positive
1498_10,Positive
1499_9,Positive
149_9,Positive
14_8,Positive
1500_9,Negative
1501_9,Positive
1502_10,Positive
1503_8,Positive
1504_9,Positive
1505_7,Negative
1506_7,Positive
1507_8,Positive
1508_7,Negative
1509_8,Positive
150_9,Positive
1510_8,Negative
1511_9,Negative
1512_9,Positive
1513_8,Positive
1514_7,Negative
1515_7,Negative
1516_7,Positive
1517_9,Negative
1518_10,Negative
1519_9,Negative
151_8,Positive
1520_8,Positive
1521_8,Positive
1522_10,Positive
1523_10,Positive
1524_10,Positive
1525_10,Negative
1526_7,Positive
1527_10,Positive
1528_9,Positive
1529_10,Positive
152_10,Positive
1530_10,Positive
1531_9,Negative
1532_10,Positive
1533_10,Positive
1534_10,Positive
1535_7,Negative
1536_10,Positive
1537_10,Positive
1538_7,Positive
1539_10,Positive
153_8,Positive
1540_10,Negative
1541_10,Positive
1542_7,Negative
1543_7,Positive
1544_10,Positive
1545_7,Positive
1546_7,Positive
1547_9,Positive
1548_10,Negative
1549_10,Negative
154_9,Positive
1550_7,Positive
1551_7,Positive
1552_10,Positive
1553_10,Positive
1554_8,Negative
1555_10,Positive
1556_9,Positive
1557_10,Positive
1558_9,Positive
1559_10,Positive
155_8,Positive
1560_10,Positive
1561_10,Positive
1562_8,Positive
1563_8,Positive
1564_8,Positive
1565_7,Positive
1566_8,Positive
1567_7,Negative
1568_9,Positive
1569_8,Positive
156_9,Positive
1570_8,Negative
1571_8,Negative
1572_8,Positive
1573_8,Positive
1574_9,Positive
1575_8,Positive
1576_7,Negative
1577_8,Positive
1578_7,Negative
1579_7,Negative
157_10,Positive
1580_8,Positive
1581_8,Positive
1582_8,Negative
1583_8,Negative
1584_7,Negative
1585_8,Negative
1586_7,Negative
1587_9,Negative
1588_7,Positive
1589_9,Positive
158_9,Positive
1590_10,Positive
1591_10,Positive
1592_10,Positive
1593_10,Negative
1594_8,Positive
1595_10,Negative
1596_8,Positive
1597_7,Positive
1598_10,Negative
1599_7,Negative
159_10,Positive
15_10,Positive
1600_10,Positive
1601_10,Positive
1602_10,Positive
1603_10,Negative
1604_8,Positive
1605_9,Positive
1606_10,Positive
1607_9,Positive
1608_7,Positive
1609_10,Positive
160_10,Positive
1610_8,Positive
1611_10,Positive
1612_8,Positive
1613_10,Negative
1614_10,Positive
1615_9,Positive
1616_8,Positive
1617_7,Negative
1618_10,Negative
1619_10,Negative
161_7,Negative
1620_7,Negative
1621_9,Positive
1622_9,Positive
1623_8,Positive
1624_8,Positive
1625_9,Positive
1626_7,Positive
1627_10,Positive
1628_8,Negative
1629_8,Positive
162_8,Negative
1630_7,Negative
1631_7,Positive
1632_7,Negative
1633_8,Positive
1634_7,Negative
1635_7,Negative
1636_8,Positive
1637_10,Positive
1638_10,Positive
1639_10,Positive
163_7,Negative
1640_8,Positive
1641_10,Positive
1642_10,Positive
1643_10,Positive
1644_9,Positive
1645_10,Positive
1646_7,Negative
1647_10,Positive
1648_9,Negative
1649_10,Positive
164_7,Negative
1650_9,Negative
1651_10,Positive
1652_10,Positive
1653_10,Positive
1654_10,Positive
1655_9,Positive
1656_7,Positive
1657_9,Positive
1658_10,Positive
1659_7,Negative
165_7,Positive
1660_8,Positive
1661_10,Positive
1662_7,Positive
1663_9,Positive
1664_9,Positive
1665_8,Positive
1666_9,Positive
1667_10,Positive
1668_7,Positive
1669_9,Positive
166_7,Positive
1670_8,Positive
1671_7,Positive
1672_10,Positive
1673_8,Positive
1674_9,Positive
1675_9,Positive
1676_10,Positive
1677_10,Positive
1678_9,Positive
1679_10,Positive
167_10,Positive
1680_10,Positive
1681_10,Positive
1682_10,Positive
1683_9,Negative
1684_8,Positive
1685_10,Positive
1686_10,Positive
1687_10,Positive
1688_10,Positive
1689_8,Positive
168_8,Positive
1690_9,Positive
1691_10,Positive
1692_10,Negative
1693_7,Positive
1694_7,Positive
1695_7,Positive
1696_10,Negative
1697_7,Positive
1698_10,Positive
1699_8,Negative
169_7,Positive
16_8,Positive
1700_8,Positive
1701_7,Positive
1702_7,Positive
1703_7,Positive
1704_8,Positive
1705_7,Negative
1706_9,Negative
1707_8,Positive
1708_7,Negative
1709_7,Negative
170_7,Negative
1710_10,Positive
1711_8,Positive
1712_8,Positive
1713_9,Positive
1714_10,Negative
1715_8,Positive
1716_9,Positive
1717_10,Positive
1718_10,Positive
1719_10,Negative
171_7,Positive
1720_10,Positive
1721_10,Positive
1722_10,Positive
1723_10,Positive
1724_10,Positive
1725_9,Positive
1726_10,Positive
1727_10,Positive
1728_10,Positive
1729_10,Positive
172_7,Positive
1730_10,Positive
1731_10,Positive
1732_8,Negative
1733_8,Positive
1734_10,Positive
1735_10,Positive
1736_10,Positive
1737_8,Negative
1738_8,Positive
1739_10,Positive
173_7,Positive
1740_9,Positive
1741_10,Positive
1742_7,Negative
1743_8,Negative
1744_8,Positive
1745_8,Positive
1746_10,Positive
1747_8,Positive
1748_10,Positive
1749_10,Negative
174_7,Positive
1750_10,Positive
1751_10,Positive
1752_10,Positive
1753_7,Positive
1754_8,Positive
1755_10,Positive
1756_10,Positive
1757_10,Positive
1758_8,Positive
1759_10,Positive
175_8,Positive
1760_9,Positive
1761_10,Positive
1762_10,Negative
1763_10,Positive
1764_8,Positive
1765_10,Positive
1766_9,Positive
1767_10,Positive
1768_8,Positive
1769_10,Positive
176_9,Positive
1770_10,Positive
1771_10,Positive
1772_9,Positive
1773_7,Positive
1774_7,Positive
1775_10,Negative
1776_7,Positive
1777_10,Negative
1778_10,Negative
1779_9,Negative
177_8,Positive
1780_10,Negative
1781_10,Positive
1782_8,Positive
1783_10,Positive
1784_8,Positive
1785_8,Positive
1786_8,Positive
1787_7,Positive
1788_10,Positive
1789_7,Negative
178_10,Positive
1790_10,Positive
1791_10,Negative
1792_8,Positive
1793_9,Positive
1794_9,Positive
1795_8,Positive
1796_8,Positive
1797_10,Positive
1798_10,Positive
1799_9,Positive
179_10,Positive
17_8,Positive
1800_9,Negative
1801_10,Positive
1802_7,Positive
1803_10,Positive
1804_8,Positive
1805_7,Positive
1806_9,Positive
1807_7,Positive
1808_9,Positive
1809_7,Positive
180_10,Positive
1810_10,Positive
1811_9,Positive
1812_8,Positive
1813_9,Negative
1814_10,Positive
1815_10,Positive
1816_10,Positive
1817_10,Positive
1818_10,Positive
1819_10,Positive
181_10,Positive
1820_10,Positive
1821_8,Positive
1822_8,Positive
1823_9,Positive
1824_10,Positive
1825_10,Positive
1826_10,Positive
1827_10,Positive
1828_9,Positive
1829_8,Positive
182_10,Negative
1830_9,Positive
1831_9,Positive
1832_7,Positive
1833_9,Positive
1834_9,Positive
1835_8,Positive
1836_7,Positive
1837_9,Positive
1838_10,Positive
1839_8,Positive
183_10,Positive
1840_10,Positive
1841_10,Positive
1842_10,Positive
1843_9,Positive
1844_9,Positive
1845_10,Positive
1846_8,Positive
1847_10,Positive
1848_9,Positive
1849_10,Positive
184_9,Positive
1850_10,Positive
1851_10,Positive
1852_10,Positive
1853_8,Positive
1854_10,Positive
1855_10,Positive
1856_7,Positive
1857_7,Positive
1858_8,Positive
1859_10,Positive
185_10,Positive
1860_10,Positive
1861_7,Positive
1862_8,Positive
1863_9,Positive
1864_8,Positive
1865_8,Positive
1866_9,Positive
1867_9,Positive
1868_10,Positive
1869_10,Positive
186_9,Positive
1870_8,Positive
1871_10,Positive
1872_7,Positive
1873_7,Negative
1874_9,Positive
1875_7,Positive
1876_10,Negative
1877_7,Negative
1878_8,Positive
1879_7,Negative
187_10,Positive
1880_7,Negative
1881_10,Negative
1882_7,Positive
1883_9,Positive
1884_7,Negative
1885_8,Negative
1886_10,Positive
1887_7,Negative
1888_9,Negative
1889_8,Positive
188_10,Positive
1890_10,Negative
1891_10,Positive
1892_10,Positive
1893_8,Positive
1894_10,Negative
1895_10,Negative
1896_10,Positive
1897_10,Negative
1898_10,Positive
1899_10,Positive
189_9,Positive
18_8,Positive
1900_8,Negative
1901_10,Negative
1902_10,Positive
1903_10,Negative
1904_10,Negative
1905_8,Positive
1906_7,Negative
1907_10,Positive
1908_10,Positive
1909_9,Negative
190_9,Positive
1910_8,Positive
1911_8,Negative
1912_8,Positive
1913_10,Positive
1914_8,Positive
1915_8,Positive
1916_7,Negative
1917_10,Positive
1918_10,Positive
1919_8,Positive
191_9,Positive
1920_10,Positive
1921_8,Positive
1922_10,Negative
1923_9,Positive
1924_10,Positive
1925_9,Positive
1926_8,Positive
1927_9,Positive
1928_9,Positive
1929_10,Positive
192_10,Positive
1930_9,Positive
1931_10,Positive
1932_10,Positive
1933_9,Positive
1934_7,Positive
1935_7,Positive
1936_7,Negative
1937_10,Positive
1938_7,Positive
1939_8,Positive
193_9,Negative
1940_9,Negative
1941_7,Negative
1942_9,Positive
1943_7,Negative
1944_9,Positive
1945_8,Negative
1946_7,Positive
1947_8,Positive
1948_10,Positive
1949_10,Positive
194_7,Positive
1950_9,Positive
1951_7,Positive
1952_7,Negative
1953_10,Positive
1954_8,Positive
1955_10,Positive
1956_10,Positive
1957_10,Positive
1958_10,Positive
1959_9,Positive
195_10,Positive
1960_9,Positive
1961_9,Positive
1962_7,Positive
1963_10,Positive
1964_8,Positive
1965_10,Positive
1966_9,Positive
1967_10,Negative
1968_8,Negative
1969_10,Positive
196_9,Positive
1970_8,Positive
1971_7,Negative
1972_7,Positive
1973_9,Positive
1974_9,Positive
1975_9,Positive
1976_8,Positive
1977_9,Positive
1978_7,Positive
1979_10,Positive
197_10,Positive
1980_8,Positive
1981_10,Positive
1982_8,Positive
1983_9,Negative
1984_8,Negative
1985_10,Negative
1986_8,Positive
1987_10,Positive
1988_8,Positive
1989_8,Negative
198_7,Positive
1990_7,Negative
1991_7,Positive
1992_10,Positive
1993_10,Positive
1994_10,Positive
1995_10,Negative
1996_10,Positive
1997_8,Positive
1998_8,Negative
1999_7,Negative
199_8,Positive
19_10,Positive
1_10,Positive
2000_9,Positive
2001_8,Negative
2002_9,Negative
2003_10,Positive
2004_10,Positive
2005_10,Positive
2006_10,Positive
2007_10,Positive
2008_10,Positive
2009_9,Positive
200_8,Positive
2010_10,Positive
2011_10,Negative
2012_9,Positive
2013_7,Positive
2014_7,Positive
2015_10,Positive
2016_10,Positive
2017_10,Positive
2018_10,Positive
2019_10,Positive
201_9,Positive
2020_7,Positive
2021_10,Negative
2022_9,Positive
2023_7,Positive
2024_8,Positive
2025_9,Positive
2026_7,Positive
2027_8,Positive
2028_8,Positive
2029_8,Positive
202_9,Positive
2030_8,Positive
2031_10,Positive
2032_7,Positive
2033_8,Positive
2034_7,Positive
2035_8,Positive
2036_7,Positive
2037_7,Positive
2038_8,Positive
2039_10,Positive
203_10,Positive
2040_10,Positive
2041_7,Positive
2042_8,Positive
2043_7,Positive
2044_10,Positive
2045_10,Positive
2046_9,Positive
2047_9,Positive
2048_10,Positive
2049_10,Positive
204_9,Positive
2050_10,Positive
2051_7,Positive
2052_10,Positive
2053_8,Positive
2054_9,Positive
2055_9,Positive
2056_10,Positive
2057_10,Positive
2058_9,Positive
2059_10,Positive
205_10,Positive
2060_10,Positive
2061_8,Positive
2062_9,Positive
2063_10,Positive
2064_8,Negative
2065_8,Negative
2066_10,Positive
2067_9,Positive
2068_9,Positive
2069_10,Positive
206_10,Positive
2070_10,Negative
2071_10,Positive
2072_8,Positive
2073_10,Positive
2074_9,Positive
2075_9,Positive
2076_10,Positive
2077_10,Negative
2078_10,Positive
2079_10,Positive
207_9,Positive
2080_10,Negative
2081_10,Positive
2082_8,Positive
2083_7,Positive
2084_9,Negative
2085_7,Negative
2086_10,Positive
2087_9,Positive
2088_9,Positive
2089_10,Positive
208_10,Positive
2090_10,Positive
2091_10,Positive
2092_10,Positive
2093_8,Positive
2094_10,Positive
2095_9,Positive
2096_9,Positive
2097_8,Negative
2098_8,Positive
2099_7,Positive
209_10,Positive
20_9,Positive
2100_7,Positive
2101_8,Positive
2102_9,Positive
2103_8,Positive
2104_10,Positive
2105_9,Positive
2106_8,Positive
2107_7,Positive
2108_8,Positive
2109_10,Positive
210_9,Negative
2110_7,Positive
2111_8,Positive
2112_7,Positive
2113_7,Positive
2114_10,Positive
2115_10,Positive
2116_10,Positive
2117_10,Positive
2118_10,Negative
2119_9,Positive
211_10,Positive
2120_10,Positive
2121_10,Positive
2122_10,Positive
2123_8,Positive
2124_8,Positive
2125_10,Positive
2126_9,Positive
2127_8,Positive
2128_9,Positive
2129_9,Positive
212_7,Negative
2130_7,Negative
2131_8,Positive
2132_8,Positive
2133_10,Positive
2134_7,Positive
2135_9,Negative
2136_9,Positive
2137_9,Positive
2138_9,Positive
2139_10,Positive
213_10,Positive
2140_7,Negative
2141_7,Positive
2142_9,Positive
2143_9,Positive
2144_9,Positive
2145_8,Positive
2146_9,Positive
2147_10,Positive
2148_7,Positive
2149_10,Positive
214_9,Negative
2150_9,Positive
2151_10,Positive
2152_7,Positive
2153_10,Positive
2154_8,Positive
2155_10,Positive
2156_10,Negative
2157_10,Positive
2158_10,Negative
2159_7,Negative
215_8,Negative
2160_7,Negative
2161_7,Positive
2162_7,Positive
2163_8,Positive
2164_7,Positive
2165_8,Positive
2166_8,Positive
2167_9,Positive
2168_10,Positive
2169_7,Positive
216_10,Positive
2170_8,Positive
2171_10,Positive
2172_9,Positive
2173_8,Positive
2174_7,Positive
2175_8,Positive
2176_8,Positive
2177_7,Negative
2178_7,Positive
2179_7,Negative
217_8,Positive
2180_8,Positive
2181_7,Negative
2182_8,Positive
2183_7,Negative
2184_7,Negative
2185_10,Positive
2186_10,Positive
2187_9,Positive
2188_9,Positive
2189_8,Positive
218_10,Positive
2190_10,Positive
2191_10,Positive
2192_10,Positive
2193_10,Positive
2194_10,Positive
2195_9,Positive
2196_8,Positive
2197_10,Positive
2198_9,Positive
2199_10,Positive
219_8,Positive
21_9,Positive
2200_10,Positive
2201_10,Positive
2202_8,Positive
2203_10,Positive
2204_10,Positive
2205_8,Positive
2206_10,Positive
2207_10,Positive
2208_10,Negative
2209_8,Negative
220_10,Negative
2210_8,Positive
2211_7,Positive
2212_8,Positive
2213_8,Positive
2214_8,Positive
2215_7,Positive
2216_7,Positive
2217_8,Positive
2218_10,Positive
2219_10,Positive
221_9,Positive
2220_9,Positive
2221_8,Positive
2222_10,Positive
2223_10,Positive
2224_10,Positive
2225_10,Positive
2226_10,Negative
2227_10,Positive
2228_10,Positive
2229_10,Negative
222_10,Positive
2230_9,Positive
2231_7,Positive
2232_7,Positive
2233_9,Positive
2234_7,Positive
2235_7,Negative
2236_7,Positive
2237_7,Positive
2238_7,Positive
2239_8,Positive
223_10,Positive
2240_10,Positive
2241_10,Positive
2242_9,Positive
2243_7,Positive
2244_7,Positive
2245_10,Positive
2246_10,Positive
2247_10,Positive
2248_10,Positive
2249_9,Positive
224_10,Negative
2250_8,Positive
2251_9,Positive
2252_9,Positive
2253_10,Positive
2254_7,Positive
2255_9,Positive
2256_9,Positive
2257_10,Positive
2258_10,Positive
2259_9,Positive
225_10,Positive
2260_8,Positive
2261_10,Positive
2262_7,Positive
2263_10,Positive
2264_7,Negative
2265_9,Positive
2266_9,Positive
2267_9,Positive
2268_10,Positive
2269_7,Positive
226_9,Positive
2270_8,Positive
2271_10,Positive
2272_8,Positive
2273_9,Positive
2274_10,Positive
2275_9,Positive
2276_8,Positive
2277_8,Positive
2278_10,Positive
2279_8,Positive
227_10,Negative
2280_10,Positive
2281_8,Positive
2282_8,Positive
2283_10,Positive
2284_9,Positive
2285_8,Positive
2286_9,Positive
2287_10,Positive
2288_8,Positive
2289_8,Positive
228_10,Negative
2290_10,Positive
2291_8,Positive
2292_10,Positive
2293_8,Positive
2294_9,Positive
2295_8,Positive
2296_9,Positive
2297_9,Positive
2298_9,Positive
2299_10,Positive
229_10,Negative
22_8,Positive
2300_9,Negative
2301_8,Positive
2302_8,Positive
2303_10,Positive
2304_7,Negative
2305_8,Positive
2306_8,Positive
2307_8,Positive
2308_9,Positive
2309_10,Positive
230_7,Negative
2310_10,Positive
2311_9,Positive
2312_10,Positive
2313_8,Negative
2314_10,Positive
2315_10,Positive
2316_8,Negative
2317_7,Negative
2318_8,Positive
2319_8,Positive
231_8,Positive
2320_10,Positive
2321_8,Positive
2322_7,Positive
2323_8,Positive
2324_9,Positive
2325_7,Positive
2326_9,Positive
2327_10,Positive
2328_9,Positive
2329_10,Negative
232_7,Positive
2330_10,Positive
2331_9,Positive
2332_8,Positive
2333_8,Positive
2334_9,Positive
2335_9,Positive
2336_10,Positive
2337_9,Positive
2338_10,Positive
2339_9,Positive
233_8,Positive
2340_10,Positive
2341_10,Positive
2342_10,Positive
2343_8,Positive
2344_10,Negative
2345_8,Positive
2346_10,Positive
2347_10,Positive
2348_9,Positive
2349_8,Positive
234_7,Positive
2350_8,Positive
2351_7,Positive
2352_7,Positive
2353_7,Negative
2354_8,Positive
2355_7,Positive
2356_7,Negative
2357_7,Negative
2358_7,Positive
2359_10,Negative
235_7,Positive
2360_7,Positive
2361_10,Positive
2362_10,Positive
2363_10,Negative
2364_10,Positive
2365_8,Positive
2366_7,Positive
2367_10,Positive
2368_8,Positive
2369_8,Negative
236_10,Positive
2370_8,Positive
2371_10,Negative
2372_10,Negative
2373_10,Positive
2374_7,Positive
2375_7,Negative
2376_9,Positive
2377_9,Positive
2378_10,Positive
2379_9,Positive
237_8,Positive
2380_8,Positive
2381_7,Negative
2382_7,Positive
2383_8,Negative
2384_8,Positive
2385_9,Positive
2386_9,Positive
2387_10,Positive
2388_10,Positive
2389_9,Positive
238_9,Positive
2390_9,Positive
2391_9,Positive
2392_10,Positive
2393_10,Positive
2394_10,Positive
2395_9,Positive
2396_8,Positive
2397_8,Positive
2398_10,Positive
2399_10,Positive
239_9,Positive
23_10,Positive
2400_8,Positive
2401_7,Positive
2402_10,Positive
2403_10,Positive
2404_8,Positive
2405_9,Negative
2406_9,Positive
2407_10,Positive
2408_8,Positive
2409_8,Negative
240_9,Positive
2410_7,Positive
2411_8,Positive
2412_10,Positive
2413_9,Positive
2414_7,Positive
2415_7,Negative
2416_7,Positive
2417_8,Positive
2418_8,Positive
2419_7,Positive
241_7,Positive
2420_8,Positive
2421_8,Positive
2422_7,Negative
2423_9,Positive
2424_9,Positive
2425_10,Positive
2426_10,Positive
2427_8,Positive
2428_9,Negative
2429_10,Positive
242_10,Positive
2430_8,Positive
2431_9,Negative
2432_10,Positive
2433_8,Positive
2434_9,Positive
2435_10,Positive
2436_10,Positive
2437_10,Positive
2438_10,Positive
2439_10,Positive
243_9,Positive
2440_8,Positive
2441_10,Positive
2442_10,Positive
2443_10,Positive
2444_10,Positive
2445_8,Positive
2446_10,Positive
2447_7,Positive
2448_7,Positive
2449_9,Positive
244_9,Positive
2450_10,Positive
2451_10,Positive
2452_7,Positive
2453_9,Positive
2454_10,Positive
2455_8,Positive
2456_10,Positive
2457_10,Positive
2458_8,Positive
2459_9,Positive
245_8,Positive
2460_7,Positive
2461_7,Positive
2462_10,Positive
2463_10,Positive
2464_10,Positive
2465_7,Negative
2466_7,Positive
2467_9,Positive
2468_10,Positive
2469_10,Positive
246_10,Positive
2470_9,Positive
2471_7,Positive
2472_10,Negative
2473_10,Negative
2474_10,Positive
2475_10,Positive
2476_10,Positive
2477_10,Positive
2478_9,Positive
2479_9,Negative
247_8,Positive
2480_10,Positive
2481_10,Positive
2482_10,Positive
2483_9,Positive
2484_8,Positive
2485_10,Positive
2486_8,Positive
2487_9,Positive
2488_9,Positive
2489_10,Positive
248_7,Positive
2490_9,Negative
2491_10,Positive
2492_9,Positive
2493_10,Positive
2494_8,Positive
2495_7,Positive
2496_8,Negative
2497_7,Positive
2498_7,Positive
2499_10,Positive
249_7,Positive
24_10,Positive
2500_8,Positive
2501_7,Positive
2502_8,Positive
2503_10,Positive
2504_7,Positive
2505_10,Positive
2506_7,Positive
2507_10,Positive
2508_10,Positive
2509_7,Positive
250_10,Positive
2510_7,Positive
2511_10,Positive
2512_9,Positive
2513_8,Positive
2514_7,Positive
2515_8,Positive
2516_10,Negative
2517_7,Negative
2518_8,Positive
2519_7,Positive
251_8,Positive
2520_9,Positive
2521_10,Positive
2522_10,Positive
2523_10,Positive
2524_10,Positive
2525_8,Positive
2526_10,Positive
2527_9,Positive
2528_10,Positive
2529_10,Positive
252_9,Positive
2530_9,Positive
2531_9,Negative
2532_8,Positive
2533_8,Positive
2534_10,Positive
2535_10,Positive
2536_10,Positive
2537_7,Negative
2538_10,Positive
2539_10,Positive
253_10,Positive
2540_9,Positive
2541_10,Positive
2542_9,Positive
2543_9,Positive
2544_10,Positive
2545_10,Positive
2546_9,Negative
2547_7,Positive
2548_7,Positive
2549_7,Positive
254_10,Negative
2550_10,Positive
2551_10,Negative
2552_10,Positive
2553_8,Positive
2554_10,Positive
2555_8,Positive
2556_8,Negative
2557_9,Positive
2558_10,Positive
2559_10,Positive
255_10,Positive
2560_7,Negative
2561_10,Positive
2562_10,Negative
2563_7,Positive
2564_8,Positive
2565_8,Positive
2566_9,Positive
2567_9,Negative
2568_8,Positive
2569_9,Positive
256_10,Positive
2570_8,Positive
2571_7,Negative
2572_10,Positive
2573_10,Positive
2574_10,Positive
2575_10,Positive
2576_9,Positive
2577_8,Positive
2578_8,Positive
2579_9,Positive
257_9,Positive
2580_10,Positive
2581_9,Positive
2582_10,Positive
2583_8,Positive
2584_9,Positive
2585_8,Negative
2586_9,Positive
2587_9,Positive
2588_8,Positive
2589_10,Positive
258_8,Positive
2590_10,Positive
2591_9,Positive
2592_8,Positive
2593_10,Positive
2594_10,Positive
2595_7,Positive
2596_10,Positive
2597_10,Positive
2598_10,Positive
2599_10,Positive
259_10,Positive
25_10,Positive
2600_10,Positive
2601_10,Negative
2602_10,Positive
2603_9,Positive
2604_7,Negative
2605_9,Positive
2606_7,Positive
2607_10,Positive
2608_7,Positive
2609_7,Negative
260_10,Positive
2610_7,Positive
2611_8,Positive
2612_10,Positive
2613_10,Positive
2614_10,Negative
2615_10,Positive
2616_10,Negative
2617_10,Positive
2618_10,Negative
2619_10,Negative
261_9,Positive
2620_9,Negative
2621_9,Negative
2622_8,Negative
2623_9,Positive
2624_10,Positive
2625_10,Positive
2626_10,Positive
2627_10,Positive
2628_10,Positive
2629_10,Positive
262_9,Positive
2630_10,Positive
2631_9,Negative
2632_9,Positive
2633_7,Positive
2634_10,Positive
2635_10,Negative
2636_7,Positive
2637_10,Positive
2638_7,Negative
2639_7,Positive
263_10,Positive
2640_8,Positive
2641_8,Positive
2642_8,Positive
2643_9,Positive
2644_10,Positive
2645_10,Positive
2646_10,Positive
2647_10,Positive
2648_10,Positive
2649_9,Positive
264_10,Positive
2650_10,Negative
2651_10,Positive
2652_7,Positive
2653_10,Positive
2654_7,Negative
2655_10,Positive
2656_10,Positive
2657_10,Positive
2658_10,Positive
2659_10,Positive
265_9,Positive
2660_9,Positive
2661_10,Positive
2662_10,Positive
2663_10,Positive
2664_10,Positive
2665_10,Positive
2666_10,Positive
2667_10,Negative
2668_10,Positive
2669_7,Positive
266_8,Positive
2670_8,Positive
2671_7,Negative
2672_10,Positive
2673_9,Negative
2674_7,Negative
2675_7,Positive
2676_10,Positive
2677_10,Positive
2678_10,Positive
2679_9,Positive
267_10,Positive
2680_9,Positive
2681_10,Positive
2682_10,Positive
2683_10,Positive
2684_10,Positive
2685_10,Positive
2686_10,Positive
2687_9,Positive
2688_9,Positive
2689_9,Positive
268_10,Positive
2690_9,Positive
2691_7,Positive
2692_7,Positive
2693_9,Positive
2694_10,Positive
2695_9,Positive
2696_10,Positive
2697_10,Positive
2698_10,Positive
2699_9,Positive
269_8,Positive
26_10,Positive
2700_10,Positive
2701_10,Positive
2702_7,Positive
2703_7,Positive
2704_9,Positive
2705_7,Positive
2706_10,Positive
2707_8,Positive
2708_9,Positive
2709_10,Positive
270_8,Positive
2710_7,Positive
2711_8,Positive
2712_8,Positive
2713_8,Positive
2714_9,Positive
2715_9,Positive
2716_10,Positive
2717_8,Positive
2718_9,Negative
2719_8,Positive
271_7,Positive
2720_8,Positive
2721_8,Positive
2722_10,Positive
2723_8,Positive
2724_7,Positive
2725_10,Positive
2726_10,Positive
2727_9,Positive
2728_7,Positive
2729_8,Negative
272_10,Positive
2730_7,Negative
2731_10,Positive
2732_7,Positive
2733_8,Negative
2734_7,Positive
2735_9,Positive
2736_9,Positive
2737_10,Positive
2738_10,Positive
2739_10,Positive
273_10,Positive
2740_10,Positive
2741_10,Positive
2742_10,Positive
2743_10,Positive
2744_8,Negative
2745_10,Negative
2746_8,Positive
2747_7,Negative
2748_8,Positive
2749_8,Positive
274_9,Positive
2750_8,Positive
2751_10,Positive
2752_10,Positive
2753_9,Positive
2754_9,Positive
2755_10,Positive
2756_8,Positive
2757_10,Positive
2758_9,Positive
2759_8,Positive
275_10,Positive
2760_8,Positive
2761_10,Negative
2762_8,Positive
2763_7,Positive
2764_10,Positive
2765_9,Negative
2766_10,Positive
2767_10,Positive
2768_10,Positive
2769_10,Positive
276_10,Positive
2770_10,Positive
2771_9,Positive
2772_10,Positive
2773_8,Positive
2774_10,Positive
2775_10,Positive
2776_10,Positive
2777_9,Positive
2778_10,Positive
2779_10,Positive
277_9,Positive
2780_7,Negative
2781_7,Negative
2782_8,Positive
2783_10,Positive
2784_10,Negative
2785_8,Positive
2786_8,Positive
2787_10,Positive
2788_9,Positive
2789_8,Positive
278_10,Positive
2790_10,Positive
2791_8,Positive
2792_9,Positive
2793_10,Positive
2794_9,Positive
2795_7,Negative
2796_7,Positive
2797_8,Positive
2798_9,Positive
2799_8,Positive
279_10,Positive
27_9,Positive
2800_8,Positive
2801_10,Positive
2802_8,Positive
2803_8,Positive
2804_9,Positive
2805_8,Positive
2806_9,Positive
2807_10,Positive
2808_10,Positive
2809_7,Negative
280_10,Positive
2810_9,Positive
2811_8,Negative
2812_10,Positive
2813_10,Positive
2814_10,Negative
2815_9,Positive
2816_9,Positive
2817_10,Positive
2818_10,Positive
2819_7,Negative
281_8,Positive
2820_10,Positive
2821_10,Positive
2822_9,Positive
2823_10,Positive
2824_10,Positive
2825_10,Positive
2826_9,Positive
2827_9,Positive
2828_10,Negative
2829_10,Negative
282_10,Positive
2830_9,Negative
2831_9,Positive
2832_7,Positive
2833_8,Positive
2834_9,Positive
2835_7,Positive
2836_8,Positive
2837_10,Positive
2838_10,Positive
2839_8,Positive
283_8,Negative
2840_9,Positive
2841_9,Positive
2842_9,Positive
2843_7,Negative
2844_10,Positive
2845_8,Positive
2846_9,Positive
2847_8,Positive
2848_7,Negative
2849_7,Positive
284_10,Negative
2850_9,Positive
2851_8,Positive
2852_7,Positive
2853_7,Positive
2854_7,Positive
2855_10,Positive
2856_8,Positive
2857_7,Positive
2858_9,Positive
2859_8,Positive
285_10,Positive
2860_8,Negative
2861_8,Negative
2862_9,Positive
2863_8,Positive
2864_9,Positive
2865_7,Positive
2866_9,Negative
2867_8,Positive
2868_7,Positive
2869_8,Positive
286_10,Positive
2870_10,Positive
2871_8,Negative
2872_9,Positive
2873_10,Positive
2874_9,Negative
2875_8,Positive
2876_7,Positive
2877_8,Negative
2878_7,Negative
2879_7,Negative
287_8,Positive
2880_10,Negative
2881_9,Negative
2882_10,Positive
2883_8,Positive
2884_9,Positive
2885_9,Positive
2886_7,Positive
2887_9,Negative
2888_10,Positive
2889_10,Positive
288_7,Negative
2890_10,Positive
2891_10,Negative
2892_10,Positive
2893_10,Positive
2894_10,Positive
2895_7,Positive
2896_10,Positive
2897_10,Positive
2898_10,Positive
2899_10,Positive
289_8,Positive
28_9,Positive
2900_10,Positive
2901_7,Positive
2902_8,Negative
2903_7,Positive
2904_7,Positive
2905_7,Positive
2906_8,Positive
2907_8,Positive
2908_8,Positive
2909_7,Negative
290_9,Negative
2910_7,Positive
2911_10,Positive
2912_8,Positive
2913_8,Negative
2914_10,Positive
2915_9,Positive
2916_7,Negative
2917_9,Positive
2918_9,Negative
2919_10,Positive
291_9,Positive
2920_10,Positive
2921_7,Positive
2922_9,Positive
2923_8,Positive
2924_8,Negative
2925_10,Positive
2926_7,Positive
2927_9,Positive
2928_9,Negative
2929_8,Positive
292_10,Positive
2930_10,Negative
2931_8,Negative
2932_7,Positive
2933_10,Positive
2934_10,Positive
2935_7,Negative
2936_8,Positive
2937_8,Positive
2938_10,Positive
2939_8,Positive
293_10,Negative
2940_7,Positive
2941_9,Positive
2942_10,Positive
2943_10,Positive
2944_8,Positive
2945_8,Positive
2946_8,Positive
2947_10,Negative
2948_9,Positive
2949_10,Positive
294_8,Positive
2950_10,Positive
2951_10,Positive
2952_10,Positive
2953_10,Positive
2954_9,Positive
2955_9,Positive
2956_7,Negative
2957_8,Positive
2958_7,Positive
2959_7,Positive
295_8,Positive
2960_7,Positive
2961_10,Positive
2962_7,Negative
2963_9,Positive
2964_7,Negative
2965_7,Negative
2966_10,Negative
2967_9,Positive
2968_7,Negative
2969_9,Positive
296_9,Positive
2970_10,Positive
2971_10,Positive
2972_10,Positive
2973_8,Positive
2974_7,Negative
2975_10,Positive
2976_10,Positive
2977_10,Positive
2978_8,Positive
2979_9,Positive
297_10,Positive
2980_7,Positive
2981_8,Positive
2982_10,Positive
2983_7,Positive
2984_10,Positive
2985_9,Positive
2986_10,Positive
2987_8,Negative
2988_10,Positive
2989_8,Positive
298_10,Positive
2990_10,Positive
2991_8,Positive
2992_10,Positive
2993_10,Positive
2994_8,Positive
2995_10,Positive
2996_9,Positive
2997_7,Negative
2998_8,Negative
2999_9,Negative
299_8,Positive
29_10,Positive
2_7,Positive
3000_8,Negative
3001_7,Negative
3002_7,Negative
3003_10,Positive
3004_10,Positive
3005_10,Positive
3006_10,Positive
3007_10,Positive
3008_8,Positive
3009_7,Positive
300_9,Positive
3010_7,Negative
3011_7,Positive
3012_7,Negative
3013_9,Positive
3014_7,Negative
3015_7,Positive
3016_8,Negative
3017_9,Positive
3018_9,Positive
3019_9,Positive
301_10,Positive
3020_8,Positive
3021_9,Positive
3022_7,Negative
3023_7,Negative
3024_7,Positive
3025_8,Positive
3026_10,Negative
3027_9,Positive
3028_7,Negative
3029_7,Positive
302_10,Positive
3030_9,Positive
3031_7,Positive
3032_9,Positive
3033_10,Positive
3034_10,Negative
3035_8,Negative
3036_10,Negative
3037_8,Negative
3038_8,Negative
3039_8,Positive
303_10,Positive
3040_8,Positive
3041_9,Positive
3042_10,Positive
3043_10,Positive
3044_7,Negative
3045_9,Positive
3046_8,Positive
3047_10,Positive
3048_10,Positive
3049_9,Positive
304_10,Positive
3050_7,Negative
3051_10,Positive
3052_8,Positive
3053_8,Positive
3054_7,Positive
3055_7,Positive
3056_9,Positive
3057_9,Positive
3058_10,Positive
3059_8,Positive
305_10,Positive
3060_10,Positive
3061_8,Positive
3062_10,Positive
3063_10,Positive
3064_10,Positive
3065_10,Positive
3066_10,Positive
3067_7,Negative
3068_10,Positive
3069_9,Positive
306_10,Positive
3070_10,Positive
3071_8,Positive
3072_10,Positive
3073_10,Positive
3074_10,Positive
3075_7,Negative
3076_10,Positive
3077_9,Positive
3078_10,Positive
3079_9,Positive
307_10,Negative
3080_10,Positive
3081_8,Positive
3082_9,Positive
3083_8,Positive
3084_10,Positive
3085_7,Positive
3086_7,Positive
3087_9,Positive
3088_8,Positive
3089_8,Positive
308_9,Positive
3090_8,Positive
3091_10,Positive
3092_8,Positive
3093_8,Positive
3094_10,Positive
3095_10,Positive
3096_10,Positive
3097_9,Negative
3098_8,Positive
3099_8,Positive
309_10,Positive
30_9,Positive
3100_7,Positive
3101_8,Positive
3102_10,Negative
3103_7,Negative
3104_7,Positive
3105_7,Positive
3106_7,Positive
3107_10,Positive
3108_8,Positive
3109_8,Positive
310_9,Positive
3110_8,Positive
3111_10,Positive
3112_10,Positive
3113_10,Positive
3114_7,Positive
3115_8,Positive
3116_8,Positive
3117_10,Negative
3118_9,Positive
3119_9,Positive
311_10,Positive
3120_10,Positive
3121_10,Positive
3122_7,Positive
3123_10,Positive
3124_10,Positive
3125_7,Positive
3126_9,Positive
3127_8,Positive
3128_7,Positive
3129_7,Positive
312_10,Positive
3130_9,Positive
3131_9,Positive
3132_8,Positive
3133_10,Positive
3134_10,Positive
3135_9,Positive
3136_9,Negative
3137_8,Positive
3138_8,Positive
3139_9,Positive
313_10,Positive
3140_10,Positive
3141_10,Positive
3142_9,Positive
3143_7,Negative
3144_9,Positive
3145_9,Positive
3146_9,Positive
3147_10,Negative
3148_10,Positive
3149_10,Positive
314_10,Positive
3150_10,Positive
3151_10,Positive
3152_10,Positive
3153_10,Positive
3154_10,Positive
3155_10,Positive
3156_10,Positive
3157_10,Positive
3158_10,Positive
3159_10,Positive
315_8,Positive
3160_10,Negative
3161_10,Positive
3162_10,Positive
3163_8,Negative
3164_10,Negative
3165_10,Positive
3166_10,Positive
3167_10,Positive
3168_7,Positive
3169_9,Positive
316_10,Positive
3170_10,Positive
3171_8,Positive
3172_10,Positive
3173_7,Negative
3174_7,Positive
3175_8,Positive
3176_9,Positive
3177_10,Positive
3178_10,Positive
3179_9,Positive
317_10,Positive
3180_10,Positive
3181_10,Positive
3182_9,Positive
3183_8,Positive
3184_10,Positive
3185_10,Negative
3186_8,Positive
3187_8,Positive
3188_9,Positive
3189_10,Positive
318_10,Positive
3190_10,Positive
3191_10,Positive
3192_8,Positive
3193_10,Positive
3194_10,Positive
3195_8,Positive
3196_7,Negative
3197_9,Positive
3198_10,Positive
3199_10,Positive
319_10,Positive
31_10,Positive
3200_8,Positive
3201_9,Positive
3202_10,Positive
3203_8,Positive
3204_7,Negative
3205_9,Positive
3206_10,Positive
3207_10,Positive
3208_10,Positive
3209_10,Positive
320_7,Negative
3210_10,Positive
3211_10,Positive
3212_10,Positive
3213_10,Positive
3214_10,Positive
3215_10,Positive
3216_10,Positive
3217_10,Positive
3218_10,Positive
3219_10,Positive
321_10,Positive
3220_10,Positive
3221_10,Positive
3222_10,Positive
3223_7,Negative
3224_10,Positive
3225_10,Negative
3226_10,Positive
3227_10,Positive
3228_7,Positive
3229_7,Positive
322_8,Positive
3230_9,Positive
3231_9,Positive
3232_10,Negative
3233_9,Positive
3234_7,Positive
3235_9,Positive
3236_10,Positive
3237_7,Negative
3238_8,Positive
3239_8,Positive
323_10,Positive
3240_9,Positive
3241_9,Positive
3242_8,Positive
3243_9,Positive
3244_9,Positive
3245_9,Positive
3246_10,Positive
3247_10,Positive
3248_8,Positive
3249_9,Positive
324_10,Positive
3250_10,Positive
3251_8,Positive
3252_9,Positive
3253_9,Positive
3254_8,Positive
3255_9,Positive
3256_10,Negative
3257_8,Positive
3258_7,Positive
3259_7,Positive
325_10,Positive
3260_10,Positive
3261_7,Positive
3262_7,Positive
3263_10,Positive
3264_8,Positive
3265_7,Positive
3266_10,Positive
3267_8,Negative
3268_10,Positive
3269_8,Positive
326_9,Positive
3270_8,Positive
3271_9,Positive
3272_10,Positive
3273_9,Negative
3274_7,Positive
3275_8,Negative
3276_10,Positive
3277_7,Positive
3278_10,Positive
3279_9,Positive
327_10,Positive
3280_10,Positive
3281_10,Positive
3282_8,Positive
3283_9,Positive
3284_10,Positive
3285_8,Negative
3286_7,Positive
3287_10,Negative
3288_8,Positive
3289_10,Positive
328_10,Positive
3290_7,Negative
3291_10,Positive
3292_7,Negative
3293_9,Positive
3294_7,Positive
3295_7,Positive
3296_10,Positive
3297_10,Positive
3298_10,Positive
3299_10,Positive
329_10,Positive
32_10,Positive
3300_8,Positive
3301_8,Positive
3302_7,Positive
3303_10,Positive
3304_8,Positive
3305_7,Positive
3306_8,Positive
3307_8,Positive
3308_7,Negative
3309_8,Positive
330_10,Positive
3310_8,Positive
3311_8,Negative
3312_7,Positive
3313_8,Positive
3314_9,Positive
3315_8,Positive
3316_7,Positive
3317_8,Negative
3318_7,Positive
3319_10,Positive
331_10,Positive
3320_7,Positive
3321_9,Positive
3322_7,Negative
3323_10,Positive
3324_9,Negative
3325_10,Positive
3326_9,Positive
3327_8,Positive
3328_8,Positive
3329_9,Positive
332_10,Positive
3330_10,Negative
3331_10,Positive
3332_10,Positive
3333_7,Positive
3334_7,Positive
3335_9,Positive
3336_7,Positive
3337_7,Positive
3338_7,Positive
3339_7,Positive
333_10,Positive
3340_10,Negative
3341_8,Negative
3342_10,Positive
3343_10,Positive
3344_7,Positive
3345_10,Positive
3346_8,Positive
3347_8,Positive
3348_9,Negative
3349_10,Positive
334_9,Positive
3350_8,Negative
3351_7,Positive
3352_7,Positive
3353_10,Positive
3354_9,Positive
3355_9,Negative
3356_10,Positive
3357_7,Positive
3358_8,Positive
3359_9,Negative
335_10,Positive
3360_10,Positive
3361_10,Positive
3362_10,Positive
3363_7,Positive
3364_7,Positive
3365_8,Positive
3366_10,Positive
3367_9,Positive
3368_8,Positive
3369_7,Positive
336_10,Positive
3370_7,Positive
3371_9,Negative
3372_7,Positive
3373_8,Positive
3374_10,Negative
3375_7,Positive
3376_8,Negative
3377_9,Positive
3378_10,Negative
3379_9,Positive
337_9,Positive
3380_8,Positive
3381_10,Positive
3382_10,Positive
3383_8,Positive
3384_10,Positive
3385_10,Positive
3386_10,Positive
3387_10,Positive
3388_10,Positive
3389_10,Positive
338_10,Positive
3390_10,Negative
3391_10,Positive
3392_10,Positive
3393_10,Positive
3394_10,Positive
3395_9,Positive
3396_10,Positive
3397_10,Positive
3398_9,Positive
3399_8,Positive
339_10,Positive
33_7,Negative
3400_10,Positive
3401_10,Positive
3402_9,Positive
3403_10,Positive
3404_10,Positive
3405_10,Positive
3406_10,Positive
3407_10,Positive
3408_9,Positive
3409_10,Positive
340_9,Positive
3410_10,Positive
3411_10,Positive
3412_7,Negative
3413_10,Positive
3414_7,Positive
3415_7,Positive
3416_10,Positive
3417_9,Positive
3418_8,Positive
3419_9,Positive
341_9,Positive
3420_10,Positive
3421_7,Negative
3422_10,Positive
3423_9,Positive
3424_8,Positive
3425_8,Negative
3426_10,Positive
3427_10,Positive
3428_7,Negative
3429_8,Positive
342_10,Negative
3430_7,Positive
3431_10,Positive
3432_8,Positive
3433_10,Positive
3434_8,Positive
3435_9,Positive
3436_8,Positive
3437_7,Negative
3438_8,Positive
3439_9,Positive
343_9,Positive
3440_10,Positive
3441_9,Positive
3442_10,Positive
3443_9,Positive
3444_10,Positive
3445_10,Positive
3446_10,Positive
3447_10,Positive
3448_10,Positive
3449_7,Negative
344_9,Positive
3450_9,Positive
3451_7,Positive
3452_7,Positive
3453_8,Positive
3454_8,Positive
3455_8,Positive
3456_10,Positive
3457_9,Negative
3458_9,Positive
3459_9,Positive
345_7,Positive
3460_8,Positive
3461_8,Positive
3462_9,Negative
3463_8,Positive
3464_10,Positive
3465_10,Positive
3466_10,Positive
3467_7,Positive
3468_10,Positive
3469_10,Positive
346_7,Negative
3470_8,Positive
3471_10,Positive
3472_8,Positive
3473_10,Positive
3474_10,Positive
3475_9,Positive
3476_9,Positive
3477_8,Positive
3478_9,Negative
3479_10,Positive
347_7,Positive
3480_9,Positive
3481_10,Positive
3482_9,Positive
3483_10,Positive
3484_10,Positive
3485_7,Positive
3486_8,Positive
3487_9,Positive
3488_8,Positive
3489_7,Positive
348_7,Positive
3490_7,Negative
3491_7,Negative
3492_9,Negative
3493_9,Negative
3494_9,Positive
3495_7,Negative
3496_7,Positive
3497_10,Positive
3498_10,Positive
3499_10,Negative
349_10,Positive
34_8,Positive
3500_8,Negative
3501_10,Positive
3502_9,Positive
3503_8,Positive
3504_8,Positive
3505_8,Positive
3506_9,Positive
3507_10,Positive
3508_10,Positive
3509_8,Positive
350_10,Positive
3510_9,Positive
3511_10,Positive
3512_7,Positive
3513_8,Positive
3514_10,Positive
3515_8,Positive
3516_7,Negative
3517_8,Negative
3518_9,Positive
3519_10,Positive
351_10,Positive
3520_9,Positive
3521_8,Positive
3522_8,Negative
3523_7,Positive
3524_8,Positive
3525_7,Positive
3526_7,Negative
3527_10,Positive
3528_10,Positive
3529_8,Positive
352_10,Positive
3530_8,Positive
3531_9,Positive
3532_7,Negative
3533_10,Positive
3534_10,Positive
3535_10,Positive
3536_10,Positive
3537_9,Positive
3538_8,Negative
3539_9,Positive
353_10,Positive
3540_9,Positive
3541_8,Positive
3542_9,Positive
3543_10,Positive
3544_8,Positive
3545_7,Positive
3546_8,Positive
3547_7,Positive
3548_8,Negative
3549_8,Positive
354_10,Positive
3550_7,Positive
3551_7,Positive
3552_7,Positive
3553_8,Positive
3554_10,Positive
3555_9,Positive
3556_9,Negative
3557_9,Positive
3558_10,Positive
3559_7,Positive
355_10,Positive
3560_8,Negative
3561_7,Positive
3562_8,Positive
3563_8,Positive
3564_8,Negative
3565_8,Positive
3566_9,Negative
3567_7,Positive
3568_8,Negative
3569_10,Positive
356_9,Positive
3570_8,Negative
3571_9,Positive
3572_10,Positive
3573_9,Positive
3574_9,Positive
3575_7,Negative
3576_7,Positive
3577_8,Positive
3578_9,Positive
3579_8,Positive
357_7,Positive
3580_10,Positive
3581_10,Positive
3582_10,Positive
3583_10,Positive
3584_10,Positive
3585_10,Positive
3586_10,Positive
3587_10,Positive
3588_10,Positive
3589_10,Positive
358_9,Positive
3590_9,Positive
3591_10,Positive
3592_10,Positive
3593_10,Positive
3594_10,Positive
3595_10,Positive
3596_7,Positive
3597_10,Positive
3598_9,Positive
3599_7,Positive
359_7,Positive
35_9,Positive
3600_8,Positive
3601_9,Positive
3602_10,Positive
3603_7,Negative
3604_7,Negative
3605_8,Positive
3606_7,Positive
3607_8,Positive
3608_8,Positive
3609_8,Positive
360_9,Positive
3610_8,Negative
3611_9,Positive
3612_7,Positive
3613_7,Positive
3614_10,Positive
3615_8,Positive
3616_7,Positive
3617_8,Positive
3618_10,Positive
3619_8,Positive
361_9,Negative
3620_8,Negative
3621_10,Negative
3622_7,Negative
3623_10,Positive
3624_8,Negative
3625_8,Positive
3626_7,Positive
3627_8,Negative
3628_10,Positive
3629_9,Positive
362_9,Negative
3630_8,Negative
3631_7,Positive
3632_9,Positive
3633_9,Positive
3634_10,Positive
3635_9,Positive
3636_10,Positive
3637_10,Negative
3638_10,Positive
3639_7,Positive
363_10,Positive
3640_10,Positive
3641_9,Positive
3642_7,Negative
3643_7,Negative
3644_9,Negative
3645_7,Negative
3646_8,Positive
3647_10,Positive
3648_10,Negative
3649_9,Negative
364_10,Positive
3650_10,Positive
3651_10,Positive
3652_10,Positive
3653_10,Positive
3654_8,Positive
3655_8,Positive
3656_10,Positive
3657_8,Positive
3658_10,Positive
3659_9,Positive
365_10,Positive
3660_8,Positive
3661_10,Positive
3662_9,Positive
3663_10,Positive
3664_8,Positive
3665_10,Positive
3666_9,Positive
3667_10,Negative
3668_9,Negative
3669_8,Positive
366_8,Positive
3670_8,Positive
3671_9,Positive
3672_9,Positive
3673_10,Positive
3674_8,Positive
3675_7,Positive
3676_10,Positive
3677_9,Positive
3678_10,Positive
3679_10,Positive
367_8,Positive
3680_9,Positive
3681_10,Positive
3682_9,Positive
3683_10,Positive
3684_10,Positive
3685_10,Positive
3686_10,Positive
3687_8,Positive
3688_7,Positive
3689_7,Positive
368_8,Positive
3690_8,Negative
3691_10,Positive
3692_10,Positive
3693_10,Positive
3694_10,Positive
3695_7,Positive
3696_9,Positive
3697_10,Positive
3698_9,Negative
3699_9,Negative
369_8,Positive
36_8,Negative
3700_10,Positive
3701_10,Positive
3702_8,Positive
3703_8,Positive
3704_8,Negative
3705_7,Negative
3706_10,Negative
3707_10,Positive
3708_10,Positive
3709_10,Positive
370_8,Positive
3710_10,Positive
3711_7,Positive
3712_10,Positive
3713_10,Positive
3714_9,Positive
3715_10,Positive
3716_7,Positive
3717_10,Positive
3718_10,Positive
3719_10,Positive
371_8,Positive
3720_7,Positive
3721_10,Negative
3722_10,Positive
3723_10,Positive
3724_10,Positive
3725_7,Positive
3726_7,Negative
3727_10,Positive
3728_8,Positive
3729_8,Negative
372_9,Positive
3730_10,Positive
3731_7,Positive
3732_7,Negative
3733_8,Positive
3734_8,Positive
3735_8,Positive
3736_7,Positive
3737_9,Positive
3738_7,Positive
3739_8,Positive
373_10,Negative
3740_8,Positive
3741_8,Positive
3742_9,Positive
3743_10,Positive
3744_7,Positive
3745_10,Negative
3746_7,Positive
3747_7,Negative
3748_7,Positive
3749_8,Negative
374_9,Positive
3750_7,Negative
3751_10,Positive
3752_10,Positive
3753_10,Positive
3754_10,Negative
3755_9,Positive
3756_7,Positive
3757_8,Positive
3758_8,Positive
3759_7,Negative
375_10,Positive
3760_7,Positive
3761_8,Positive
3762_9,Positive
3763_7,Negative
3764_10,Negative
3765_7,Negative
3766_10,Positive
3767_8,Positive
3768_8,Positive
3769_8,Positive
376_10,Positive
3770_10,Positive
3771_9,Positive
3772_8,Positive
3773_8,Positive
3774_10,Positive
3775_10,Positive
3776_10,Positive
3777_10,Positive
3778_9,Positive
3779_8,Negative
377_9,Positive
3780_7,Negative
3781_9,Positive
3782_9,Positive
3783_10,Positive
3784_8,Positive
3785_8,Negative
3786_9,Positive
3787_8,Positive
3788_10,Positive
3789_9,Positive
378_9,Positive
3790_7,Positive
3791_9,Positive
3792_8,Positive
3793_9,Positive
3794_10,Positive
3795_9,Positive
3796_10,Positive
3797_8,Negative
3798_10,Positive
3799_8,Positive
379_10,Positive
37_9,Positive
3800_7,Positive
3801_7,Negative
3802_10,Negative
3803_10,Positive
3804_10,Negative
3805_8,Negative
3806_8,Positive
3807_10,Positive
3808_10,Positive
3809_9,Positive
380_9,Negative
3810_7,Positive
3811_9,Positive
3812_10,Negative
3813_10,Positive
3814_7,Positive
3815_10,Positive
3816_7,Positive
3817_9,Positive
3818_10,Positive
3819_10,Positive
381_10,Positive
3820_9,Positive
3821_10,Negative
3822_8,Positive
3823_10,Negative
3824_8,Positive
3825_10,Positive
3826_10,Positive
3827_9,Negative
3828_10,Negative
3829_10,Positive
382_10,Negative
3830_10,Positive
3831_9,Positive
3832_10,Positive
3833_10,Positive
3834_10,Positive
3835_9,Positive
3836_10,Positive
3837_10,Positive
3838_9,Positive
3839_10,Positive
383_9,Positive
3840_10,Positive
3841_7,Positive
3842_7,Positive
3843_7,Positive
3844_7,Positive
3845_9,Positive
3846_7,Positive
3847_7,Negative
3848_9,Positive
3849_8,Positive
384_9,Positive
3850_9,Positive
3851_10,Positive
3852_7,Negative
3853_10,Positive
3854_9,Negative
3855_10,Positive
3856_7,Positive
3857_8,Positive
3858_10,Positive
3859_10,Negative
385_9,Negative
3860_8,Positive
3861_10,Negative
3862_8,Positive
3863_10,Positive
3864_10,Positive
3865_8,Positive
3866_9,Positive
3867_8,Positive
3868_7,Positive
3869_7,Positive
386_10,Positive
3870_10,Positive
3871_10,Positive
3872_10,Positive
3873_7,Negative
3874_7,Negative
3875_9,Positive
3876_9,Positive
3877_9,Positive
3878_10,Positive
3879_9,Negative
387_8,Positive
3880_10,Negative
3881_10,Positive
3882_8,Positive
3883_7,Positive
3884_10,Positive
3885_7,Positive
3886_8,Positive
3887_10,Positive
3888_7,Positive
3889_7,Positive
388_10,Positive
3890_8,Positive
3891_8,Positive
3892_8,Positive
3893_8,Positive
3894_9,Positive
3895_7,Positive
3896_8,Positive
3897_7,Positive
3898_8,Positive
3899_10,Positive
389_10,Positive
38_8,Negative
3900_8,Positive
3901_9,Positive
3902_9,Positive
3903_8,Negative
3904_9,Positive
3905_9,Positive
3906_8,Positive
3907_7,Positive
3908_10,Positive
3909_10,Negative
390_10,Positive
3910_9,Negative
3911_10,Positive
3912_9,Negative
3913_8,Negative
3914_10,Positive
3915_8,Negative
3916_10,Negative
3917_10,Positive
3918_8,Positive
3919_9,Positive
391_10,Positive
3920_9,Positive
3921_8,Positive
3922_7,Positive
3923_10,Positive
3924_7,Negative
3925_8,Positive
3926_7,Positive
3927_9,Positive
3928_7,Negative
3929_8,Positive
392_7,Positive
3930_8,Positive
3931_10,Positive
3932_8,Negative
3933_7,Positive
3934_10,Positive
3935_7,Positive
3936_8,Positive
3937_8,Positive
3938_8,Positive
3939_7,Negative
393_7,Positive
3940_9,Positive
3941_8,Negative
3942_8,Negative
3943_10,Positive
3944_9,Positive
3945_7,Positive
3946_10,Positive
3947_8,Negative
3948_7,Positive
3949_10,Positive
394_9,Positive
3950_10,Positive
3951_10,Positive
3952_10,Positive
3953_9,Positive
3954_10,Positive
3955_10,Positive
3956_10,Positive
3957_10,Positive
3958_9,Positive
3959_10,Positive
395_8,Positive
3960_10,Negative
3961_7,Positive
3962_9,Positive
3963_7,Negative
3964_7,Positive
3965_10,Positive
3966_10,Positive
3967_9,Positive
3968_10,Positive
3969_8,Positive
396_7,Positive
3970_10,Positive
3971_8,Positive
3972_9,Positive
3973_10,Positive
3974_7,Positive
3975_10,Positive
3976_7,Positive
3977_10,Positive
3978_7,Positive
3979_8,Negative
397_7,Positive
3980_8,Positive
3981_7,Positive
3982_7,Negative
3983_10,Negative
3984_10,Positive
3985_10,Positive
3986_9,Positive
3987_8,Positive
3988_7,Positive
3989_8,Positive
398_8,Positive
3990_10,Positive
3991_8,Negative
3992_8,Positive
3993_9,Positive
3994_8,Positive
3995_9,Positive
3996_10,Positive
3997_9,Positive
3998_10,Negative
3999_9,Positive
399_8,Positive
39_9,Positive
3_7,Positive
4000_10,Positive
4001_8,Positive
4002_10,Positive
4003_10,Positive
4004_7,Negative
4005_10,Positive
4006_7,Positive
4007_7,Negative
4008_8,Positive
4009_8,Positive
400_10,Positive
4010_9,Positive
4011_8,Positive
4012_10,Positive
4013_7,Positive
4014_9,Positive
4015_10,Positive
4016_10,Positive
4017_8,Positive
4018_10,Positive
4019_7,Negative
401_10,Positive
4020_7,Positive
4021_7,Positive
4022_7,Negative
4023_7,Negative
4024_10,Positive
4025_8,Positive
4026_9,Positive
4027_9,Positive
4028_7,Positive
4029_10,Positive
402_8,Positive
4030_8,Positive
4031_7,Negative
4032_8,Negative
4033_8,Positive
4034_7,Positive
4035_9,Positive
4036_10,Negative
4037_10,Positive
4038_9,Positive
4039_9,Positive
403_7,Negative
4040_10,Positive
4041_10,Positive
4042_10,Positive
4043_10,Positive
4044_10,Positive
4045_10,Positive
4046_10,Negative
4047_10,Positive
4048_10,Positive
4049_9,Positive
404_8,Positive
4050_10,Positive
4051_10,Negative
4052_7,Negative
4053_9,Negative
4054_10,Positive
4055_8,Positive
4056_8,Positive
4057_7,Positive
4058_8,Positive
4059_9,Positive
405_10,Positive
4060_8,Negative
4061_9,Positive
4062_7,Positive
4063_8,Positive
4064_8,Negative
4065_9,Positive
4066_8,Positive
4067_8,Negative
4068_9,Positive
4069_8,Positive
406_7,Negative
4070_10,Positive
4071_8,Positive
4072_7,Positive
4073_7,Positive
4074_10,Positive
4075_7,Positive
4076_7,Negative
4077_8,Positive
4078_8,Negative
4079_8,Negative
407_7,Positive
4080_10,Positive
4081_9,Negative
4082_10,Positive
4083_8,Positive
4084_8,Positive
4085_10,Positive
4086_10,Positive
4087_10,Positive
4088_9,Positive
4089_10,Positive
408_7,Positive
4090_7,Positive
4091_7,Positive
4092_9,Positive
4093_7,Positive
4094_10,Positive
4095_10,Positive
4096_7,Positive
4097_7,Positive
4098_8,Negative
4099_9,Positive
409_8,Positive
40_8,Positive
4100_8,Positive
4101_8,Positive
4102_10,Positive
4103_10,Negative
4104_10,Negative
4105_10,Positive
4106_9,Positive
4107_8,Positive
4108_10,Negative
4109_7,Positive
410_10,Positive
4110_7,Negative
4111_10,Positive
4112_8,Positive
4113_8,Positive
4114_8,Positive
4115_8,Positive
4116_7,Positive
4117_10,Positive
4118_7,Negative
4119_7,Positive
411_8,Negative
4120_8,Positive
4121_10,Positive
4122_8,Positive
4123_8,Positive
4124_7,Negative
4125_8,Positive
4126_8,Positive
4127_10,Positive
4128_10,Positive
4129_8,Positive
412_7,Positive
4130_8,Negative
4131_9,Positive
4132_7,Positive
4133_10,Positive
4134_7,Negative
4135_8,Positive
4136_7,Positive
4137_8,Positive
4138_8,Positive
4139_9,Positive
413_8,Negative
4140_9,Positive
4141_7,Negative
4142_10,Positive
4143_9,Positive
4144_8,Positive
4145_8,Positive
4146_7,Negative
4147_8,Positive
4148_7,Negative
4149_8,Negative
414_9,Negative
4150_7,Negative
4151_10,Positive
4152_8,Positive
4153_8,Positive
4154_8,Positive
4155_8,Positive
4156_8,Positive
4157_10,Positive
4158_10,Positive
4159_10,Positive
415_10,Positive
4160_9,Positive
4161_9,Positive
4162_8,Positive
4163_8,Positive
4164_9,Positive
4165_10,Positive
4166_10,Negative
4167_10,Positive
4168_10,Positive
4169_8,Positive
416_10,Positive
4170_9,Positive
4171_10,Positive
4172_10,Positive
4173_10,Negative
4174_10,Positive
4175_7,Negative
4176_9,Positive
4177_9,Negative
4178_9,Positive
4179_9,Positive
417_10,Positive
4180_10,Positive
4181_10,Positive
4182_10,Positive
4183_10,Positive
4184_10,Positive
4185_9,Positive
4186_10,Positive
4187_7,Positive
4188_10,Positive
4189_9,Positive
418_9,Positive
4190_10,Positive
4191_10,Negative
4192_10,Negative
4193_7,Negative
4194_10,Negative
4195_7,Positive
4196_8,Negative
4197_10,Positive
4198_10,Positive
4199_8,Positive
419_9,Positive
41_9,Positive
4200_10,Positive
4201_9,Positive
4202_9,Positive
4203_10,Positive
4204_8,Positive
4205_7,Positive
4206_7,Positive
4207_8,Positive
4208_8,Positive
4209_8,Positive
420_10,Positive
4210_7,Positive
4211_7,Positive
4212_7,Negative
4213_10,Positive
4214_7,Negative
4215_7,Negative
4216_8,Negative
4217_8,Positive
4218_9,Positive
4219_10,Positive
421_9,Positive
4220_8,Negative
4221_8,Positive
4222_7,Negative
4223_10,Positive
4224_9,Positive
4225_7,Positive
4226_9,Positive
4227_7,Positive
4228_7,Negative
4229_9,Negative
422_10,Positive
4230_10,Positive
4231_8,Positive
4232_9,Positive
4233_8,Negative
4234_9,Positive
4235_7,Positive
4236_8,Negative
4237_8,Positive
4238_7,Positive
4239_10,Positive
423_10,Positive
4240_10,Positive
4241_7,Positive
4242_9,Positive
4243_9,Positive
4244_10,Positive
4245_8,Positive
4246_9,Negative
4247_8,Positive
4248_10,Positive
4249_7,Positive
424_10,Positive
4250_8,Positive
4251_10,Positive
4252_10,Negative
4253_9,Positive
4254_10,Negative
4255_9,Positive
4256_10,Positive
4257_9,Positive
4258_10,Positive
4259_10,Positive
425_10,Negative
4260_8,Negative
4261_8,Positive
4262_10,Positive
4263_9,Positive
4264_8,Positive
4265_10,Positive
4266_10,Positive
4267_10,Positive
4268_8,Positive
4269_7,Positive
426_9,Negative
4270_10,Positive
4271_10,Positive
4272_9,Positive
4273_10,Positive
4274_7,Positive
4275_9,Negative
4276_10,Positive
4277_8,Positive
4278_9,Positive
4279_8,Positive
427_10,Negative
4280_9,Positive
4281_7,Positive
4282_7,Negative
4283_9,Negative
4284_9,Positive
4285_8,Positive
4286_8,Positive
4287_9,Negative
4288_8,Negative
4289_10,Positive
428_10,Positive
4290_7,Negative
4291_7,Positive
4292_7,Negative
4293_7,Positive
4294_7,Positive
4295_7,Positive
4296_9,Positive
4297_8,Positive
4298_8,Positive
4299_10,Positive
429_10,Positive
42_10,Positive
4300_10,Positive
4301_9,Negative
4302_7,Positive
4303_9,Positive
4304_8,Positive
4305_7,Positive
4306_7,Positive
4307_9,Positive
4308_10,Positive
4309_9,Positive
430_10,Positive
4310_10,Positive
4311_7,Negative
4312_8,Negative
4313_10,Positive
4314_10,Negative
4315_10,Positive
4316_7,Negative
4317_9,Positive
4318_9,Positive
4319_9,Positive
431_9,Positive
4320_10,Negative
4321_9,Negative
4322_10,Positive
4323_7,Negative
4324_10,Positive
4325_9,Positive
4326_10,Positive
4327_9,Negative
4328_10,Positive
4329_10,Positive
432_10,Positive
4330_8,Positive
4331_8,Positive
4332_10,Positive
4333_9,Positive
4334_10,Positive
4335_9,Positive
4336_10,Positive
4337_10,Negative
4338_9,Positive
4339_8,Negative
433_8,Positive
4340_9,Negative
4341_7,Negative
4342_7,Negative
4343_10,Negative
4344_10,Positive
4345_10,Positive
4346_7,Positive
4347_10,Positive
4348_8,Positive
4349_10,Negative
434_8,Positive
4350_10,Positive
4351_10,Positive
4352_9,Positive
4353_10,Positive
4354_9,Positive
4355_8,Positive
4356_10,Positive
4357_10,Positive
4358_10,Positive
4359_10,Positive
435_7,Positive
4360_10,Positive
4361_9,Positive
4362_10,Positive
4363_10,Positive
4364_10,Positive
4365_7,Positive
4366_10,Positive
4367_9,Positive
4368_10,Positive
4369_10,Positive
436_10,Positive
4370_7,Positive
4371_7,Positive
4372_7,Positive
4373_10,Positive
4374_9,Positive
4375_9,Positive
4376_10,Positive
4377_10,Positive
4378_7,Positive
4379_10,Positive
437_9,Positive
4380_9,Positive
4381_9,Positive
4382_7,Positive
4383_10,Positive
4384_10,Positive
4385_8,Positive
4386_9,Positive
4387_9,Positive
4388_10,Negative
4389_10,Positive
438_9,Positive
4390_8,Positive
4391_8,Positive
4392_10,Positive
4393_10,Positive
4394_10,Positive
4395_10,Positive
4396_10,Positive
4397_7,Positive
4398_10,Positive
4399_9,Positive
439_10,Positive
43_10,Positive
4400_10,Positive
4401_10,Positive
4402_10,Positive
4403_10,Positive
4404_10,Positive
4405_7,Negative
4406_9,Positive
4407_8,Positive
4408_10,Positive
4409_10,Positive
440_8,Positive
4410_8,Positive
4411_10,Positive
4412_10,Negative
4413_7,Positive
4414_7,Negative
4415_9,Positive
4416_10,Positive
4417_10,Positive
4418_10,Positive
4419_10,Positive
441_10,Positive
4420_10,Positive
4421_10,Positive
4422_10,Positive
4423_10,Positive
4424_9,Negative
4425_9,Positive
4426_10,Positive
4427_7,Positive
4428_10,Positive
4429_7,Positive
442_10,Positive
4430_7,Positive
4431_9,Positive
4432_10,Positive
4433_9,Positive
4434_9,Positive
4435_10,Positive
4436_10,Positive
4437_8,Positive
4438_9,Positive
4439_9,Positive
443_8,Positive
4440_8,Positive
4441_9,Positive
4442_10,Positive
4443_9,Positive
4444_8,Positive
4445_10,Positive
4446_10,Positive
4447_9,Positive
4448_9,Negative
4449_7,Positive
444_10,Positive
4450_10,Positive
4451_9,Positive
4452_8,Positive
4453_10,Positive
4454_8,Negative
4455_7,Positive
4456_10,Positive
4457_10,Positive
4458_7,Negative
4459_9,Positive
445_9,Positive
4460_8,Positive
4461_8,Positive
4462_7,Negative
4463_7,Positive
4464_8,Positive
4465_8,Positive
4466_9,Positive
4467_10,Positive
4468_9,Positive
4469_9,Positive
446_10,Negative
4470_7,Positive
4471_8,Positive
4472_8,Positive
4473_8,Positive
4474_7,Positive
4475_10,Positive
4476_8,Positive
4477_10,Positive
4478_9,Positive
4479_10,Positive
447_10,Positive
4480_10,Negative
4481_8,Positive
4482_10,Positive
4483_10,Positive
4484_10,Positive
4485_8,Positive
4486_7,Positive
4487_9,Negative
4488_10,Positive
4489_10,Negative
448_8,Positive
4490_10,Positive
4491_10,Positive
4492_10,Positive
4493_9,Positive
4494_8,Positive
4495_7,Positive
4496_10,Positive
4497_9,Negative
4498_9,Positive
4499_8,Positive
449_9,Positive
44_8,Positive
4500_9,Positive
4501_9,Positive
4502_8,Negative
4503_10,Positive
4504_7,Positive
4505_9,Positive
4506_7,Positive
4507_10,Negative
4508_10,Negative
4509_9,Positive
450_10,Positive
4510_7,Positive
4511_7,Positive
4512_9,Positive
4513_8,Positive
4514_10,Positive
4515_10,Positive
4516_10,Positive
4517_9,Positive
4518_10,Positive
4519_10,Positive
451_8,Positive
4520_10,Positive
4521_7,Negative
4522_7,Positive
4523_9,Positive
4524_8,Negative
4525_8,Positive
4526_7,Negative
4527_8,Positive
4528_10,Positive
4529_7,Positive
452_10,Positive
4530_8,Positive
4531_7,Positive
4532_10,Positive
4533_8,Negative
4534_7,Negative
4535_10,Positive
4536_10,Positive
4537_10,Positive
4538_10,Positive
4539_10,Positive
453_9,Negative
4540_10,Positive
4541_9,Positive
4542_10,Positive
4543_10,Positive
4544_9,Negative
4545_9,Positive
4546_9,Positive
4547_10,Positive
4548_10,Positive
4549_8,Positive
454_10,Positive
4550_10,Positive
4551_10,Positive
4552_8,Negative
4553_8,Positive
4554_8,Positive
4555_9,Negative
4556_8,Positive
4557_9,Positive
4558_8,Positive
4559_10,Negative
455_10,Positive
4560_9,Negative
4561_10,Positive
4562_9,Negative
4563_7,Positive
4564_10,Positive
4565_8,Positive
4566_10,Positive
4567_10,Positive
4568_10,Positive
4569_10,Positive
456_8,Positive
4570_7,Negative
4571_7,Positive
4572_10,Positive
4573_10,Positive
4574_8,Positive
4575_10,Positive
4576_10,Negative
4577_8,Negative
4578_10,Positive
4579_8,Positive
457_8,Positive
4580_10,Negative
4581_8,Positive
4582_7,Negative
4583_8,Negative
4584_10,Positive
4585_10,Negative
4586_10,Positive
4587_8,Negative
4588_9,Positive
4589_10,Negative
458_9,Positive
4590_10,Positive
4591_7,Negative
4592_10,Positive
4593_8,Positive
4594_8,Negative
4595_8,Negative
4596_7,Negative
4597_7,Positive
4598_10,Positive
4599_9,Positive
459_9,Positive
45_9,Positive
4600_8,Negative
4601_9,Positive
4602_8,Negative
4603_8,Positive
4604_7,Positive
4605_7,Positive
4606_10,Positive
4607_7,Positive
4608_8,Positive
4609_10,Positive
460_8,Positive
4610_9,Positive
4611_10,Positive
4612_10,Positive
4613_9,Negative
4614_8,Positive
4615_9,Positive
4616_9,Positive
4617_10,Positive
4618_7,Positive
4619_10,Positive
461_8,Positive
4620_8,Negative
4621_8,Positive
4622_8,Negative
4623_10,Positive
4624_9,Positive
4625_10,Positive
4626_8,Positive
4627_7,Positive
4628_10,Positive
4629_9,Positive
462_7,Positive
4630_10,Positive
4631_10,Positive
4632_7,Positive
4633_10,Positive
4634_10,Positive
4635_10,Positive
4636_10,Positive
4637_9,Positive
4638_10,Positive
4639_10,Positive
463_8,Positive
4640_10,Positive
4641_10,Positive
4642_10,Positive
4643_7,Positive
4644_9,Negative
4645_10,Positive
4646_10,Positive
4647_10,Positive
4648_10,Positive
4649_10,Positive
464_10,Positive
4650_10,Positive
4651_10,Positive
4652_10,Positive
4653_10,Negative
4654_10,Positive
4655_8,Positive
4656_10,Positive
4657_7,Positive
4658_7,Negative
4659_10,Negative
465_10,Positive
4660_10,Positive
4661_10,Negative
4662_8,Positive
4663_7,Positive
4664_7,Positive
4665_7,Positive
4666_7,Positive
4667_7,Positive
4668_8,Negative
4669_8,Positive
466_9,Positive
4670_7,Positive
4671_7,Positive
4672_8,Positive
4673_8,Negative
4674_7,Negative
4675_8,Positive
4676_8,Positive
4677_8,Positive
4678_9,Positive
4679_8,Positive
467_9,Positive
4680_7,Positive
4681_8,Positive
4682_7,Positive
4683_9,Positive
4684_9,Negative
4685_8,Positive
4686_10,Negative
4687_10,Positive
4688_10,Positive
4689_10,Negative
468_8,Positive
4690_10,Positive
4691_10,Positive
4692_10,Negative
4693_10,Positive
4694_10,Positive
4695_10,Positive
4696_9,Positive
4697_9,Positive
4698_10,Positive
4699_10,Positive
469_8,Negative
46_10,Positive
4700_10,Positive
4701_10,Positive
4702_10,Positive
4703_10,Positive
4704_9,Positive
4705_10,Positive
4706_10,Negative
4707_7,Positive
4708_10,Negative
4709_10,Positive
470_10,Positive
4710_10,Positive
4711_9,Positive
4712_9,Positive
4713_7,Negative
4714_8,Negative
4715_9,Positive
4716_10,Positive
4717_10,Positive
4718_8,Negative
4719_10,Positive
471_10,Positive
4720_10,Positive
4721_10,Positive
4722_8,Positive
4723_8,Positive
4724_10,Positive
4725_7,Positive
4726_10,Positive
4727_10,Negative
4728_7,Negative
4729_9,Positive
472_10,Positive
4730_10,Positive
4731_9,Positive
4732_10,Positive
4733_9,Positive
4734_9,Negative
4735_9,Negative
4736_8,Negative
4737_9,Positive
4738_10,Positive
4739_10,Positive
473_9,Positive
4740_9,Negative
4741_10,Negative
4742_10,Positive
4743_10,Positive
4744_9,Negative
4745_8,Positive
4746_9,Positive
4747_8,Positive
4748_8,Positive
4749_7,Negative
474_8,Positive
4750_8,Negative
4751_7,Positive
4752_7,Positive
4753_9,Positive
4754_8,Negative
4755_8,Positive
4756_8,Positive
4757_10,Positive
4758_10,Positive
4759_9,Positive
475_10,Positive
4760_9,Positive
4761_7,Positive
4762_8,Negative
4763_7,Negative
4764_7,Positive
4765_7,Positive
4766_8,Positive
4767_9,Positive
4768_9,Positive
4769_8,Positive
476_9,Negative
4770_10,Positive
4771_10,Positive
4772_9,Negative
4773_7,Positive
4774_8,Positive
4775_7,Positive
4776_8,Positive
4777_10,Positive
4778_10,Positive
4779_10,Positive
477_8,Positive
4780_10,Positive
4781_8,Positive
4782_10,Positive
4783_10,Negative
4784_10,Positive
4785_10,Negative
4786_9,Negative
4787_8,Positive
4788_9,Positive
4789_10,Positive
478_9,Positive
4790_7,Positive
4791_10,Positive
4792_9,Positive
4793_10,Positive
4794_9,Negative
4795_8,Negative
4796_10,Positive
4797_8,Positive
4798_9,Positive
4799_8,Positive
479_9,Positive
47_10,Positive
4800_10,Negative
4801_10,Positive
4802_8,Positive
4803_10,Positive
4804_7,Positive
4805_9,Positive
4806_8,Positive
4807_10,Positive
4808_7,Positive
4809_9,Positive
480_10,Positive
4810_7,Positive
4811_8,Positive
4812_9,Positive
4813_8,Positive
4814_7,Negative
4815_7,Negative
4816_8,Positive
4817_8,Positive
4818_10,Positive
4819_7,Positive
481_7,Positive
4820_10,Positive
4821_8,Negative
4822_8,Positive
4823_8,Positive
4824_8,Positive
4825_9,Negative
4826_9,Positive
4827_7,Positive
4828_8,Negative
4829_7,Negative
482_9,Positive
4830_7,Positive
4831_8,Positive
4832_8,Positive
4833_9,Positive
4834_7,Positive
4835_10,Positive
4836_10,Negative
4837_10,Positive
4838_9,Positive
4839_7,Positive
483_10,Positive
4840_7,Positive
4841_9,Positive
4842_9,Positive
4843_10,Positive
4844_7,Negative
4845_10,Positive
4846_8,Positive
4847_10,Positive
4848_10,Positive
4849_9,Positive
484_8,Positive
4850_7,Positive
4851_7,Positive
4852_8,Positive
4853_7,Positive
4854_8,Positive
4855_9,Negative
4856_8,Negative
4857_8,Positive
4858_10,Negative
4859_10,Negative
485_10,Positive
4860_10,Positive
4861_8,Positive
4862_9,Positive
4863_7,Positive
4864_8,Negative
4865_8,Positive
4866_7,Positive
4867_10,Positive
4868_7,Positive
4869_8,Positive
486_10,Positive
4870_10,Negative
4871_8,Positive
4872_8,Negative
4873_8,Negative
4874_9,Positive
4875_10,Positive
4876_10,Positive
4877_9,Negative
4878_9,Positive
4879_8,Positive
487_10,Negative
4880_10,Positive
4881_9,Negative
4882_9,Positive
4883_7,Positive
4884_9,Positive
4885_10,Positive
4886_8,Positive
4887_10,Negative
4888_8,Positive
4889_10,Positive
488_8,Positive
4890_9,Positive
4891_10,Positive
4892_10,Positive
4893_8,Positive
4894_8,Positive
4895_10,Positive
4896_7,Positive
4897_8,Positive
4898_7,Positive
4899_9,Positive
489_9,Positive
48_9,Positive
4900_7,Negative
4901_10,Positive
4902_8,Positive
4903_7,Negative
4904_7,Positive
4905_9,Positive
4906_10,Positive
4907_8,Positive
4908_9,Positive
4909_10,Positive
490_8,Negative
4910_8,Positive
4911_7,Positive
4912_10,Positive
4913_10,Positive
4914_7,Positive
4915_10,Positive
4916_10,Positive
4917_8,Positive
4918_8,Negative
4919_7,Positive
491_9,Negative
4920_10,Positive
4921_10,Positive
4922_10,Positive
4923_9,Positive
4924_10,Positive
4925_10,Positive
4926_8,Positive
4927_10,Positive
4928_10,Positive
4929_10,Positive
492_10,Positive
4930_10,Positive
4931_8,Positive
4932_10,Positive
4933_8,Positive
4934_7,Positive
4935_10,Positive
4936_9,Positive
4937_9,Positive
4938_10,Positive
4939_10,Positive
493_7,Positive
4940_10,Positive
4941_9,Negative
4942_10,Positive
4943_9,Positive
4944_10,Positive
4945_10,Positive
4946_8,Positive
4947_9,Positive
4948_10,Positive
4949_8,Positive
494_10,Positive
4950_10,Positive
4951_9,Positive
4952_10,Negative
4953_7,Positive
4954_7,Positive
4955_7,Positive
4956_9,Negative
4957_8,Positive
4958_7,Positive
4959_10,Negative
495_10,Positive
4960_9,Positive
4961_8,Positive
4962_7,Positive
4963_8,Negative
4964_10,Positive
4965_10,Positive
4966_7,Positive
4967_7,Positive
4968_10,Positive
4969_9,Positive
496_9,Positive
4970_9,Positive
4971_8,Positive
4972_8,Positive
4973_10,Positive
4974_7,Positive
4975_8,Positive
4976_7,Positive
4977_9,Negative
4978_9,Positive
4979_7,Positive
497_9,Negative
4980_7,Positive
4981_8,Positive
4982_7,Positive
4983_7,Positive
4984_9,Positive
4985_7,Positive
4986_9,Positive
4987_8,Positive
4988_10,Positive
4989_7,Positive
498_10,Positive
4990_7,Negative
4991_10,Positive
4992_8,Positive
4993_7,Positive
4994_8,Positive
4995_7,Positive
4996_9,Positive
4997_8,Positive
4998_10,Positive
4999_10,Positive
499_8,Positive
49_10,Positive
4_10,Positive
5000_10,Positive
5001_8,Positive
5002_10,Positive
5003_10,Negative
5004_9,Positive
5005_8,Positive
5006_10,Positive
5007_10,Positive
5008_9,Positive
5009_10,Positive
500_10,Positive
5010_10,Positive
5011_10,Positive
5012_7,Positive
5013_9,Positive
5014_10,Positive
5015_7,Positive
5016_8,Positive
5017_8,Positive
5018_10,Positive
5019_9,Negative
501_10,Positive
5020_10,Positive
5021_8,Positive
5022_8,Positive
5023_7,Positive
5024_9,Negative
5025_8,Positive
5026_10,Positive
5027_8,Positive
5028_8,Positive
5029_7,Negative
502_7,Positive
5030_8,Positive
5031_7,Positive
5032_8,Positive
5033_7,Positive
5034_7,Positive
5035_7,Positive
5036_8,Positive
5037_10,Positive
5038_8,Positive
5039_7,Negative
503_9,Positive
5040_8,Positive
5041_8,Positive
5042_7,Negative
5043_9,Positive
5044_10,Positive
5045_8,Positive
5046_9,Positive
5047_10,Positive
5048_10,Positive
5049_9,Positive
504_8,Positive
5050_8,Positive
5051_8,Positive
5052_10,Positive
5053_8,Positive
5054_8,Positive
5055_10,Positive
5056_7,Negative
5057_8,Positive
5058_8,Positive
5059_10,Positive
505_9,Positive
5060_7,Negative
5061_9,Positive
5062_7,Negative
5063_8,Negative
5064_8,Positive
5065_7,Negative
5066_10,Positive
5067_10,Positive
5068_9,Positive
5069_8,Negative
506_8,Negative
5070_10,Positive
5071_8,Negative
5072_9,Negative
5073_8,Positive
5074_8,Negative
5075_8,Negative
5076_9,Positive
5077_9,Positive
5078_7,Positive
5079_8,Positive
507_7,Positive
5080_8,Positive
5081_10,Positive
5082_10,Positive
5083_10,Positive
5084_7,Positive
5085_8,Positive
5086_8,Positive
5087_8,Positive
5088_7,Positive
5089_9,Negative
508_7,Negative
5090_8,Positive
5091_10,Positive
5092_9,Positive
5093_10,Positive
5094_10,Positive
5095_9,Positive
5096_10,Positive
5097_8,Positive
5098_10,Positive
5099_10,Positive
509_7,Negative
50_10,Positive
5100_10,Positive
5101_10,Positive
5102_10,Positive
5103_10,Positive
5104_8,Positive
5105_8,Positive
5106_10,Positive
5107_10,Positive
5108_7,Positive
5109_8,Positive
510_7,Negative
5110_10,Positive
5111_7,Negative
5112_10,Positive
5113_8,Negative
5114_8,Positive
5115_10,Positive
5116_10,Positive
5117_7,Positive
5118_10,Negative
5119_7,Positive
511_7,Positive
5120_9,Positive
5121_8,Positive
5122_10,Positive
5123_10,Positive
5124_10,Positive
5125_9,Negative
5126_8,Negative
5127_10,Negative
5128_7,Positive
5129_9,Positive
512_8,Positive
5130_9,Positive
5131_8,Positive
5132_9,Positive
5133_10,Negative
5134_9,Negative
5135_9,Positive
5136_8,Positive
5137_10,Negative
5138_8,Positive
5139_9,Positive
513_8,Positive
5140_8,Positive
5141_10,Positive
5142_10,Positive
5143_8,Positive
5144_10,Positive
5145_8,Positive
5146_7,Positive
5147_7,Negative
5148_7,Positive
5149_7,Positive
514_9,Positive
5150_7,Positive
5151_9,Positive
5152_10,Negative
5153_8,Positive
5154_10,Positive
5155_7,Positive
5156_8,Positive
5157_10,Positive
5158_9,Positive
5159_9,Positive
515_9,Positive
5160_10,Positive
5161_10,Positive
5162_9,Positive
5163_10,Positive
5164_10,Positive
5165_8,Positive
5166_10,Positive
5167_10,Positive
5168_8,Positive
5169_10,Positive
516_9,Positive
5170_8,Positive
5171_10,Positive
5172_7,Positive
5173_10,Negative
5174_10,Positive
5175_10,Positive
5176_10,Positive
5177_8,Positive
5178_8,Positive
5179_10,Positive
517_8,Positive
5180_8,Positive
5181_10,Positive
5182_10,Positive
5183_9,Positive
5184_8,Positive
5185_7,Positive
5186_7,Negative
5187_8,Negative
5188_7,Positive
5189_9,Positive
518_10,Negative
5190_8,Negative
5191_8,Negative
5192_9,Positive
5193_8,Positive
5194_10,Negative
5195_10,Negative
5196_7,Positive
5197_10,Positive
5198_10,Positive
5199_10,Positive
519_7,Negative
51_10,Positive
5200_9,Positive
5201_8,Positive
5202_10,Positive
5203_9,Positive
5204_9,Positive
5205_10,Negative
5206_10,Positive
5207_10,Positive
5208_8,Negative
5209_10,Positive
520_10,Positive
5210_10,Negative
5211_10,Negative
5212_8,Negative
5213_10,Negative
5214_8,Positive
5215_10,Positive
5216_10,Positive
5217_8,Positive
5218_7,Positive
5219_7,Positive
521_7,Negative
5220_10,Negative
5221_7,Positive
5222_7,Negative
5223_8,Positive
5224_7,Positive
5225_8,Positive
5226_7,Positive
5227_8,Positive
5228_9,Positive
5229_10,Negative
522_10,Negative
5230_9,Positive
5231_9,Negative
5232_8,Positive
5233_9,Positive
5234_10,Positive
5235_8,Positive
5236_8,Negative
5237_10,Positive
5238_7,Positive
5239_8,Positive
523_9,Negative
5240_9,Positive
5241_10,Positive
5242_10,Positive
5243_7,Negative
5244_10,Positive
5245_10,Positive
5246_9,Negative
5247_10,Positive
5248_9,Positive
5249_9,Positive
524_9,Positive
5250_10,Positive
5251_9,Positive
5252_10,Positive
5253_9,Positive
5254_9,Positive
5255_7,Negative
5256_8,Positive
5257_10,Positive
5258_7,Positive
5259_7,Negative
525_9,Positive
5260_10,Positive
5261_9,Negative
5262_8,Positive
5263_9,Negative
5264_9,Positive
5265_10,Negative
5266_7,Positive
5267_8,Positive
5268_10,Positive
5269_9,Positive
526_10,Positive
5270_10,Negative
5271_10,Negative
5272_10,Positive
5273_10,Positive
5274_8,Negative
5275_7,Positive
5276_8,Negative
5277_10,Positive
5278_8,Positive
5279_9,Positive
527_10,Positive
5280_10,Positive
5281_10,Positive
5282_10,Positive
5283_10,Positive
5284_10,Positive
5285_10,Positive
5286_9,Positive
5287_10,Positive
5288_7,Positive
5289_8,Positive
528_7,Positive
5290_8,Positive
5291_8,Positive
5292_10,Positive
5293_9,Positive
5294_10,Positive
5295_9,Positive
5296_7,Positive
5297_10,Positive
5298_9,Positive
5299_8,Positive
529_10,Positive
52_10,Positive
5300_7,Positive
5301_9,Positive
5302_10,Positive
5303_10,Positive
5304_10,Positive
5305_7,Positive
5306_10,Positive
5307_10,Positive
5308_10,Positive
5309_10,Positive
530_10,Positive
5310_9,Positive
5311_9,Positive
5312_7,Positive
5313_7,Positive
5314_8,Positive
5315_10,Positive
5316_10,Positive
5317_10,Positive
5318_8,Positive
5319_9,Positive
531_10,Positive
5320_10,Positive
5321_9,Negative
5322_7,Positive
5323_9,Positive
5324_10,Positive
5325_8,Positive
5326_8,Positive
5327_10,Positive
5328_10,Positive
5329_8,Positive
532_8,Negative
5330_8,Positive
5331_9,Positive
5332_8,Positive
5333_10,Positive
5334_7,Positive
5335_8,Positive
5336_8,Negative
5337_10,Positive
5338_8,Positive
5339_9,Positive
533_10,Positive
5340_8,Negative
5341_7,Positive
5342_9,Positive
5343_8,Positive
5344_7,Positive
5345_10,Negative
5346_10,Positive
5347_9,Positive
5348_7,Negative
5349_9,Positive
534_10,Positive
5350_10,Positive
5351_8,Positive
5352_10,Negative
5353_10,Positive
5354_10,Positive
5355_10,Positive
5356_7,Positive
5357_10,Positive
5358_9,Positive
5359_9,Positive
535_10,Positive
5360_10,Positive
5361_9,Positive
5362_10,Positive
5363_8,Positive
5364_10,Positive
5365_8,Positive
5366_10,Positive
5367_7,Positive
5368_8,Positive
5369_10,Positive
536_7,Negative
5370_9,Positive
5371_7,Positive
5372_8,Positive
5373_7,Negative
5374_9,Positive
5375_7,Positive
5376_7,Positive
5377_8,Positive
5378_7,Positive
5379_8,Positive
537_10,Positive
5380_8,Negative
5381_10,Positive
5382_9,Positive
5383_8,Positive
5384_10,Positive
5385_8,Positive
5386_10,Positive
5387_8,Negative
5388_8,Positive
5389_9,Positive
538_8,Positive
5390_7,Positive
5391_7,Positive
5392_7,Positive
5393_8,Positive
5394_8,Positive
5395_10,Positive
5396_10,Positive
5397_8,Negative
5398_10,Positive
5399_8,Positive
539_7,Negative
53_7,Negative
5400_9,Positive
5401_7,Negative
5402_7,Negative
5403_10,Positive
5404_7,Positive
5405_7,Negative
5406_7,Positive
5407_8,Positive
5408_7,Negative
5409_7,Positive
540_8,Positive
5410_7,Negative
5411_10,Positive
5412_10,Positive
5413_10,Positive
5414_9,Positive
5415_9,Positive
5416_8,Positive
5417_10,Positive
5418_9,Positive
5419_10,Positive
541_7,Negative
5420_10,Positive
5421_9,Positive
5422_10,Positive
5423_10,Positive
5424_10,Positive
5425_10,Positive
5426_10,Positive
5427_10,Positive
5428_10,Positive
5429_8,Positive
542_7,Positive
5430_8,Positive
5431_7,Positive
5432_9,Positive
5433_7,Positive
5434_7,Negative
5435_7,Positive
5436_9,Positive
5437_8,Negative
5438_8,Positive
5439_8,Positive
543_8,Positive
5440_8,Positive
5441_9,Positive
5442_8,Positive
5443_7,Positive
5444_10,Positive
5445_9,Positive
5446_7,Positive
5447_7,Positive
5448_7,Positive
5449_7,Negative
544_8,Positive
5450_7,Positive
5451_8,Positive
5452_8,Positive
5453_8,Positive
5454_7,Positive
5455_8,Positive
5456_9,Positive
5457_8,Positive
5458_9,Positive
5459_9,Positive
545_7,Positive
5460_10,Positive
5461_7,Positive
5462_8,Positive
5463_10,Negative
5464_10,Positive
5465_10,Positive
5466_10,Positive
5467_10,Positive
5468_10,Positive
5469_10,Positive
546_7,Positive
5470_7,Positive
5471_10,Positive
5472_10,Positive
5473_8,Positive
5474_8,Positive
5475_8,Positive
5476_7,Positive
5477_9,Positive
5478_9,Positive
5479_10,Positive
547_7,Positive
5480_7,Positive
5481_10,Positive
5482_8,Negative
5483_10,Positive
5484_10,Positive
5485_10,Positive
5486_7,Positive
5487_8,Negative
5488_8,Negative
5489_8,Positive
548_10,Positive
5490_9,Positive
5491_10,Positive
5492_10,Positive
5493_10,Positive
5494_7,Positive
5495_10,Positive
5496_8,Positive
5497_8,Positive
5498_9,Positive
5499_8,Positive
549_10,Positive
54_10,Positive
5500_9,Positive
5501_7,Positive
5502_10,Negative
5503_10,Positive
5504_10,Negative
5505_7,Positive
5506_9,Negative
5507_7,Positive
5508_7,Positive
5509_9,Positive
550_8,Positive
5510_9,Positive
5511_10,Negative
5512_10,Positive
5513_10,Positive
5514_10,Positive
5515_10,Positive
5516_8,Positive
5517_10,Positive
5518_10,Positive
5519_7,Positive
551_9,Positive
5520_10,Positive
5521_8,Positive
5522_10,Positive
5523_8,Positive
5524_10,Positive
5525_7,Negative
5526_9,Positive
5527_7,Positive
5528_8,Positive
5529_10,Positive
552_9,Positive
5530_9,Positive
5531_9,Negative
5532_8,Positive
5533_7,Negative
5534_8,Positive
5535_8,Negative
5536_10,Negative
5537_7,Negative
5538_8,Positive
5539_7,Negative
553_9,Positive
5540_7,Positive
5541_7,Negative
5542_8,Positive
5543_7,Positive
5544_8,Negative
5545_8,Positive
5546_10,Positive
5547_8,Positive
5548_9,Positive
5549_10,Positive
554_9,Positive
5550_8,Positive
5551_8,Positive
5552_8,Positive
5553_8,Positive
5554_10,Positive
5555_10,Positive
5556_10,Positive
5557_10,Positive
5558_10,Positive
5559_10,Positive
555_7,Positive
5560_10,Positive
5561_8,Positive
5562_9,Positive
5563_10,Negative
5564_10,Positive
5565_10,Positive
5566_10,Positive
5567_10,Positive
5568_8,Negative
5569_10,Positive
556_7,Positive
5570_10,Positive
5571_10,Positive
5572_7,Positive
5573_10,Positive
5574_10,Positive
5575_8,Positive
5576_10,Positive
5577_9,Positive
5578_10,Positive
5579_10,Positive
557_9,Positive
5580_10,Positive
5581_10,Negative
5582_10,Positive
5583_10,Positive
5584_8,Positive
5585_8,Positive
5586_10,Positive
5587_8,Negative
5588_10,Negative
5589_10,Negative
558_10,Positive
5590_8,Positive
5591_9,Positive
5592_8,Positive
5593_10,Positive
5594_10,Positive
5595_10,Positive
5596_9,Positive
5597_9,Positive
5598_8,Negative
5599_10,Positive
559_10,Positive
55_10,Positive
5600_10,Positive
5601_10,Positive
5602_10,Positive
5603_9,Positive
5604_8,Positive
5605_10,Negative
5606_7,Positive
5607_8,Positive
5608_8,Positive
5609_10,Positive
560_8,Positive
5610_7,Positive
5611_9,Positive
5612_10,Positive
5613_7,Positive
5614_10,Positive
5615_9,Positive
5616_10,Positive
5617_7,Positive
5618_7,Positive
5619_10,Positive
561_10,Positive
5620_10,Positive
5621_9,Positive
5622_8,Negative
5623_10,Negative
5624_10,Positive
5625_9,Positive
5626_10,Positive
5627_10,Negative
5628_10,Positive
5629_10,Positive
562_8,Negative
5630_8,Positive
5631_9,Positive
5632_10,Positive
5633_8,Negative
5634_8,Positive
5635_9,Positive
5636_8,Positive
5637_10,Positive
5638_10,Positive
5639_9,Positive
563_10,Positive
5640_9,Positive
5641_7,Negative
5642_8,Positive
5643_7,Positive
5644_9,Positive
5645_10,Negative
5646_10,Positive
5647_10,Negative
5648_9,Negative
5649_7,Positive
564_9,Negative
5650_10,Positive
5651_10,Positive
5652_10,Positive
5653_10,Positive
5654_10,Negative
5655_10,Negative
5656_8,Positive
5657_10,Positive
5658_9,Negative
5659_10,Positive
565_8,Positive
5660_10,Positive
5661_10,Positive
5662_8,Positive
5663_10,Positive
5664_10,Positive
5665_10,Positive
5666_10,Positive
5667_10,Positive
5668_10,Positive
5669_10,Positive
566_9,Negative
5670_8,Positive
5671_8,Positive
5672_7,Negative
5673_8,Positive
5674_7,Positive
5675_9,Positive
5676_7,Positive
5677_10,Positive
5678_10,Positive
5679_7,Negative
567_9,Negative
5680_7,Negative
5681_9,Positive
5682_10,Negative
5683_9,Positive
5684_8,Positive
5685_9,Positive
5686_8,Positive
5687_9,Positive
5688_7,Positive
5689_8,Positive
568_9,Negative
5690_8,Negative
5691_7,Positive
5692_8,Positive
5693_7,Positive
5694_9,Positive
5695_10,Negative
5696_9,Negative
5697_7,Positive
5698_8,Negative
5699_7,Negative
569_7,Positive
56_10,Positive
5700_9,Negative
5701_10,Positive
5702_10,Positive
5703_8,Positive
5704_9,Positive
5705_10,Positive
5706_9,Positive
5707_10,Positive
5708_8,Positive
5709_9,Positive
570_9,Positive
5710_10,Positive
5711_10,Negative
5712_10,Positive
5713_10,Positive
5714_10,Positive
5715_10,Positive
5716_10,Positive
5717_10,Positive
5718_10,Positive
5719_8,Positive
571_10,Positive
5720_10,Positive
5721_10,Positive
5722_9,Positive
5723_8,Positive
5724_8,Positive
5725_10,Positive
5726_10,Positive
5727_7,Positive
5728_10,Positive
5729_10,Positive
572_10,Positive
5730_10,Positive
5731_9,Positive
5732_10,Positive
5733_9,Negative
5734_10,Positive
5735_7,Positive
5736_8,Positive
5737_7,Positive
5738_7,Positive
5739_7,Positive
573_10,Positive
5740_10,Positive
5741_10,Positive
5742_10,Negative
5743_10,Negative
5744_10,Negative
5745_7,Negative
5746_10,Positive
5747_7,Positive
5748_9,Positive
5749_8,Positive
574_10,Positive
5750_8,Positive
5751_10,Positive
5752_7,Positive
5753_10,Positive
5754_10,Positive
5755_8,Positive
5756_9,Negative
5757_8,Positive
5758_7,Positive
5759_10,Positive
575_7,Negative
5760_10,Negative
5761_10,Positive
5762_9,Positive
5763_10,Positive
5764_10,Positive
5765_7,Positive
5766_7,Positive
5767_10,Positive
5768_9,Positive
5769_9,Positive
576_8,Positive
5770_7,Positive
5771_8,Positive
5772_9,Positive
5773_10,Positive
5774_10,Positive
5775_10,Positive
5776_8,Negative
5777_10,Positive
5778_7,Negative
5779_10,Positive
577_8,Positive
5780_9,Positive
5781_7,Positive
5782_10,Negative
5783_9,Negative
5784_9,Negative
5785_8,Negative
5786_10,Negative
5787_8,Positive
5788_10,Negative
5789_10,Positive
578_9,Positive
5790_9,Positive
5791_10,Positive
5792_10,Positive
5793_8,Positive
5794_8,Positive
5795_8,Positive
5796_9,Positive
5797_7,Positive
5798_10,Positive
5799_10,Negative
579_10,Positive
57_10,Positive
5800_7,Positive
5801_9,Negative
5802_8,Positive
5803_9,Positive
5804_10,Positive
5805_10,Positive
5806_10,Positive
5807_10,Positive
5808_10,Positive
5809_10,Positive
580_10,Positive
5810_7,Positive
5811_7,Positive
5812_8,Positive
5813_10,Positive
5814_10,Positive
5815_9,Positive
5816_10,Positive
5817_8,Negative
5818_10,Positive
5819_10,Positive
581_9,Positive
5820_9,Positive
5821_10,Positive
5822_10,Positive
5823_10,Negative
5824_10,Positive
5825_10,Positive
5826_10,Positive
5827_10,Positive
5828_10,Positive
5829_10,Positive
582_10,Positive
5830_10,Positive
5831_10,Positive
5832_10,Positive
5833_7,Positive
5834_7,Positive
5835_10,Negative
5836_10,Negative
5837_10,Positive
5838_10,Positive
5839_9,Negative
583_8,Positive
5840_10,Positive
5841_10,Positive
5842_10,Positive
5843_10,Negative
5844_9,Positive
5845_10,Positive
5846_10,Positive
5847_7,Positive
5848_7,Positive
5849_7,Negative
584_10,Positive
5850_8,Positive
5851_7,Positive
5852_7,Negative
5853_8,Negative
5854_10,Positive
5855_7,Positive
5856_7,Positive
5857_7,Negative
5858_8,Positive
5859_9,Positive
585_10,Positive
5860_7,Negative
5861_8,Positive
5862_7,Positive
5863_10,Positive
5864_10,Negative
5865_10,Negative
5866_8,Positive
5867_7,Positive
5868_7,Negative
5869_10,Positive
586_8,Positive
5870_8,Positive
5871_10,Positive
5872_10,Positive
5873_10,Negative
5874_10,Positive
5875_8,Positive
5876_10,Negative
5877_10,Positive
5878_10,Positive
5879_10,Positive
587_8,Positive
5880_10,Positive
5881_10,Positive
5882_9,Positive
5883_10,Positive
5884_9,Positive
5885_10,Positive
5886_8,Positive
5887_10,Positive
5888_10,Positive
5889_10,Positive
588_7,Positive
5890_10,Positive
5891_10,Positive
5892_10,Positive
5893_10,Positive
5894_10,Positive
5895_10,Positive
5896_10,Positive
5897_10,Positive
5898_9,Positive
5899_10,Positive
589_10,Positive
58_8,Positive
5900_10,Positive
5901_10,Positive
5902_7,Positive
5903_9,Positive
5904_10,Positive
5905_9,Positive
5906_10,Positive
5907_7,Negative
5908_10,Positive
5909_8,Positive
590_7,Positive
5910_7,Positive
5911_9,Positive
5912_10,Positive
5913_10,Positive
5914_10,Positive
5915_8,Positive
5916_7,Positive
5917_8,Positive
5918_7,Positive
5919_8,Positive
591_8,Positive
5920_7,Positive
5921_10,Positive
5922_8,Positive
5923_10,Positive
5924_8,Positive
5925_9,Positive
5926_9,Positive
5927_8,Positive
5928_8,Positive
5929_8,Negative
592_10,Positive
5930_8,Negative
5931_8,Positive
5932_7,Positive
5933_7,Negative
5934_9,Positive
5935_7,Positive
5936_8,Positive
5937_9,Positive
5938_10,Positive
5939_7,Negative
593_10,Positive
5940_9,Positive
5941_8,Positive
5942_7,Positive
5943_8,Positive
5944_7,Negative
5945_10,Positive
5946_7,Negative
5947_7,Negative
5948_9,Positive
5949_7,Positive
594_9,Positive
5950_10,Negative
5951_9,Positive
5952_9,Positive
5953_8,Positive
5954_10,Positive
5955_9,Positive
5956_7,Positive
5957_9,Positive
5958_9,Positive
5959_7,Negative
595_10,Positive
5960_8,Positive
5961_8,Positive
5962_9,Positive
5963_10,Positive
5964_7,Positive
5965_7,Positive
5966_7,Positive
5967_7,Positive
5968_8,Negative
5969_10,Positive
596_10,Positive
5970_9,Positive
5971_10,Negative
5972_9,Positive
5973_9,Positive
5974_10,Positive
5975_10,Positive
5976_10,Positive
5977_10,Negative
5978_10,Positive
5979_10,Positive
597_9,Positive
5980_10,Positive
5981_10,Positive
5982_9,Positive
5983_10,Positive
5984_10,Positive
5985_9,Positive
5986_9,Positive
5987_7,Positive
5988_10,Positive
5989_10,Positive
598_9,Positive
5990_10,Positive
5991_9,Positive
5992_10,Positive
5993_10,Positive
5994_10,Positive
5995_8,Negative
5996_8,Negative
5997_7,Negative
5998_7,Negative
5999_8,Positive
599_9,Positive
59_10,Positive
5_7,Positive
6000_10,Positive
6001_9,Positive
6002_7,Positive
6003_9,Positive
6004_8,Negative
6005_9,Positive
6006_8,Positive
6007_10,Positive
6008_10,Positive
6009_8,Positive
600_8,Positive
6010_10,Positive
6011_10,Positive
6012_8,Positive
6013_7,Negative
6014_9,Positive
6015_9,Positive
6016_7,Positive
6017_10,Positive
6018_7,Negative
6019_10,Positive
601_10,Positive
6020_9,Positive
6021_10,Positive
6022_8,Positive
6023_10,Positive
6024_7,Positive
6025_8,Positive
6026_8,Positive
6027_9,Positive
6028_10,Positive
6029_9,Positive
602_10,Positive
6030_9,Positive
6031_9,Negative
6032_7,Positive
6033_8,Positive
6034_10,Positive
6035_8,Positive
6036_7,Negative
6037_10,Positive
6038_10,Positive
6039_9,Positive
603_8,Positive
6040_8,Positive
6041_8,Negative
6042_10,Negative
6043_9,Positive
6044_10,Positive
6045_7,Positive
6046_10,Negative
6047_10,Positive
6048_10,Positive
6049_9,Positive
604_10,Positive
6050_10,Negative
6051_9,Positive
6052_10,Positive
6053_8,Positive
6054_10,Positive
6055_10,Positive
6056_10,Positive
6057_8,Negative
6058_8,Positive
6059_10,Positive
605_10,Positive
6060_9,Negative
6061_10,Positive
6062_8,Positive
6063_9,Positive
6064_9,Positive
6065_8,Positive
6066_9,Positive
6067_10,Positive
6068_10,Positive
6069_10,Positive
606_9,Positive
6070_10,Positive
6071_10,Positive
6072_10,Positive
6073_10,Positive
6074_7,Negative
6075_10,Positive
6076_9,Positive
6077_9,Positive
6078_8,Positive
6079_7,Positive
607_10,Positive
6080_9,Negative
6081_10,Positive
6082_8,Positive
6083_10,Positive
6084_10,Positive
6085_8,Positive
6086_9,Positive
6087_9,Positive
6088_10,Positive
6089_10,Positive
608_8,Positive
6090_10,Positive
6091_9,Positive
6092_10,Positive
6093_9,Positive
6094_10,Positive
6095_9,Positive
6096_9,Positive
6097_10,Positive
6098_9,Positive
6099_7,Positive
609_7,Negative
60_8,Negative
6100_10,Positive
6101_10,Positive
6102_10,Positive
6103_7,Positive
6104_10,Positive
6105_10,Positive
6106_9,Positive
6107_8,Positive
6108_8,Positive
6109_10,Positive
610_9,Positive
6110_10,Positive
6111_8,Positive
6112_8,Positive
6113_10,Positive
6114_10,Negative
6115_10,Positive
6116_10,Positive
6117_10,Positive
6118_10,Positive
6119_10,Positive
611_10,Positive
6120_8,Positive
6121_9,Positive
6122_8,Negative
6123_10,Positive
6124_10,Negative
6125_7,Positive
6126_8,Positive
6127_7,Negative
6128_10,Negative
6129_8,Negative
612_9,Positive
6130_9,Positive
6131_7,Positive
6132_10,Positive
6133_8,Negative
6134_7,Positive
6135_9,Positive
6136_10,Positive
6137_10,Positive
6138_10,Positive
6139_10,Positive
613_10,Positive
6140_7,Positive
6141_10,Positive
6142_10,Positive
6143_9,Positive
6144_10,Positive
6145_8,Positive
6146_9,Positive
6147_10,Positive
6148_9,Positive
6149_10,Positive
614_10,Positive
6150_7,Negative
6151_10,Positive
6152_8,Positive
6153_10,Negative
6154_10,Positive
6155_10,Positive
6156_8,Positive
6157_9,Positive
6158_10,Positive
6159_8,Positive
615_8,Positive
6160_10,Positive
6161_8,Positive
6162_10,Positive
6163_8,Negative
6164_10,Positive
6165_8,Positive
6166_7,Positive
6167_10,Positive
6168_8,Positive
6169_8,Positive
616_10,Positive
6170_10,Positive
6171_10,Positive
6172_9,Positive
6173_10,Positive
6174_8,Positive
6175_10,Positive
6176_8,Positive
6177_8,Positive
6178_10,Positive
6179_10,Positive
617_9,Negative
6180_10,Positive
6181_8,Positive
6182_8,Positive
6183_9,Negative
6184_8,Negative
6185_9,Positive
6186_7,Positive
6187_10,Positive
6188_10,Positive
6189_7,Negative
618_7,Positive
6190_8,Positive
6191_10,Positive
6192_10,Positive
6193_10,Negative
6194_10,Positive
6195_10,Negative
6196_7,Positive
6197_7,Positive
6198_10,Positive
6199_8,Positive
619_10,Negative
61_9,Positive
6200_8,Negative
6201_9,Positive
6202_7,Negative
6203_10,Negative
6204_10,Positive
6205_9,Positive
6206_7,Positive
6207_7,Negative
6208_7,Positive
6209_8,Positive
620_8,Positive
6210_8,Positive
6211_8,Positive
6212_10,Positive
6213_8,Negative
6214_8,Positive
6215_8,Positive
6216_7,Positive
6217_10,Negative
6218_8,Negative
6219_10,Positive
621_7,Positive
6220_10,Positive
6221_8,Positive
6222_9,Positive
6223_7,Positive
6224_8,Positive
6225_8,Positive
6226_7,Positive
6227_8,Positive
6228_7,Positive
6229_8,Positive
622_10,Positive
6230_7,Positive
6231_9,Negative
6232_9,Positive
6233_8,Positive
6234_8,Positive
6235_10,Negative
6236_7,Negative
6237_8,Positive
6238_8,Positive
6239_8,Negative
623_8,Positive
6240_10,Positive
6241_10,Positive
6242_8,Positive
6243_8,Positive
6244_10,Positive
6245_8,Positive
6246_10,Positive
6247_10,Negative
6248_8,Positive
6249_9,Positive
624_10,Positive
6250_9,Positive
6251_10,Positive
6252_8,Negative
6253_10,Positive
6254_7,Positive
6255_10,Negative
6256_8,Negative
6257_8,Negative
6258_8,Positive
6259_7,Positive
625_10,Positive
6260_9,Positive
6261_8,Positive
6262_8,Positive
6263_10,Positive
6264_8,Positive
6265_8,Positive
6266_7,Positive
6267_7,Positive
6268_8,Negative
6269_10,Positive
626_10,Positive
6270_10,Negative
6271_9,Negative
6272_9,Negative
6273_10,Negative
6274_10,Positive
6275_9,Negative
6276_8,Positive
6277_10,Positive
6278_9,Negative
6279_8,Negative
627_7,Negative
6280_7,Positive
6281_7,Positive
6282_10,Positive
6283_8,Positive
6284_7,Positive
6285_8,Positive
6286_10,Negative
6287_7,Negative
6288_10,Positive
6289_7,Negative
628_8,Negative
6290_7,Positive
6291_7,Negative
6292_8,Positive
6293_10,Positive
6294_7,Positive
6295_8,Positive
6296_10,Positive
6297_10,Positive
6298_7,Positive
6299_8,Positive
629_7,Negative
62_8,Positive
6300_7,Positive
6301_7,Positive
6302_8,Positive
6303_9,Positive
6304_9,Positive
6305_10,Positive
6306_10,Positive
6307_9,Positive
6308_8,Positive
6309_9,Positive
630_7,Positive
6310_10,Positive
6311_9,Positive
6312_9,Positive
6313_8,Positive
6314_10,Positive
6315_8,Positive
6316_9,Positive
6317_9,Positive
6318_7,Positive
6319_10,Negative
631_10,Positive
6320_10,Positive
6321_9,Positive
6322_9,Positive
6323_9,Positive
6324_10,Positive
6325_9,Negative
6326_8,Positive
6327_7,Positive
6328_10,Positive
6329_7,Positive
632_8,Positive
6330_10,Positive
6331_10,Positive
6332_10,Positive
6333_9,Positive
6334_8,Positive
6335_10,Positive
6336_10,Positive
6337_7,Positive
6338_7,Positive
6339_10,Positive
633_10,Positive
6340_7,Positive
6341_9,Positive
6342_9,Positive
6343_8,Negative
6344_9,Positive
6345_9,Positive
6346_10,Positive
6347_8,Positive
6348_8,Negative
6349_9,Positive
634_10,Positive
6350_8,Positive
6351_7,Positive
6352_9,Positive
6353_7,Negative
6354_10,Positive
6355_9,Negative
6356_9,Positive
6357_10,Positive
6358_10,Positive
6359_8,Positive
635_8,Positive
6360_7,Positive
6361_7,Positive
6362_10,Positive
6363_7,Positive
6364_10,Positive
6365_7,Negative
6366_9,Positive
6367_10,Positive
6368_7,Negative
6369_9,Positive
636_9,Positive
6370_10,Positive
6371_10,Negative
6372_9,Positive
6373_10,Positive
6374_10,Positive
6375_10,Positive
6376_10,Positive
6377_8,Positive
6378_9,Positive
6379_8,Positive
637_9,Positive
6380_9,Negative
6381_9,Positive
6382_10,Positive
6383_10,Positive
6384_10,Positive
6385_10,Positive
6386_7,Positive
6387_7,Negative
6388_10,Positive
6389_8,Negative
638_7,Positive
6390_10,Positive
6391_7,Positive
6392_10,Positive
6393_10,Positive
6394_10,Positive
6395_10,Positive
6396_8,Positive
6397_7,Negative
6398_9,Positive
6399_10,Positive
639_7,Positive
63_10,Positive
6400_10,Positive
6401_10,Positive
6402_10,Positive
6403_10,Positive
6404_10,Positive
6405_10,Positive
6406_10,Positive
6407_10,Negative
6408_7,Positive
6409_10,Positive
640_9,Positive
6410_8,Positive
6411_8,Positive
6412_10,Positive
6413_8,Positive
6414_9,Negative
6415_8,Positive
6416_10,Positive
6417_8,Negative
6418_8,Positive
6419_7,Positive
641_8,Positive
6420_8,Positive
6421_7,Positive
6422_8,Positive
6423_8,Positive
6424_8,Positive
6425_9,Positive
6426_7,Negative
6427_7,Positive
6428_8,Positive
6429_10,Positive
642_9,Positive
6430_10,Positive
6431_8,Positive
6432_9,Positive
6433_7,Positive
6434_9,Positive
6435_10,Negative
6436_10,Positive
6437_7,Positive
6438_7,Positive
6439_7,Positive
643_7,Positive
6440_7,Positive
6441_7,Positive
6442_8,Positive
6443_10,Positive
6444_7,Positive
6445_10,Positive
6446_10,Positive
6447_10,Positive
6448_9,Positive
6449_8,Positive
644_8,Positive
6450_10,Positive
6451_9,Positive
6452_10,Positive
6453_10,Positive
6454_8,Negative
6455_7,Positive
6456_9,Positive
6457_10,Positive
6458_7,Positive
6459_7,Positive
645_10,Positive
6460_8,Positive
6461_10,Positive
6462_8,Positive
6463_10,Positive
6464_9,Positive
6465_8,Positive
6466_10,Positive
6467_7,Positive
6468_8,Positive
6469_7,Positive
646_9,Positive
6470_8,Positive
6471_7,Positive
6472_7,Positive
6473_10,Positive
6474_7,Positive
6475_10,Positive
6476_8,Positive
6477_9,Positive
6478_10,Positive
6479_10,Positive
647_9,Negative
6480_10,Positive
6481_7,Positive
6482_7,Positive
6483_10,Positive
6484_10,Positive
6485_10,Negative
6486_10,Positive
6487_7,Positive
6488_7,Positive
6489_8,Positive
648_8,Positive
6490_8,Positive
6491_10,Positive
6492_7,Positive
6493_9,Negative
6494_8,Positive
6495_8,Negative
6496_8,Positive
6497_10,Positive
6498_10,Positive
6499_8,Negative
649_7,Positive
64_10,Positive
6500_7,Positive
6501_10,Positive
6502_9,Positive
6503_7,Negative
6504_9,Positive
6505_8,Positive
6506_8,Positive
6507_8,Positive
6508_9,Positive
6509_8,Negative
650_10,Positive
6510_7,Negative
6511_7,Positive
6512_7,Negative
6513_7,Positive
6514_8,Positive
6515_9,Positive
6516_10,Positive
6517_8,Positive
6518_10,Positive
6519_9,Positive
651_9,Positive
6520_8,Positive
6521_8,Positive
6522_10,Negative
6523_10,Positive
6524_9,Positive
6525_10,Positive
6526_7,Negative
6527_10,Positive
6528_10,Positive
6529_10,Positive
652_8,Positive
6530_9,Positive
6531_10,Positive
6532_9,Positive
6533_10,Positive
6534_8,Positive
6535_7,Positive
6536_10,Positive
6537_10,Positive
6538_9,Positive
6539_9,Positive
653_10,Positive
6540_7,Positive
6541_7,Negative
6542_9,Positive
6543_10,Positive
6544_10,Negative
6545_10,Positive
6546_10,Positive
6547_10,Positive
6548_8,Positive
6549_7,Positive
654_9,Positive
6550_7,Negative
6551_7,Positive
6552_10,Positive
6553_10,Positive
6554_8,Negative
6555_7,Positive
6556_8,Positive
6557_7,Positive
6558_8,Positive
6559_7,Negative
655_10,Positive
6560_10,Positive
6561_8,Positive
6562_8,Positive
6563_8,Positive
6564_7,Positive
6565_8,Positive
6566_7,Positive
6567_8,Positive
6568_8,Positive
6569_9,Positive
656_7,Positive
6570_8,Negative
6571_10,Positive
6572_9,Negative
6573_9,Positive
6574_10,Positive
6575_10,Positive
6576_10,Positive
6577_10,Positive
6578_7,Positive
6579_7,Positive
657_10,Positive
6580_7,Positive
6581_10,Positive
6582_8,Negative
6583_7,Positive
6584_7,Positive
6585_9,Positive
6586_8,Positive
6587_9,Positive
6588_9,Positive
6589_9,Positive
658_7,Positive
6590_7,Positive
6591_7,Positive
6592_10,Positive
6593_8,Positive
6594_10,Positive
6595_9,Positive
6596_10,Positive
6597_9,Positive
6598_10,Positive
6599_7,Negative
659_8,Positive
65_7,Positive
6600_10,Positive
6601_9,Positive
6602_7,Positive
6603_10,Positive
6604_7,Positive
6605_10,Positive
6606_9,Negative
6607_9,Positive
6608_9,Positive
6609_9,Positive
660_8,Negative
6610_10,Positive
6611_7,Positive
6612_8,Positive
6613_10,Positive
6614_10,Positive
6615_9,Positive
6616_8,Positive
6617_7,Positive
6618_7,Positive
6619_10,Positive
661_9,Negative
6620_10,Positive
6621_10,Positive
6622_9,Negative
6623_7,Positive
6624_7,Negative
6625_8,Positive
6626_7,Negative
6627_7,Positive
6628_10,Positive
6629_10,Positive
662_9,Negative
6630_10,Positive
6631_10,Positive
6632_10,Positive
6633_8,Negative
6634_9,Positive
6635_10,Positive
6636_8,Positive
6637_8,Positive
6638_10,Positive
6639_8,Negative
663_9,Positive
6640_9,Negative
6641_9,Positive
6642_9,Positive
6643_10,Positive
6644_10,Negative
6645_10,Positive
6646_10,Positive
6647_10,Positive
6648_9,Negative
6649_10,Negative
664_9,Positive
6650_8,Positive
6651_7,Negative
6652_8,Positive
6653_7,Positive
6654_10,Positive
6655_7,Negative
6656_8,Positive
6657_10,Positive
6658_7,Positive
6659_7,Positive
665_10,Negative
6660_7,Positive
6661_9,Positive
6662_9,Positive
6663_10,Positive
6664_8,Positive
6665_8,Positive
6666_8,Positive
6667_9,Positive
6668_10,Positive
6669_9,Negative
666_7,Negative
6670_7,Positive
6671_8,Positive
6672_10,Positive
6673_8,Positive
6674_10,Positive
6675_7,Positive
6676_10,Positive
6677_8,Positive
6678_10,Positive
6679_9,Positive
667_10,Positive
6680_9,Positive
6681_10,Positive
6682_10,Positive
6683_9,Positive
6684_9,Positive
6685_7,Positive
6686_10,Positive
6687_9,Positive
6688_9,Positive
6689_9,Positive
668_10,Negative
6690_8,Positive
6691_9,Positive
6692_8,Positive
6693_10,Positive
6694_9,Positive
6695_7,Positive
6696_9,Positive
6697_7,Negative
6698_10,Positive
6699_8,Negative
669_10,Negative
66_10,Positive
6700_7,Positive
6701_7,Negative
6702_7,Negative
6703_8,Positive
6704_10,Negative
6705_8,Negative
6706_10,Positive
6707_10,Positive
6708_10,Positive
6709_9,Negative
670_7,Positive
6710_8,Positive
6711_7,Negative
6712_8,Positive
6713_8,Positive
6714_7,Negative
6715_7,Positive
6716_8,Positive
6717_8,Negative
6718_10,Positive
6719_7,Positive
671_8,Positive
6720_7,Positive
6721_8,Negative
6722_10,Negative
6723_7,Positive
6724_10,Positive
6725_8,Positive
6726_9,Positive
6727_10,Positive
6728_9,Positive
6729_8,Positive
672_8,Positive
6730_7,Negative
6731_10,Negative
6732_9,Positive
6733_10,Positive
6734_10,Positive
6735_10,Positive
6736_9,Positive
6737_10,Positive
6738_10,Positive
6739_7,Negative
673_8,Positive
6740_10,Positive
6741_9,Positive
6742_10,Positive
6743_8,Positive
6744_7,Negative
6745_7,Positive
6746_7,Positive
6747_8,Positive
6748_8,Positive
6749_10,Positive
674_9,Positive
6750_10,Negative
6751_8,Positive
6752_10,Positive
6753_9,Negative
6754_10,Positive
6755_8,Positive
6756_9,Positive
6757_10,Positive
6758_10,Positive
6759_10,Negative
675_8,Positive
6760_7,Positive
6761_10,Positive
6762_8,Positive
6763_8,Positive
6764_10,Positive
6765_10,Positive
6766_8,Positive
6767_9,Positive
6768_8,Positive
6769_7,Positive
676_7,Positive
6770_8,Positive
6771_9,Positive
6772_7,Positive
6773_8,Positive
6774_9,Positive
6775_9,Positive
6776_9,Positive
6777_10,Positive
6778_8,Positive
6779_10,Positive
677_9,Positive
6780_8,Positive
6781_7,Positive
6782_10,Positive
6783_10,Positive
6784_7,Positive
6785_7,Positive
6786_10,Positive
6787_10,Positive
6788_9,Negative
6789_10,Positive
678_7,Negative
6790_9,Positive
6791_10,Positive
6792_9,Positive
6793_10,Positive
6794_10,Positive
6795_10,Positive
6796_10,Positive
6797_10,Positive
6798_8,Positive
6799_10,Positive
679_10,Positive
67_10,Positive
6800_10,Positive
6801_8,Positive
6802_7,Positive
6803_9,Positive
6804_8,Positive
6805_10,Positive
6806_10,Positive
6807_10,Positive
6808_9,Positive
6809_8,Positive
680_8,Positive
6810_8,Positive
6811_8,Positive
6812_8,Negative
6813_10,Negative
6814_10,Positive
6815_10,Positive
6816_10,Positive
6817_10,Positive
6818_9,Positive
6819_10,Positive
681_7,Positive
6820_10,Positive
6821_7,Positive
6822_8,Positive
6823_8,Positive
6824_7,Positive
6825_9,Positive
6826_7,Negative
6827_8,Positive
6828_8,Positive
6829_10,Positive
682_9,Negative
6830_9,Negative
6831_8,Positive
6832_7,Negative
6833_10,Positive
6834_10,Positive
6835_10,Positive
6836_7,Positive
6837_7,Negative
6838_9,Positive
6839_8,Positive
683_7,Positive
6840_10,Positive
6841_10,Positive
6842_8,Positive
6843_10,Positive
6844_10,Positive
6845_10,Positive
6846_8,Positive
6847_10,Positive
6848_8,Negative
6849_8,Positive
684_9,Positive
6850_10,Positive
6851_7,Positive
6852_7,Negative
6853_8,Positive
6854_7,Positive
6855_7,Positive
6856_7,Negative
6857_10,Positive
6858_8,Positive
6859_8,Positive
685_8,Positive
6860_8,Positive
6861_7,Negative
6862_7,Positive
6863_9,Positive
6864_7,Negative
6865_7,Positive
6866_9,Positive
6867_8,Negative
6868_9,Positive
6869_7,Positive
686_8,Positive
6870_8,Positive
6871_9,Positive
6872_8,Positive
6873_8,Positive
6874_7,Positive
6875_8,Positive
6876_10,Positive
6877_7,Positive
6878_9,Positive
6879_8,Positive
687_9,Positive
6880_7,Positive
6881_8,Positive
6882_7,Positive
6883_10,Negative
6884_7,Positive
6885_7,Negative
6886_9,Positive
6887_10,Positive
6888_10,Positive
6889_10,Positive
688_7,Negative
6890_10,Positive
6891_10,Positive
6892_10,Positive
6893_7,Negative
6894_7,Positive
6895_7,Negative
6896_10,Negative
6897_7,Negative
6898_10,Positive
6899_8,Negative
689_7,Positive
68_9,Positive
6900_8,Positive
6901_8,Positive
6902_7,Positive
6903_10,Positive
6904_9,Positive
6905_9,Positive
6906_9,Positive
6907_8,Positive
6908_9,Positive
6909_9,Positive
690_10,Positive
6910_8,Positive
6911_9,Positive
6912_7,Positive
6913_9,Positive
6914_10,Positive
6915_10,Positive
6916_9,Positive
6917_9,Positive
6918_10,Negative
6919_10,Positive
691_7,Positive
6920_7,Positive
6921_8,Positive
6922_8,Positive
6923_9,Positive
6924_9,Positive
6925_10,Positive
6926_10,Positive
6927_7,Negative
6928_8,Positive
6929_8,Positive
692_7,Positive
6930_7,Negative
6931_7,Positive
6932_10,Negative
6933_7,Positive
6934_10,Positive
6935_9,Positive
6936_9,Negative
6937_7,Positive
6938_8,Negative
6939_10,Positive
693_9,Positive
6940_10,Negative
6941_8,Negative
6942_10,Positive
6943_8,Positive
6944_10,Negative
6945_9,Negative
6946_9,Positive
6947_10,Positive
6948_9,Positive
6949_9,Positive
694_8,Negative
6950_10,Positive
6951_10,Positive
6952_8,Positive
6953_9,Positive
6954_10,Positive
6955_9,Positive
6956_8,Positive
6957_8,Positive
6958_10,Positive
6959_9,Positive
695_10,Negative
6960_10,Positive
6961_9,Positive
6962_9,Positive
6963_8,Negative
6964_8,Negative
6965_10,Positive
6966_7,Negative
6967_9,Positive
6968_10,Positive
6969_10,Positive
696_10,Positive
6970_10,Positive
6971_8,Positive
6972_7,Positive
6973_7,Positive
6974_7,Positive
6975_8,Positive
6976_10,Positive
6977_9,Negative
6978_8,Positive
6979_10,Positive
697_10,Positive
6980_9,Negative
6981_7,Negative
6982_10,Positive
6983_7,Positive
6984_8,Positive
6985_7,Positive
6986_8,Negative
6987_10,Negative
6988_9,Positive
6989_10,Positive
698_10,Positive
6990_8,Positive
6991_7,Positive
6992_9,Positive
6993_8,Negative
6994_8,Positive
6995_8,Negative
6996_9,Negative
6997_10,Positive
6998_7,Positive
6999_10,Positive
699_9,Positive
69_10,Positive
6_7,Positive
7000_8,Positive
7001_10,Positive
7002_10,Positive
7003_10,Positive
7004_8,Positive
7005_8,Positive
7006_8,Positive
7007_10,Positive
7008_10,Positive
7009_10,Positive
700_7,Positive
7010_10,Positive
7011_10,Positive
7012_9,Negative
7013_10,Positive
7014_10,Positive
7015_10,Positive
7016_10,Positive
7017_10,Positive
7018_10,Positive
7019_10,Positive
701_8,Positive
7020_8,Positive
7021_10,Positive
7022_8,Positive
7023_7,Positive
7024_10,Positive
7025_9,Positive
7026_10,Positive
7027_9,Positive
7028_10,Positive
7029_10,Positive
702_7,Positive
7030_10,Positive
7031_10,Positive
7032_10,Positive
7033_10,Positive
7034_10,Positive
7035_10,Positive
7036_10,Positive
7037_9,Positive
7038_9,Positive
7039_8,Positive
703_8,Positive
7040_10,Positive
7041_10,Positive
7042_8,Positive
7043_10,Negative
7044_10,Negative
7045_7,Negative
7046_7,Positive
7047_10,Positive
7048_7,Positive
7049_8,Positive
704_8,Negative
7050_8,Positive
7051_7,Positive
7052_7,Positive
7053_10,Negative
7054_7,Positive
7055_8,Positive
7056_7,Positive
7057_7,Negative
7058_10,Positive
7059_8,Negative
705_10,Positive
7060_9,Positive
7061_9,Positive
7062_9,Positive
7063_9,Positive
7064_9,Positive
7065_8,Positive
7066_10,Positive
7067_10,Positive
7068_10,Negative
7069_10,Negative
706_10,Positive
7070_10,Positive
7071_10,Negative
7072_8,Positive
7073_10,Positive
7074_10,Positive
7075_10,Positive
7076_10,Positive
7077_10,Positive
7078_10,Positive
7079_7,Positive
707_10,Positive
7080_9,Positive
7081_8,Negative
7082_10,Negative
7083_9,Positive
7084_8,Positive
7085_7,Positive
7086_8,Positive
7087_10,Negative
7088_7,Positive
7089_9,Positive
708_10,Positive
7090_10,Negative
7091_7,Negative
7092_8,Positive
7093_10,Positive
7094_7,Negative
7095_7,Positive
7096_10,Positive
7097_10,Negative
7098_10,Positive
7099_10,Negative
709_9,Positive
70_8,Positive
7100_7,Positive
7101_7,Positive
7102_8,Positive
7103_8,Positive
7104_7,Negative
7105_8,Negative
7106_8,Negative
7107_7,Negative
7108_8,Negative
7109_7,Positive
710_10,Positive
7110_7,Positive
7111_7,Positive
7112_8,Positive
7113_7,Negative
7114_8,Positive
7115_8,Positive
7116_7,Negative
7117_10,Positive
7118_10,Positive
7119_7,Negative
711_10,Negative
7120_10,Negative
7121_10,Negative
7122_10,Negative
7123_10,Negative
7124_10,Positive
7125_8,Positive
7126_10,Negative
7127_10,Positive
7128_9,Positive
7129_8,Positive
712_9,Positive
7130_9,Positive
7131_9,Positive
7132_9,Negative
7133_9,Positive
7134_9,Positive
7135_9,Positive
7136_10,Positive
7137_8,Negative
7138_8,Positive
7139_10,Positive
713_8,Positive
7140_10,Positive
7141_7,Positive
7142_8,Positive
7143_10,Positive
7144_10,Positive
7145_10,Positive
7146_9,Positive
7147_10,Positive
7148_9,Positive
7149_8,Positive
714_10,Positive
7150_10,Positive
7151_10,Positive
7152_10,Positive
7153_8,Positive
7154_10,Positive
7155_9,Positive
7156_10,Positive
7157_10,Positive
7158_10,Positive
7159_10,Positive
715_10,Positive
7160_10,Positive
7161_10,Positive
7162_9,Positive
7163_10,Positive
7164_8,Positive
7165_10,Positive
7166_9,Positive
7167_8,Negative
7168_10,Positive
7169_10,Positive
716_10,Positive
7170_9,Positive
7171_9,Positive
7172_9,Positive
7173_10,Positive
7174_7,Positive
7175_7,Negative
7176_10,Negative
7177_10,Positive
7178_10,Positive
7179_10,Positive
717_8,Positive
7180_7,Positive
7181_9,Positive
7182_7,Positive
7183_10,Positive
7184_9,Positive
7185_8,Positive
7186_7,Positive
7187_7,Positive
7188_7,Positive
7189_9,Positive
718_10,Positive
7190_8,Positive
7191_7,Positive
7192_8,Positive
7193_9,Positive
7194_9,Positive
7195_10,Positive
7196_8,Positive
7197_10,Positive
7198_10,Positive
7199_10,Positive
719_7,Positive
71_9,Positive
7200_8,Positive
7201_8,Negative
7202_10,Positive
7203_10,Positive
7204_9,Negative
7205_10,Positive
7206_10,Positive
7207_9,Negative
7208_8,Positive
7209_9,Positive
720_10,Positive
7210_10,Positive
7211_7,Negative
7212_9,Positive
7213_10,Positive
7214_10,Positive
7215_10,Positive
7216_10,Positive
7217_7,Positive
7218_9,Negative
7219_10,Positive
721_10,Positive
7220_8,Negative
7221_10,Positive
7222_7,Positive
7223_10,Positive
7224_9,Negative
7225_10,Positive
7226_8,Positive
7227_7,Positive
7228_10,Positive
7229_9,Positive
722_10,Positive
7230_10,Positive
7231_7,Positive
7232_8,Positive
7233_7,Negative
7234_10,Positive
7235_8,Positive
7236_10,Negative
7237_10,Negative
7238_10,Positive
7239_7,Positive
723_10,Positive
7240_7,Positive
7241_9,Positive
7242_9,Positive
7243_10,Positive
7244_8,Positive
7245_10,Positive
7246_10,Positive
7247_9,Positive
7248_7,Positive
7249_8,Positive
724_10,Positive
7250_8,Positive
7251_9,Positive
7252_10,Positive
7253_10,Positive
7254_9,Positive
7255_9,Positive
7256_10,Positive
7257_8,Positive
7258_9,Positive
7259_10,Negative
725_8,Positive
7260_7,Positive
7261_9,Positive
7262_8,Negative
7263_10,Positive
7264_8,Positive
7265_7,Positive
7266_7,Positive
7267_8,Positive
7268_10,Positive
7269_8,Positive
726_7,Negative
7270_7,Positive
7271_9,Positive
7272_10,Positive
7273_8,Positive
7274_8,Positive
7275_10,Positive
7276_10,Positive
7277_10,Positive
7278_7,Positive
7279_10,Positive
727_8,Positive
7280_10,Positive
7281_8,Positive
7282_8,Positive
7283_9,Positive
7284_9,Positive
7285_9,Positive
7286_8,Positive
7287_10,Positive
7288_9,Positive
7289_10,Positive
728_10,Negative
7290_10,Positive
7291_9,Positive
7292_9,Positive
7293_10,Positive
7294_10,Positive
7295_9,Positive
7296_10,Positive
7297_8,Positive
7298_8,Positive
7299_9,Positive
729_10,Positive
72_8,Positive
7300_9,Positive
7301_7,Negative
7302_10,Positive
7303_10,Positive
7304_8,Positive
7305_10,Positive
7306_9,Positive
7307_10,Positive
7308_7,Positive
7309_7,Positive
730_9,Positive
7310_7,Negative
7311_8,Negative
7312_10,Positive
7313_7,Negative
7314_10,Positive
7315_7,Negative
7316_9,Negative
7317_8,Positive
7318_10,Positive
7319_8,Positive
731_8,Positive
7320_10,Positive
7321_7,Positive
7322_10,Positive
7323_10,Positive
7324_8,Negative
7325_10,Positive
7326_10,Positive
7327_10,Positive
7328_9,Positive
7329_7,Positive
732_8,Positive
7330_7,Negative
7331_7,Positive
7332_7,Positive
7333_10,Positive
7334_10,Positive
7335_10,Negative
7336_7,Positive
7337_10,Positive
7338_8,Positive
7339_10,Positive
733_7,Negative
7340_10,Positive
7341_10,Positive
7342_10,Positive
7343_10,Positive
7344_10,Positive
7345_9,Positive
7346_10,Positive
7347_9,Positive
7348_10,Positive
7349_10,Positive
734_7,Positive
7350_10,Positive
7351_8,Positive
7352_7,Positive
7353_10,Positive
7354_8,Negative
7355_8,Negative
7356_8,Positive
7357_10,Negative
7358_10,Positive
7359_10,Positive
735_7,Negative
7360_9,Positive
7361_8,Positive
7362_10,Positive
7363_10,Positive
7364_10,Positive
7365_8,Negative
7366_7,Positive
7367_9,Positive
7368_7,Negative
7369_10,Negative
736_8,Positive
7370_7,Positive
7371_9,Negative
7372_7,Positive
7373_7,Positive
7374_7,Positive
7375_8,Positive
7376_8,Positive
7377_10,Positive
7378_7,Negative
7379_7,Positive
737_7,Positive
7380_10,Negative
7381_9,Negative
7382_10,Positive
7383_10,Positive
7384_8,Positive
7385_8,Positive
7386_8,Positive
7387_8,Negative
7388_7,Positive
7389_9,Positive
738_10,Negative
7390_10,Negative
7391_9,Negative
7392_9,Negative
7393_10,Negative
7394_10,Positive
7395_7,Positive
7396_7,Negative
7397_7,Negative
7398_10,Positive
7399_9,Positive
739_10,Positive
73_10,Positive
7400_10,Positive
7401_10,Negative
7402_10,Positive
7403_10,Negative
7404_8,Positive
7405_10,Positive
7406_8,Positive
7407_8,Positive
7408_9,Positive
7409_8,Positive
740_8,Positive
7410_8,Positive
7411_10,Positive
7412_7,Negative
7413_7,Positive
7414_9,Positive
7415_10,Positive
7416_10,Positive
7417_7,Negative
7418_10,Positive
7419_8,Positive
741_7,Negative
7420_7,Positive
7421_10,Positive
7422_10,Positive
7423_9,Positive
7424_10,Positive
7425_9,Positive
7426_10,Positive
7427_10,Positive
7428_7,Positive
7429_8,Positive
742_8,Negative
7430_8,Positive
7431_9,Positive
7432_9,Positive
7433_10,Positive
7434_10,Positive
7435_10,Positive
7436_10,Positive
7437_10,Positive
7438_10,Positive
7439_10,Positive
743_7,Positive
7440_10,Positive
7441_9,Negative
7442_7,Negative
7443_8,Positive
7444_7,Positive
7445_10,Positive
7446_10,Positive
7447_8,Positive
7448_10,Positive
7449_10,Positive
744_10,Negative
7450_9,Positive
7451_10,Positive
7452_10,Positive
7453_10,Negative
7454_10,Positive
7455_9,Positive
7456_10,Positive
7457_10,Positive
7458_10,Positive
7459_10,Positive
745_10,Positive
7460_9,Positive
7461_8,Negative
7462_10,Positive
7463_9,Positive
7464_10,Positive
7465_7,Positive
7466_8,Positive
7467_8,Positive
7468_10,Positive
7469_10,Positive
746_7,Negative
7470_8,Positive
7471_10,Positive
7472_9,Positive
7473_7,Positive
7474_9,Negative
7475_9,Positive
7476_10,Negative
7477_10,Negative
7478_10,Negative
7479_8,Positive
747_8,Positive
7480_8,Negative
7481_8,Negative
7482_10,Positive
7483_8,Positive
7484_8,Negative
7485_7,Positive
7486_10,Positive
7487_9,Positive
7488_7,Positive
7489_10,Positive
748_7,Positive
7490_7,Positive
7491_10,Positive
7492_7,Positive
7493_10,Positive
7494_9,Negative
7495_7,Positive
7496_8,Positive
7497_8,Positive
7498_10,Positive
7499_9,Positive
749_7,Positive
74_10,Positive
7500_10,Positive
7501_8,Positive
7502_8,Positive
7503_8,Positive
7504_8,Negative
7505_9,Negative
7506_7,Positive
7507_8,Positive
7508_10,Positive
7509_10,Positive
750_7,Positive
7510_7,Negative
7511_7,Positive
7512_10,Positive
7513_10,Negative
7514_7,Negative
7515_9,Negative
7516_7,Negative
7517_10,Negative
7518_9,Negative
7519_9,Positive
751_7,Positive
7520_7,Positive
7521_10,Positive
7522_10,Positive
7523_10,Positive
7524_9,Positive
7525_10,Positive
7526_9,Positive
7527_7,Positive
7528_7,Negative
7529_7,Positive
752_10,Positive
7530_9,Positive
7531_10,Positive
7532_9,Positive
7533_10,Positive
7534_9,Positive
7535_10,Positive
7536_9,Positive
7537_8,Negative
7538_7,Negative
7539_10,Positive
753_7,Negative
7540_9,Positive
7541_8,Negative
7542_9,Positive
7543_10,Positive
7544_10,Positive
7545_10,Positive
7546_10,Positive
7547_9,Positive
7548_9,Negative
7549_10,Positive
754_9,Negative
7550_10,Positive
7551_10,Positive
7552_8,Positive
7553_10,Positive
7554_10,Positive
7555_10,Positive
7556_10,Positive
7557_10,Negative
7558_10,Positive
7559_8,Positive
755_10,Positive
7560_10,Positive
7561_10,Positive
7562_9,Positive
7563_9,Positive
7564_8,Positive
7565_10,Positive
7566_9,Negative
7567_9,Positive
7568_10,Positive
7569_10,Positive
756_7,Positive
7570_10,Positive
7571_10,Positive
7572_10,Positive
7573_10,Positive
7574_10,Positive
7575_9,Positive
7576_10,Positive
7577_10,Positive
7578_9,Positive
7579_10,Positive
757_9,Positive
7580_10,Positive
7581_10,Positive
7582_10,Positive
7583_9,Positive
7584_10,Positive
7585_10,Positive
7586_9,Positive
7587_8,Positive
7588_10,Positive
7589_7,Positive
758_10,Positive
7590_7,Positive
7591_7,Positive
7592_9,Positive
7593_9,Positive
7594_8,Positive
7595_10,Positive
7596_10,Positive
7597_10,Positive
7598_8,Positive
7599_7,Positive
759_10,Positive
75_10,Positive
7600_8,Positive
7601_8,Positive
7602_10,Positive
7603_10,Positive
7604_8,Positive
7605_10,Positive
7606_10,Positive
7607_10,Positive
7608_8,Positive
7609_8,Negative
760_7,Positive
7610_10,Positive
7611_7,Negative
7612_9,Positive
7613_8,Positive
7614_7,Positive
7615_10,Positive
7616_8,Positive
7617_7,Positive
7618_10,Positive
7619_8,Positive
761_10,Positive
7620_9,Positive
7621_7,Negative
7622_8,Negative
7623_8,Negative
7624_10,Negative
7625_10,Negative
7626_7,Positive
7627_10,Positive
7628_7,Negative
7629_8,Positive
762_7,Negative
7630_10,Negative
7631_7,Positive
7632_7,Positive
7633_7,Positive
7634_7,Negative
7635_7,Negative
7636_8,Positive
7637_7,Positive
7638_10,Negative
7639_7,Positive
763_10,Positive
7640_9,Positive
7641_8,Positive
7642_7,Positive
7643_8,Positive
7644_7,Negative
7645_7,Negative
7646_8,Positive
7647_8,Negative
7648_7,Positive
7649_7,Positive
764_8,Positive
7650_8,Negative
7651_10,Positive
7652_10,Positive
7653_7,Positive
7654_10,Positive
7655_7,Positive
7656_10,Positive
7657_10,Positive
7658_10,Positive
7659_10,Positive
765_9,Positive
7660_8,Positive
7661_9,Positive
7662_9,Positive
7663_10,Positive
7664_8,Positive
7665_9,Positive
7666_8,Negative
7667_7,Negative
7668_10,Positive
7669_9,Positive
766_8,Positive
7670_10,Positive
7671_10,Positive
7672_9,Negative
7673_10,Positive
7674_9,Positive
7675_10,Positive
7676_9,Positive
7677_10,Positive
7678_9,Positive
7679_9,Positive
767_7,Positive
7680_10,Positive
7681_10,Positive
7682_10,Negative
7683_7,Negative
7684_10,Positive
7685_10,Positive
7686_10,Positive
7687_10,Positive
7688_10,Positive
7689_7,Negative
768_10,Positive
7690_10,Negative
7691_7,Positive
7692_10,Positive
7693_10,Positive
7694_10,Positive
7695_10,Positive
7696_10,Positive
7697_7,Positive
7698_7,Positive
7699_9,Positive
769_9,Positive
76_8,Positive
7700_8,Positive
7701_7,Positive
7702_10,Positive
7703_8,Negative
7704_10,Negative
7705_10,Positive
7706_8,Positive
7707_10,Positive
7708_10,Positive
7709_9,Positive
770_10,Positive
7710_8,Positive
7711_8,Positive
7712_7,Positive
7713_8,Positive
7714_8,Positive
7715_8,Positive
7716_10,Negative
7717_8,Positive
7718_9,Positive
7719_7,Positive
771_9,Positive
7720_8,Positive
7721_8,Positive
7722_7,Positive
7723_8,Negative
7724_7,Positive
7725_7,Positive
7726_10,Positive
7727_10,Positive
7728_9,Positive
7729_9,Positive
772_10,Positive
7730_8,Negative
7731_9,Positive
7732_9,Positive
7733_8,Positive
7734_10,Positive
7735_8,Positive
7736_7,Positive
7737_10,Positive
7738_8,Positive
7739_10,Positive
773_8,Positive
7740_10,Positive
7741_10,Positive
7742_8,Positive
7743_7,Positive
7744_10,Positive
7745_9,Positive
7746_10,Positive
7747_10,Positive
7748_9,Positive
7749_9,Positive
774_8,Positive
7750_7,Positive
7751_10,Positive
7752_10,Positive
7753_10,Positive
7754_9,Positive
7755_10,Positive
7756_10,Positive
7757_10,Positive
7758_8,Positive
7759_9,Positive
775_9,Positive
7760_10,Positive
7761_10,Positive
7762_9,Positive
7763_10,Positive
7764_8,Positive
7765_9,Positive
7766_10,Positive
7767_10,Positive
7768_10,Positive
7769_10,Positive
776_8,Positive
7770_10,Positive
7771_10,Positive
7772_8,Positive
7773_10,Positive
7774_10,Positive
7775_10,Positive
7776_10,Positive
7777_9,Positive
7778_10,Positive
7779_10,Positive
777_10,Positive
7780_10,Positive
7781_10,Positive
7782_10,Negative
7783_10,Negative
7784_10,Positive
7785_10,Positive
7786_7,Positive
7787_10,Positive
7788_10,Positive
7789_10,Positive
778_9,Positive
7790_10,Positive
7791_9,Positive
7792_10,Positive
7793_10,Positive
7794_10,Positive
7795_10,Positive
7796_10,Positive
7797_10,Positive
7798_10,Positive
7799_10,Positive
779_8,Positive
77_10,Positive
7800_10,Positive
7801_10,Positive
7802_9,Positive
7803_10,Positive
7804_10,Positive
7805_10,Positive
7806_8,Positive
7807_10,Positive
7808_9,Positive
7809_10,Positive
780_9,Positive
7810_10,Positive
7811_10,Positive
7812_9,Positive
7813_7,Positive
7814_8,Positive
7815_7,Positive
7816_7,Positive
7817_7,Negative
7818_8,Positive
7819_10,Positive
781_9,Positive
7820_7,Positive
7821_7,Positive
7822_8,Positive
7823_7,Positive
7824_7,Positive
7825_10,Positive
7826_9,Positive
7827_10,Positive
7828_10,Positive
7829_7,Negative
782_9,Positive
7830_10,Positive
7831_8,Negative
7832_8,Negative
7833_9,Positive
7834_8,Negative
7835_7,Positive
7836_9,Positive
7837_9,Positive
7838_9,Positive
7839_8,Positive
783_8,Positive
7840_9,Negative
7841_7,Positive
7842_8,Positive
7843_8,Positive
7844_9,Positive
7845_8,Positive
7846_9,Positive
7847_10,Positive
7848_10,Positive
7849_9,Positive
784_10,Positive
7850_10,Positive
7851_8,Positive
7852_8,Positive
7853_8,Positive
7854_8,Positive
7855_7,Positive
7856_10,Positive
7857_10,Positive
7858_8,Positive
7859_8,Positive
785_7,Positive
7860_10,Positive
7861_8,Positive
7862_8,Positive
7863_9,Positive
7864_8,Positive
7865_7,Positive
7866_7,Positive
7867_10,Positive
7868_8,Positive
7869_10,Positive
786_10,Positive
7870_10,Positive
7871_9,Positive
7872_10,Positive
7873_10,Positive
7874_8,Positive
7875_7,Negative
7876_9,Negative
7877_10,Positive
7878_7,Positive
7879_10,Positive
787_9,Positive
7880_10,Positive
7881_7,Positive
7882_8,Positive
7883_9,Positive
7884_9,Positive
7885_8,Positive
7886_8,Positive
7887_7,Positive
7888_10,Positive
7889_7,Negative
788_10,Positive
7890_10,Negative
7891_10,Negative
7892_10,Positive
7893_8,Negative
7894_9,Positive
7895_7,Positive
7896_8,Negative
7897_9,Positive
7898_10,Negative
7899_8,Positive
789_8,Negative
78_8,Negative
7900_9,Positive
7901_8,Positive
7902_9,Positive
7903_10,Positive
7904_10,Positive
7905_10,Positive
7906_10,Positive
7907_10,Positive
7908_7,Positive
7909_9,Negative
790_10,Positive
7910_10,Positive
7911_7,Negative
7912_7,Positive
7913_9,Positive
7914_8,Positive
7915_7,Positive
7916_10,Positive
7917_8,Negative
7918_8,Negative
7919_9,Negative
791_10,Positive
7920_10,Positive
7921_7,Positive
7922_8,Positive
7923_9,Positive
7924_8,Positive
7925_10,Positive
7926_7,Positive
7927_10,Positive
7928_10,Positive
7929_9,Negative
792_8,Negative
7930_10,Positive
7931_9,Positive
7932_10,Negative
7933_8,Positive
7934_10,Positive
7935_9,Positive
7936_10,Positive
7937_10,Positive
7938_10,Positive
7939_10,Positive
793_8,Positive
7940_10,Positive
7941_10,Positive
7942_10,Positive
7943_9,Negative
7944_10,Positive
7945_9,Negative
7946_8,Positive
7947_10,Positive
7948_8,Negative
7949_10,Positive
794_7,Positive
7950_8,Positive
7951_7,Positive
7952_7,Positive
7953_9,Positive
7954_9,Positive
7955_10,Positive
7956_10,Negative
7957_9,Negative
7958_10,Positive
7959_10,Positive
795_10,Positive
7960_10,Positive
7961_10,Positive
7962_10,Positive
7963_10,Positive
7964_9,Positive
7965_9,Positive
7966_8,Positive
7967_8,Positive
7968_8,Positive
7969_10,Positive
796_10,Positive
7970_10,Positive
7971_8,Positive
7972_10,Positive
7973_9,Positive
7974_10,Positive
7975_10,Positive
7976_10,Negative
7977_7,Negative
7978_10,Positive
7979_8,Positive
797_10,Positive
7980_7,Positive
7981_7,Positive
7982_10,Positive
7983_10,Positive
7984_9,Positive
7985_8,Positive
7986_8,Positive
7987_8,Negative
7988_9,Positive
7989_10,Positive
798_10,Positive
7990_9,Positive
7991_10,Positive
7992_9,Positive
7993_10,Positive
7994_10,Positive
7995_10,Positive
7996_10,Positive
7997_9,Positive
7998_10,Positive
7999_7,Positive
799_7,Negative
79_8,Negative
7_9,Positive
8000_10,Negative
8001_9,Positive
8002_9,Positive
8003_9,Positive
8004_10,Positive
8005_10,Positive
8006_9,Positive
8007_10,Positive
8008_10,Positive
8009_10,Positive
800_8,Positive
8010_9,Positive
8011_9,Positive
8012_7,Negative
8013_9,Positive
8014_10,Positive
8015_9,Positive
8016_8,Positive
8017_10,Positive
8018_10,Positive
8019_8,Positive
801_8,Positive
8020_9,Negative
8021_9,Positive
8022_7,Positive
8023_10,Negative
8024_10,Positive
8025_7,Positive
8026_10,Positive
8027_10,Positive
8028_9,Positive
8029_8,Positive
802_7,Negative
8030_10,Positive
8031_9,Positive
8032_10,Positive
8033_9,Positive
8034_9,Positive
8035_10,Positive
8036_8,Positive
8037_7,Positive
8038_10,Positive
8039_8,Positive
803_10,Negative
8040_8,Positive
8041_8,Positive
8042_7,Positive
8043_9,Positive
8044_9,Negative
8045_9,Positive
8046_8,Positive
8047_10,Positive
8048_7,Negative
8049_7,Negative
804_8,Negative
8050_7,Negative
8051_10,Positive
8052_10,Negative
8053_8,Positive
8054_8,Positive
8055_9,Positive
8056_8,Positive
8057_9,Positive
8058_10,Positive
8059_8,Positive
805_10,Positive
8060_9,Positive
8061_9,Positive
8062_10,Positive
8063_10,Positive
8064_8,Positive
8065_7,Positive
8066_7,Positive
8067_8,Positive
8068_10,Positive
8069_8,Positive
806_10,Positive
8070_8,Positive
8071_8,Positive
8072_10,Positive
8073_10,Positive
8074_10,Positive
8075_9,Positive
8076_10,Positive
8077_7,Negative
8078_8,Positive
8079_10,Negative
807_10,Positive
8080_7,Positive
8081_7,Positive
8082_7,Positive
8083_8,Positive
8084_8,Positive
8085_9,Positive
8086_9,Positive
8087_10,Negative
8088_10,Positive
8089_9,Positive
808_10,Positive
8090_8,Negative
8091_7,Positive
8092_7,Positive
8093_7,Positive
8094_7,Positive
8095_10,Positive
8096_7,Positive
8097_7,Positive
8098_7,Positive
8099_9,Negative
809_10,Positive
80_7,Positive
8100_8,Positive
8101_8,Positive
8102_9,Positive
8103_10,Positive
8104_8,Positive
8105_8,Positive
8106_10,Negative
8107_10,Positive
8108_10,Negative
8109_9,Positive
810_9,Positive
8110_8,Positive
8111_10,Positive
8112_9,Positive
8113_8,Positive
8114_8,Positive
8115_8,Positive
8116_10,Positive
8117_10,Positive
8118_9,Positive
8119_10,Positive
811_10,Positive
8120_7,Positive
8121_8,Positive
8122_9,Positive
8123_9,Positive
8124_8,Positive
8125_8,Positive
8126_7,Positive
8127_10,Positive
8128_8,Positive
8129_9,Negative
812_7,Positive
8130_10,Positive
8131_9,Positive
8132_7,Positive
8133_8,Positive
8134_7,Negative
8135_8,Negative
8136_7,Positive
8137_8,Positive
8138_9,Positive
8139_10,Positive
813_10,Positive
8140_7,Negative
8141_10,Positive
8142_10,Positive
8143_7,Positive
8144_10,Positive
8145_9,Positive
8146_9,Positive
8147_10,Positive
8148_10,Positive
8149_10,Positive
814_7,Positive
8150_10,Positive
8151_9,Positive
8152_10,Positive
8153_10,Positive
8154_10,Positive
8155_9,Positive
8156_10,Positive
8157_10,Positive
8158_8,Positive
8159_7,Positive
815_7,Positive
8160_10,Positive
8161_10,Positive
8162_9,Positive
8163_7,Positive
8164_8,Positive
8165_10,Positive
8166_10,Positive
8167_10,Positive
8168_10,Positive
8169_8,Positive
816_7,Positive
8170_10,Positive
8171_10,Positive
8172_10,Positive
8173_10,Positive
8174_9,Positive
8175_10,Positive
8176_7,Positive
8177_8,Negative
8178_7,Positive
8179_8,Positive
817_7,Positive
8180_9,Positive
8181_10,Positive
8182_10,Positive
8183_7,Positive
8184_9,Positive
8185_9,Positive
8186_8,Positive
8187_8,Positive
8188_10,Positive
8189_7,Negative
818_9,Negative
8190_9,Positive
8191_10,Positive
8192_9,Positive
8193_9,Positive
8194_8,Positive
8195_8,Positive
8196_10,Positive
8197_8,Positive
8198_8,Positive
8199_9,Positive
819_7,Negative
81_9,Negative
8200_10,Positive
8201_7,Positive
8202_7,Positive
8203_7,Positive
8204_7,Positive
8205_10,Negative
8206_10,Positive
8207_8,Positive
8208_7,Negative
8209_10,Positive
820_9,Positive
8210_10,Positive
8211_9,Positive
8212_9,Positive
8213_10,Negative
8214_7,Positive
8215_10,Positive
8216_8,Positive
8217_8,Positive
8218_9,Positive
8219_8,Negative
821_10,Positive
8220_10,Positive
8221_10,Positive
8222_10,Positive
8223_10,Positive
8224_10,Positive
8225_8,Positive
8226_9,Positive
8227_7,Positive
8228_7,Negative
8229_8,Positive
822_10,Negative
8230_7,Positive
8231_7,Positive
8232_7,Positive
8233_8,Positive
8234_7,Positive
8235_7,Positive
8236_8,Positive
8237_10,Positive
8238_10,Positive
8239_9,Positive
823_7,Positive
8240_10,Positive
8241_9,Positive
8242_10,Negative
8243_7,Negative
8244_10,Positive
8245_10,Positive
8246_8,Negative
8247_10,Positive
8248_8,Negative
8249_7,Positive
824_8,Positive
8250_8,Negative
8251_7,Positive
8252_8,Positive
8253_8,Positive
8254_8,Negative
8255_8,Positive
8256_10,Positive
8257_10,Positive
8258_10,Positive
8259_10,Positive
825_8,Positive
8260_10,Negative
8261_10,Positive
8262_10,Positive
8263_8,Positive
8264_10,Positive
8265_10,Positive
8266_10,Positive
8267_10,Negative
8268_10,Positive
8269_10,Positive
826_8,Positive
8270_10,Negative
8271_10,Positive
8272_10,Positive
8273_9,Positive
8274_10,Positive
8275_10,Negative
8276_10,Positive
8277_9,Positive
8278_10,Positive
8279_10,Positive
827_8,Positive
8280_10,Positive
8281_9,Positive
8282_10,Positive
8283_10,Positive
8284_9,Positive
8285_10,Positive
8286_9,Positive
8287_10,Positive
8288_10,Positive
8289_10,Positive
828_7,Positive
8290_10,Positive
8291_10,Positive
8292_10,Positive
8293_7,Positive
8294_9,Positive
8295_10,Positive
8296_8,Positive
8297_10,Positive
8298_8,Negative
8299_8,Positive
829_10,Positive
82_10,Positive
8300_7,Negative
8301_8,Positive
8302_8,Positive
8303_10,Positive
8304_7,Negative
8305_10,Positive
8306_7,Positive
8307_10,Positive
8308_10,Negative
8309_8,Positive
830_7,Positive
8310_7,Positive
8311_8,Positive
8312_10,Positive
8313_8,Positive
8314_7,Positive
8315_8,Positive
8316_10,Positive
8317_10,Positive
8318_10,Positive
8319_10,Positive
831_7,Positive
8320_10,Positive
8321_10,Positive
8322_10,Negative
8323_10,Positive
8324_10,Positive
8325_10,Positive
8326_10,Positive
8327_9,Positive
8328_10,Positive
8329_10,Positive
832_7,Positive
8330_9,Positive
8331_10,Positive
8332_10,Positive
8333_8,Positive
8334_10,Positive
8335_7,Positive
8336_8,Positive
8337_7,Positive
8338_7,Positive
8339_8,Positive
833_7,Positive
8340_7,Positive
8341_10,Negative
8342_9,Positive
8343_10,Positive
8344_7,Positive
8345_10,Positive
8346_8,Negative
8347_10,Positive
8348_8,Positive
8349_10,Positive
834_8,Positive
8350_10,Positive
8351_7,Positive
8352_10,Positive
8353_10,Positive
8354_8,Positive
8355_7,Positive
8356_8,Positive
8357_10,Positive
8358_7,Negative
8359_7,Positive
835_8,Positive
8360_7,Negative
8361_8,Positive
8362_7,Negative
8363_7,Positive
8364_8,Positive
8365_9,Positive
8366_7,Positive
8367_10,Positive
8368_10,Positive
8369_7,Positive
836_9,Positive
8370_8,Positive
8371_10,Positive
8372_10,Positive
8373_7,Positive
8374_7,Positive
8375_8,Positive
8376_7,Positive
8377_8,Positive
8378_7,Positive
8379_8,Positive
837_8,Positive
8380_7,Positive
8381_9,Positive
8382_9,Positive
8383_10,Positive
8384_10,Positive
8385_10,Positive
8386_10,Negative
8387_9,Positive
8388_9,Positive
8389_10,Positive
838_7,Positive
8390_8,Positive
8391_9,Positive
8392_8,Positive
8393_10,Positive
8394_9,Negative
8395_10,Positive
8396_10,Positive
8397_10,Positive
8398_7,Positive
8399_8,Positive
839_10,Positive
83_10,Positive
8400_7,Negative
8401_10,Positive
8402_7,Positive
8403_7,Positive
8404_10,Positive
8405_7,Positive
8406_7,Positive
8407_10,Positive
8408_10,Positive
8409_10,Positive
840_8,Positive
8410_7,Positive
8411_10,Positive
8412_10,Positive
8413_10,Positive
8414_10,Positive
8415_10,Positive
8416_10,Negative
8417_9,Positive
8418_9,Positive
8419_10,Positive
841_9,Positive
8420_9,Positive
8421_10,Positive
8422_10,Positive
8423_10,Negative
8424_9,Positive
8425_8,Positive
8426_8,Positive
8427_10,Negative
8428_9,Negative
8429_8,Positive
842_10,Positive
8430_10,Negative
8431_8,Negative
8432_10,Positive
8433_9,Positive
8434_10,Positive
8435_9,Positive
8436_10,Positive
8437_10,Positive
8438_8,Negative
8439_7,Positive
843_10,Positive
8440_7,Positive
8441_8,Positive
8442_8,Positive
8443_7,Positive
8444_9,Positive
8445_9,Positive
8446_10,Negative
8447_10,Negative
8448_10,Positive
8449_9,Positive
844_10,Positive
8450_7,Positive
8451_8,Positive
8452_10,Positive
8453_10,Positive
8454_8,Positive
8455_7,Positive
8456_10,Positive
8457_9,Positive
8458_8,Negative
8459_10,Positive
845_10,Positive
8460_8,Positive
8461_7,Negative
8462_7,Positive
8463_10,Negative
8464_8,Positive
8465_10,Negative
8466_8,Negative
8467_10,Positive
8468_8,Negative
8469_8,Positive
846_7,Negative
8470_10,Negative
8471_9,Positive
8472_10,Positive
8473_9,Positive
8474_8,Positive
8475_7,Positive
8476_8,Positive
8477_10,Positive
8478_9,Positive
8479_9,Positive
847_7,Positive
8480_10,Positive
8481_10,Positive
8482_9,Positive
8483_10,Positive
8484_7,Positive
8485_8,Negative
8486_7,Negative
8487_10,Positive
8488_9,Positive
8489_7,Positive
848_9,Positive
8490_10,Positive
8491_8,Positive
8492_7,Positive
8493_8,Positive
8494_9,Positive
8495_10,Positive
8496_10,Positive
8497_10,Positive
8498_7,Positive
8499_10,Positive
849_7,Negative
84_10,Positive
8500_10,Positive
8501_10,Positive
8502_10,Positive
8503_7,Negative
8504_8,Positive
8505_8,Positive
8506_10,Positive
8507_7,Negative
8508_9,Positive
8509_10,Positive
850_7,Negative
8510_8,Negative
8511_8,Positive
8512_10,Negative
8513_10,Positive
8514_10,Positive
8515_10,Positive
8516_10,Negative
8517_8,Positive
8518_7,Positive
8519_8,Positive
851_7,Negative
8520_7,Positive
8521_8,Negative
8522_8,Positive
8523_10,Positive
8524_9,Positive
8525_7,Positive
8526_7,Positive
8527_7,Positive
8528_7,Positive
8529_7,Positive
852_7,Positive
8530_10,Negative
8531_10,Negative
8532_7,Negative
8533_8,Positive
8534_10,Positive
8535_9,Positive
8536_7,Positive
8537_9,Positive
8538_8,Positive
8539_8,Negative
853_7,Positive
8540_9,Positive
8541_10,Negative
8542_9,Positive
8543_10,Positive
8544_10,Positive
8545_9,Positive
8546_9,Positive
8547_10,Positive
8548_10,Positive
8549_8,Negative
854_7,Positive
8550_9,Positive
8551_10,Positive
8552_9,Positive
8553_10,Positive
8554_9,Positive
8555_7,Positive
8556_10,Positive
8557_10,Positive
8558_7,Positive
8559_7,Positive
855_9,Positive
8560_8,Negative
8561_9,Positive
8562_10,Negative
8563_10,Negative
8564_10,Positive
8565_9,Negative
8566_8,Negative
8567_10,Negative
8568_9,Negative
8569_8,Positive
856_7,Positive
8570_8,Negative
8571_10,Negative
8572_10,Positive
8573_7,Positive
8574_10,Positive
8575_7,Positive
8576_8,Positive
8577_9,Positive
8578_8,Positive
8579_10,Positive
857_7,Positive
8580_10,Negative
8581_8,Positive
8582_10,Positive
8583_7,Positive
8584_7,Positive
8585_8,Positive
8586_7,Positive
8587_7,Positive
8588_9,Positive
8589_8,Negative
858_7,Positive
8590_8,Positive
8591_7,Positive
8592_10,Positive
8593_9,Negative
8594_10,Positive
8595_10,Positive
8596_7,Negative
8597_8,Positive
8598_8,Positive
8599_7,Negative
859_8,Positive
85_10,Positive
8600_10,Positive
8601_8,Positive
8602_9,Positive
8603_10,Positive
8604_10,Positive
8605_8,Negative
8606_9,Positive
8607_10,Positive
8608_10,Positive
8609_7,Negative
860_7,Positive
8610_8,Positive
8611_9,Positive
8612_8,Negative
8613_8,Positive
8614_7,Positive
8615_10,Positive
8616_8,Positive
8617_8,Positive
8618_7,Positive
8619_8,Positive
861_9,Positive
8620_7,Negative
8621_8,Positive
8622_10,Positive
8623_8,Positive
8624_10,Positive
8625_9,Negative
8626_9,Negative
8627_10,Positive
8628_7,Positive
8629_7,Negative
862_9,Positive
8630_7,Positive
8631_10,Positive
8632_8,Positive
8633_7,Negative
8634_7,Positive
8635_10,Positive
8636_9,Positive
8637_10,Positive
8638_10,Positive
8639_8,Positive
863_10,Negative
8640_10,Positive
8641_10,Positive
8642_10,Positive
8643_9,Positive
8644_10,Positive
8645_10,Positive
8646_8,Positive
8647_10,Positive
8648_10,Positive
8649_8,Negative
864_10,Positive
8650_7,Negative
8651_7,Positive
8652_8,Positive
8653_10,Positive
8654_8,Positive
8655_7,Positive
8656_7,Negative
8657_7,Positive
8658_10,Positive
8659_9,Positive
865_10,Positive
8660_9,Positive
8661_7,Positive
8662_9,Positive
8663_8,Positive
8664_10,Positive
8665_8,Positive
8666_9,Positive
8667_10,Negative
8668_8,Positive
8669_9,Negative
866_10,Positive
8670_9,Positive
8671_9,Positive
8672_9,Positive
8673_9,Positive
8674_10,Positive
8675_10,Positive
8676_10,Negative
8677_8,Positive
8678_9,Positive
8679_10,Positive
867_9,Positive
8680_8,Negative
8681_7,Negative
8682_10,Positive
8683_8,Positive
8684_8,Positive
8685_7,Negative
8686_10,Positive
8687_8,Positive
8688_7,Positive
8689_10,Positive
868_7,Negative
8690_7,Positive
8691_7,Positive
8692_8,Positive
8693_10,Negative
8694_7,Positive
8695_8,Positive
8696_9,Negative
8697_8,Positive
8698_7,Positive
8699_10,Positive
869_7,Positive
86_10,Positive
8700_8,Positive
8701_7,Positive
8702_10,Positive
8703_10,Positive
8704_9,Negative
8705_10,Positive
8706_8,Positive
8707_7,Negative
8708_10,Positive
8709_10,Positive
870_7,Positive
8710_10,Positive
8711_10,Negative
8712_10,Positive
8713_9,Positive
8714_9,Positive
8715_8,Positive
8716_9,Positive
8717_8,Positive
8718_10,Positive
8719_8,Positive
871_10,Positive
8720_7,Positive
8721_7,Positive
8722_9,Positive
8723_8,Positive
8724_8,Positive
8725_8,Positive
8726_8,Positive
8727_9,Positive
8728_7,Positive
8729_8,Positive
872_9,Positive
8730_7,Positive
8731_7,Negative
8732_8,Positive
8733_9,Positive
8734_7,Positive
8735_9,Positive
8736_8,Positive
8737_8,Positive
8738_10,Positive
8739_7,Positive
873_8,Positive
8740_9,Positive
8741_10,Positive
8742_10,Positive
8743_10,Positive
8744_10,Positive
8745_8,Positive
8746_10,Positive
8747_10,Positive
8748_10,Positive
8749_9,Negative
874_8,Positive
8750_9,Negative
8751_10,Negative
8752_9,Positive
8753_10,Positive
8754_10,Positive
8755_9,Positive
8756_10,Positive
8757_10,Positive
8758_10,Positive
8759_10,Positive
875_10,Positive
8760_9,Positive
8761_9,Negative
8762_10,Positive
8763_10,Positive
8764_9,Negative
8765_8,Positive
8766_9,Negative
8767_10,Positive
8768_7,Positive
8769_8,Positive
876_10,Positive
8770_8,Positive
8771_7,Negative
8772_8,Positive
8773_8,Positive
8774_7,Negative
8775_10,Positive
8776_10,Negative
8777_10,Negative
8778_10,Positive
8779_8,Positive
877_10,Negative
8780_8,Positive
8781_7,Positive
8782_9,Positive
8783_7,Negative
8784_7,Negative
8785_10,Positive
8786_8,Positive
8787_8,Negative
8788_9,Positive
8789_7,Positive
878_10,Positive
8790_8,Positive
8791_8,Positive
8792_10,Positive
8793_9,Positive
8794_10,Positive
8795_10,Positive
8796_10,Positive
8797_8,Positive
8798_10,Positive
8799_10,Positive
879_10,Positive
87_10,Positive
8800_10,Positive
8801_9,Positive
8802_10,Positive
8803_8,Positive
8804_10,Positive
8805_10,Positive
8806_9,Positive
8807_9,Positive
8808_9,Positive
8809_10,Positive
880_8,Negative
8810_10,Positive
8811_7,Positive
8812_10,Positive
8813_9,Positive
8814_8,Positive
8815_9,Positive
8816_8,Negative
8817_9,Positive
8818_10,Positive
8819_10,Positive
881_8,Positive
8820_10,Positive
8821_8,Positive
8822_10,Positive
8823_8,Positive
8824_10,Positive
8825_8,Positive
8826_8,Negative
8827_7,Negative
8828_9,Negative
8829_8,Negative
882_9,Negative
8830_9,Positive
8831_10,Negative
8832_9,Positive
8833_9,Positive
8834_9,Positive
8835_8,Negative
8836_8,Negative
8837_10,Positive
8838_9,Positive
8839_10,Positive
883_8,Positive
8840_10,Positive
8841_9,Positive
8842_9,Positive
8843_10,Positive
8844_10,Positive
8845_9,Positive
8846_9,Positive
8847_10,Positive
8848_8,Positive
8849_10,Positive
884_8,Positive
8850_10,Positive
8851_10,Positive
8852_9,Positive
8853_10,Positive
8854_10,Positive
8855_10,Positive
8856_10,Positive
8857_10,Positive
8858_8,Positive
8859_10,Positive
885_8,Positive
8860_10,Positive
8861_10,Positive
8862_9,Positive
8863_10,Positive
8864_10,Positive
8865_10,Positive
8866_10,Positive
8867_10,Positive
8868_7,Negative
8869_8,Positive
886_7,Positive
8870_9,Positive
8871_9,Positive
8872_9,Negative
8873_10,Negative
8874_8,Positive
8875_10,Positive
8876_8,Positive
8877_8,Positive
8878_10,Positive
8879_7,Positive
887_8,Positive
8880_7,Positive
8881_8,Positive
8882_8,Negative
8883_8,Positive
8884_10,Positive
8885_8,Positive
8886_7,Positive
8887_9,Negative
8888_9,Positive
8889_9,Positive
888_8,Positive
8890_7,Negative
8891_8,Positive
8892_7,Positive
8893_7,Negative
8894_7,Negative
8895_9,Positive
8896_8,Positive
8897_7,Positive
8898_7,Positive
8899_7,Positive
889_7,Negative
88_10,Positive
8900_7,Positive
8901_10,Positive
8902_8,Positive
8903_10,Positive
8904_8,Positive
8905_10,Positive
8906_9,Positive
8907_10,Positive
8908_10,Positive
8909_10,Positive
890_9,Positive
8910_10,Positive
8911_10,Negative
8912_10,Positive
8913_8,Negative
8914_9,Negative
8915_7,Positive
8916_7,Positive
8917_10,Positive
8918_7,Negative
8919_10,Positive
891_9,Positive
8920_9,Positive
8921_8,Negative
8922_10,Positive
8923_8,Positive
8924_7,Positive
8925_10,Positive
8926_10,Negative
8927_8,Positive
8928_9,Positive
8929_7,Positive
892_8,Positive
8930_8,Positive
8931_10,Positive
8932_9,Positive
8933_8,Positive
8934_9,Positive
8935_7,Positive
8936_7,Negative
8937_7,Positive
8938_8,Positive
8939_8,Positive
893_8,Positive
8940_10,Negative
8941_8,Negative
8942_8,Positive
8943_10,Positive
8944_10,Positive
8945_7,Positive
8946_9,Positive
8947_8,Positive
8948_9,Positive
8949_10,Positive
894_7,Negative
8950_7,Positive
8951_9,Positive
8952_9,Positive
8953_7,Positive
8954_7,Negative
8955_8,Positive
8956_10,Positive
8957_8,Positive
8958_8,Positive
8959_9,Positive
895_8,Negative
8960_8,Positive
8961_9,Positive
8962_8,Positive
8963_7,Positive
8964_7,Positive
8965_8,Negative
8966_8,Positive
8967_7,Positive
8968_7,Positive
8969_7,Positive
896_8,Positive
8970_9,Negative
8971_10,Positive
8972_7,Negative
8973_7,Negative
8974_8,Positive
8975_8,Negative
8976_8,Positive
8977_9,Positive
8978_10,Positive
8979_9,Positive
897_8,Negative
8980_8,Positive
8981_9,Positive
8982_9,Positive
8983_9,Positive
8984_8,Positive
8985_7,Positive
8986_10,Positive
8987_7,Negative
8988_7,Negative
8989_9,Positive
898_9,Negative
8990_8,Negative
8991_8,Negative
8992_8,Positive
8993_10,Positive
8994_10,Positive
8995_10,Positive
8996_9,Positive
8997_10,Positive
8998_7,Negative
8999_9,Positive
899_9,Positive
89_10,Positive
8_9,Negative
9000_8,Positive
9001_8,Positive
9002_7,Positive
9003_10,Positive
9004_8,Positive
9005_7,Positive
9006_10,Positive
9007_8,Negative
9008_10,Positive
9009_7,Negative
900_9,Positive
9010_8,Positive
9011_10,Positive
9012_10,Positive
9013_10,Positive
9014_9,Positive
9015_10,Positive
9016_8,Positive
9017_7,Positive
9018_7,Positive
9019_9,Positive
901_9,Positive
9020_10,Positive
9021_10,Positive
9022_8,Positive
9023_10,Positive
9024_8,Negative
9025_10,Positive
9026_7,Positive
9027_9,Positive
9028_7,Positive
9029_7,Negative
902_10,Positive
9030_7,Negative
9031_9,Negative
9032_7,Positive
9033_10,Positive
9034_10,Positive
9035_9,Positive
9036_8,Positive
9037_7,Negative
9038_10,Positive
9039_8,Positive
903_10,Negative
9040_9,Positive
9041_8,Positive
9042_10,Positive
9043_10,Positive
9044_8,Positive
9045_8,Positive
9046_10,Positive
9047_7,Positive
9048_7,Negative
9049_10,Negative
904_10,Negative
9050_9,Negative
9051_8,Positive
9052_7,Positive
9053_10,Negative
9054_8,Positive
9055_7,Positive
9056_10,Positive
9057_10,Positive
9058_9,Positive
9059_10,Positive
905_10,Positive
9060_7,Positive
9061_10,Positive
9062_10,Positive
9063_10,Positive
9064_7,Negative
9065_10,Positive
9066_10,Positive
9067_8,Positive
9068_7,Negative
9069_7,Positive
906_7,Positive
9070_10,Positive
9071_8,Positive
9072_10,Positive
9073_8,Positive
9074_9,Negative
9075_8,Positive
9076_7,Negative
9077_9,Negative
9078_7,Positive
9079_7,Positive
907_7,Positive
9080_7,Positive
9081_8,Positive
9082_8,Positive
9083_9,Positive
9084_9,Positive
9085_8,Negative
9086_9,Positive
9087_9,Positive
9088_7,Positive
9089_8,Positive
908_9,Positive
9090_8,Positive
9091_8,Positive
9092_8,Positive
9093_7,Negative
9094_9,Negative
9095_10,Positive
9096_7,Negative
9097_10,Positive
9098_10,Negative
9099_7,Positive
909_10,Positive
90_9,Negative
9100_10,Positive
9101_10,Positive
9102_10,Positive
9103_10,Negative
9104_7,Negative
9105_10,Positive
9106_10,Negative
9107_10,Positive
9108_10,Positive
9109_10,Positive
910_10,Positive
9110_10,Negative
9111_7,Positive
9112_10,Positive
9113_10,Positive
9114_10,Positive
9115_10,Positive
9116_10,Positive
9117_10,Positive
9118_10,Positive
9119_10,Positive
911_10,Positive
9120_9,Positive
9121_8,Positive
9122_8,Positive
9123_10,Negative
9124_7,Positive
9125_9,Positive
9126_10,Positive
9127_8,Positive
9128_8,Negative
9129_9,Positive
912_10,Positive
9130_9,Positive
9131_10,Positive
9132_9,Negative
9133_7,Positive
9134_8,Positive
9135_10,Positive
9136_10,Positive
9137_9,Positive
9138_10,Positive
9139_10,Positive
913_10,Negative
9140_10,Positive
9141_10,Positive
9142_8,Positive
9143_8,Positive
9144_10,Negative
9145_10,Negative
9146_8,Positive
9147_10,Positive
9148_9,Positive
9149_8,Positive
914_10,Positive
9150_8,Positive
9151_7,Positive
9152_8,Positive
9153_9,Positive
9154_9,Positive
9155_10,Positive
9156_8,Positive
9157_10,Positive
9158_10,Positive
9159_9,Positive
915_10,Positive
9160_9,Negative
9161_7,Negative
9162_9,Negative
9163_10,Positive
9164_9,Positive
9165_8,Positive
9166_7,Positive
9167_8,Positive
9168_9,Positive
9169_9,Positive
916_10,Positive
9170_8,Positive
9171_7,Positive
9172_7,Positive
9173_10,Positive
9174_8,Positive
9175_8,Positive
9176_8,Positive
9177_8,Positive
9178_8,Positive
9179_8,Positive
917_9,Positive
9180_7,Positive
9181_8,Positive
9182_7,Positive
9183_7,Positive
9184_7,Positive
9185_10,Positive
9186_10,Positive
9187_8,Positive
9188_8,Positive
9189_10,Positive
918_10,Negative
9190_8,Positive
9191_8,Positive
9192_7,Positive
9193_10,Negative
9194_10,Positive
9195_7,Positive
9196_8,Positive
9197_9,Positive
9198_7,Positive
9199_10,Positive
919_10,Positive
91_10,Positive
9200_10,Positive
9201_10,Positive
9202_10,Positive
9203_9,Negative
9204_8,Positive
9205_9,Positive
9206_10,Positive
9207_10,Positive
9208_10,Positive
9209_10,Positive
920_10,Positive
9210_10,Negative
9211_9,Positive
9212_10,Positive
9213_10,Positive
9214_9,Positive
9215_10,Positive
9216_10,Positive
9217_9,Positive
9218_10,Negative
9219_10,Positive
921_9,Positive
9220_8,Negative
9221_10,Negative
9222_10,Positive
9223_8,Positive
9224_10,Positive
9225_9,Positive
9226_10,Positive
9227_8,Positive
9228_10,Positive
9229_8,Negative
922_8,Positive
9230_8,Positive
9231_8,Positive
9232_8,Positive
9233_8,Positive
9234_9,Negative
9235_9,Negative
9236_10,Negative
9237_8,Positive
9238_7,Positive
9239_10,Positive
923_10,Positive
9240_8,Positive
9241_7,Positive
9242_8,Positive
9243_10,Positive
9244_9,Positive
9245_10,Positive
9246_10,Positive
9247_10,Positive
9248_10,Positive
9249_9,Positive
924_10,Positive
9250_9,Positive
9251_10,Positive
9252_10,Positive
9253_10,Positive
9254_10,Positive
9255_10,Positive
9256_8,Positive
9257_10,Positive
9258_9,Positive
9259_9,Positive
925_10,Negative
9260_10,Positive
9261_10,Positive
9262_10,Positive
9263_8,Positive
9264_10,Positive
9265_9,Positive
9266_8,Positive
9267_10,Positive
9268_9,Positive
9269_9,Positive
926_10,Positive
9270_10,Negative
9271_10,Positive
9272_8,Negative
9273_8,Positive
9274_8,Positive
9275_7,Positive
9276_8,Positive
9277_10,Positive
9278_7,Negative
9279_8,Positive
927_10,Positive
9280_7,Positive
9281_9,Negative
9282_9,Positive
9283_9,Positive
9284_9,Positive
9285_10,Positive
9286_10,Positive
9287_10,Positive
9288_8,Positive
9289_10,Positive
928_10,Positive
9290_10,Negative
9291_10,Positive
9292_10,Positive
9293_10,Positive
9294_8,Positive
9295_10,Negative
9296_10,Positive
9297_10,Positive
9298_8,Positive
9299_9,Positive
929_10,Positive
92_8,Negative
9300_9,Positive
9301_8,Positive
9302_7,Positive
9303_8,Negative
9304_9,Negative
9305_7,Positive
9306_8,Positive
9307_8,Positive
9308_7,Positive
9309_8,Positive
930_10,Positive
9310_8,Positive
9311_10,Positive
9312_8,Positive
9313_9,Positive
9314_10,Positive
9315_8,Negative
9316_7,Negative
9317_10,Positive
9318_7,Positive
9319_9,Positive
931_9,Positive
9320_9,Positive
9321_10,Positive
9322_10,Positive
9323_7,Positive
9324_10,Negative
9325_9,Positive
9326_10,Positive
9327_9,Positive
9328_10,Positive
9329_10,Positive
932_9,Positive
9330_9,Positive
9331_7,Positive
9332_10,Positive
9333_8,Positive
9334_9,Positive
9335_8,Positive
9336_7,Negative
9337_10,Positive
9338_10,Negative
9339_8,Positive
933_10,Positive
9340_10,Positive
9341_10,Positive
9342_8,Positive
9343_10,Positive
9344_10,Positive
9345_10,Positive
9346_8,Positive
9347_10,Positive
9348_10,Positive
9349_7,Positive
934_10,Positive
9350_8,Positive
9351_7,Negative
9352_10,Negative
9353_8,Positive
9354_9,Positive
9355_10,Positive
9356_8,Positive
9357_8,Positive
9358_8,Positive
9359_9,Positive
935_10,Positive
9360_7,Positive
9361_10,Positive
9362_9,Positive
9363_8,Negative
9364_9,Positive
9365_8,Positive
9366_8,Positive
9367_10,Positive
9368_9,Positive
9369_8,Positive
936_9,Positive
9370_8,Positive
9371_9,Negative
9372_8,Positive
9373_7,Positive
9374_7,Negative
9375_8,Positive
9376_8,Positive
9377_8,Positive
9378_7,Positive
9379_9,Negative
937_10,Positive
9380_9,Positive
9381_9,Positive
9382_10,Positive
9383_7,Negative
9384_7,Negative
9385_10,Positive
9386_7,Positive
9387_7,Positive
9388_10,Positive
9389_9,Negative
938_10,Positive
9390_10,Positive
9391_8,Positive
9392_9,Positive
9393_9,Negative
9394_8,Positive
9395_8,Positive
9396_8,Positive
9397_10,Positive
9398_10,Positive
9399_10,Positive
939_8,Positive
93_9,Negative
9400_10,Positive
9401_7,Positive
9402_8,Positive
9403_10,Positive
9404_9,Positive
9405_7,Negative
9406_8,Positive
9407_10,Positive
9408_7,Positive
9409_10,Positive
940_7,Positive
9410_8,Positive
9411_7,Positive
9412_8,Positive
9413_7,Positive
9414_10,Positive
9415_9,Positive
9416_9,Positive
9417_8,Positive
9418_7,Positive
9419_10,Positive
941_10,Positive
9420_7,Negative
9421_7,Positive
9422_7,Positive
9423_8,Positive
9424_9,Positive
9425_7,Positive
9426_7,Negative
9427_7,Positive
9428_7,Positive
9429_7,Positive
942_10,Positive
9430_8,Positive
9431_7,Positive
9432_7,Positive
9433_7,Positive
9434_10,Positive
9435_7,Positive
9436_8,Positive
9437_10,Positive
9438_10,Negative
9439_9,Negative
943_8,Positive
9440_9,Negative
9441_10,Positive
9442_8,Negative
9443_10,Negative
9444_10,Positive
9445_10,Positive
9446_8,Positive
9447_10,Positive
9448_10,Positive
9449_10,Positive
944_8,Positive
9450_10,Positive
9451_10,Positive
9452_10,Negative
9453_7,Negative
9454_9,Positive
9455_10,Positive
9456_10,Negative
9457_9,Positive
9458_9,Positive
9459_9,Positive
945_7,Negative
9460_9,Positive
9461_8,Positive
9462_10,Positive
9463_10,Positive
9464_8,Positive
9465_8,Positive
9466_9,Positive
9467_9,Positive
9468_9,Positive
9469_10,Positive
946_7,Positive
9470_9,Positive
9471_10,Positive
9472_8,Positive
9473_9,Positive
9474_7,Positive
9475_8,Positive
9476_7,Negative
9477_8,Positive
9478_7,Positive
9479_10,Positive
947_8,Negative
9480_10,Positive
9481_10,Positive
9482_10,Positive
9483_9,Positive
9484_10,Positive
9485_9,Positive
9486_10,Positive
9487_10,Positive
9488_9,Positive
9489_10,Positive
948_8,Positive
9490_10,Positive
9491_10,Positive
9492_10,Negative
9493_10,Negative
9494_7,Negative
9495_10,Positive
9496_8,Negative
9497_7,Positive
9498_9,Positive
9499_7,Negative
949_8,Negative
94_10,Negative
9500_7,Positive
9501_7,Positive
9502_10,Positive
9503_10,Positive
9504_9,Positive
9505_8,Positive
9506_10,Positive
9507_9,Positive
9508_9,Positive
9509_10,Positive
950_10,Positive
9510_10,Positive
9511_9,Positive
9512_10,Positive
9513_9,Positive
9514_8,Positive
9515_7,Positive
9516_10,Positive
9517_10,Positive
9518_9,Negative
9519_8,Positive
951_10,Positive
9520_9,Positive
9521_9,Positive
9522_10,Positive
9523_10,Positive
9524_9,Positive
9525_9,Positive
9526_10,Positive
9527_7,Positive
9528_10,Positive
9529_10,Positive
952_10,Positive
9530_10,Negative
9531_9,Positive
9532_10,Positive
9533_10,Positive
9534_9,Positive
9535_9,Positive
9536_9,Positive
9537_10,Positive
9538_10,Negative
9539_10,Positive
953_10,Positive
9540_10,Positive
9541_8,Positive
9542_10,Positive
9543_10,Positive
9544_7,Positive
9545_10,Positive
9546_10,Negative
9547_8,Negative
9548_8,Positive
9549_10,Negative
954_8,Positive
9550_9,Positive
9551_7,Positive
9552_10,Positive
9553_9,Positive
9554_10,Positive
9555_9,Positive
9556_8,Positive
9557_9,Positive
9558_10,Positive
9559_9,Positive
955_10,Positive
9560_9,Negative
9561_10,Negative
9562_10,Positive
9563_10,Positive
9564_9,Positive
9565_9,Positive
9566_9,Negative
9567_7,Positive
9568_10,Positive
9569_7,Positive
956_10,Positive
9570_10,Positive
9571_10,Positive
9572_7,Positive
9573_10,Positive
9574_10,Positive
9575_8,Positive
9576_10,Positive
9577_10,Positive
9578_8,Negative
9579_10,Negative
957_10,Positive
9580_7,Negative
9581_10,Positive
9582_7,Negative
9583_9,Positive
9584_7,Negative
9585_7,Positive
9586_8,Positive
9587_7,Negative
9588_9,Negative
9589_10,Negative
958_10,Negative
9590_10,Positive
9591_10,Negative
9592_10,Positive
9593_9,Positive
9594_10,Positive
9595_10,Positive
9596_10,Positive
9597_10,Positive
9598_10,Positive
9599_10,Positive
959_8,Positive
95_10,Positive
9600_9,Negative
9601_10,Negative
9602_8,Positive
9603_10,Positive
9604_10,Positive
9605_10,Positive
9606_10,Positive
9607_10,Positive
9608_8,Positive
9609_7,Positive
960_8,Positive
9610_9,Positive
9611_7,Positive
9612_10,Positive
9613_8,Positive
9614_10,Positive
9615_8,Positive
9616_10,Positive
9617_9,Positive
9618_8,Positive
9619_7,Positive
961_8,Positive
9620_7,Positive
9621_7,Positive
9622_9,Positive
9623_8,Positive
9624_10,Positive
9625_8,Positive
9626_8,Positive
9627_8,Positive
9628_9,Positive
9629_9,Positive
962_9,Positive
9630_10,Positive
9631_7,Negative
9632_7,Negative
9633_8,Positive
9634_9,Positive
9635_8,Positive
9636_10,Positive
9637_8,Positive
9638_8,Positive
9639_7,Positive
963_8,Positive
9640_8,Negative
9641_8,Positive
9642_7,Positive
9643_7,Positive
9644_10,Positive
9645_8,Positive
9646_10,Positive
9647_8,Positive
9648_8,Positive
9649_10,Positive
964_7,Positive
9650_7,Positive
9651_8,Positive
9652_10,Positive
9653_10,Positive
9654_8,Positive
9655_10,Positive
9656_9,Positive
9657_10,Positive
9658_8,Positive
9659_8,Positive
965_9,Negative
9660_8,Positive
9661_10,Positive
9662_7,Positive
9663_9,Positive
9664_7,Negative
9665_10,Positive
9666_10,Positive
9667_8,Positive
9668_10,Positive
9669_10,Positive
966_10,Negative
9670_10,Positive
9671_9,Positive
9672_10,Positive
9673_7,Negative
9674_9,Positive
9675_9,Positive
9676_9,Positive
9677_10,Positive
9678_9,Negative
9679_10,Positive
967_7,Negative
9680_10,Positive
9681_10,Positive
9682_9,Positive
9683_7,Negative
9684_10,Positive
9685_10,Negative
9686_10,Positive
9687_10,Positive
9688_10,Positive
9689_10,Negative
968_8,Positive
9690_10,Positive
9691_9,Positive
9692_9,Negative
9693_7,Negative
9694_10,Negative
9695_8,Positive
9696_8,Negative
9697_8,Positive
9698_10,Positive
9699_10,Positive
969_9,Positive
96_10,Positive
9700_9,Positive
9701_9,Positive
9702_8,Negative
9703_7,Positive
9704_7,Positive
9705_10,Positive
9706_7,Negative
9707_7,Negative
9708_8,Positive
9709_8,Positive
970_7,Negative
9710_9,Positive
9711_9,Positive
9712_10,Positive
9713_8,Negative
9714_9,Negative
9715_8,Positive
9716_8,Positive
9717_10,Negative
9718_10,Positive
9719_10,Positive
971_10,Positive
9720_10,Positive
9721_9,Positive
9722_7,Positive
9723_10,Positive
9724_10,Positive
9725_10,Positive
9726_7,Positive
9727_7,Positive
9728_8,Positive
9729_8,Positive
972_7,Positive
9730_10,Negative
9731_10,Positive
9732_10,Negative
9733_10,Positive
9734_8,Positive
9735_7,Negative
9736_7,Positive
9737_10,Positive
9738_10,Positive
9739_8,Positive
973_10,Positive
9740_10,Positive
9741_10,Negative
9742_9,Positive
9743_10,Positive
9744_10,Positive
9745_7,Positive
9746_10,Positive
9747_10,Negative
9748_9,Negative
9749_8,Negative
974_10,Negative
9750_9,Negative
9751_9,Positive
9752_8,Positive
9753_8,Positive
9754_7,Positive
9755_7,Positive
9756_10,Positive
9757_10,Positive
9758_10,Positive
9759_10,Negative
975_7,Positive
9760_10,Positive
9761_7,Positive
9762_8,Positive
9763_9,Negative
9764_10,Positive
9765_10,Positive
9766_7,Negative
9767_10,Negative
9768_10,Positive
9769_9,Positive
976_8,Positive
9770_10,Positive
9771_10,Positive
9772_10,Negative
9773_10,Positive
9774_10,Positive
9775_9,Negative
9776_10,Positive
9777_9,Positive
9778_10,Positive
9779_10,Positive
977_9,Positive
9780_10,Positive
9781_10,Negative
9782_10,Positive
9783_9,Positive
9784_10,Positive
9785_10,Negative
9786_8,Positive
9787_8,Positive
9788_10,Negative
9789_10,Negative
978_7,Positive
9790_10,Positive
9791_10,Negative
9792_10,Positive
9793_10,Negative
9794_10,Positive
9795_9,Positive
9796_10,Positive
9797_10,Positive
9798_10,Positive
9799_10,Positive
979_10,Positive
97_7,Negative
9800_9,Positive
9801_10,Positive
9802_9,Positive
9803_9,Positive
9804_10,Positive
9805_10,Positive
9806_10,Positive
9807_9,Positive
9808_10,Negative
9809_8,Positive
980_7,Positive
9810_10,Negative
9811_10,Positive
9812_10,Positive
9813_10,Positive
9814_10,Negative
9815_8,Negative
9816_9,Positive
9817_8,Positive
9818_10,Positive
9819_10,Positive
981_9,Negative
9820_10,Positive
9821_10,Positive
9822_7,Positive
9823_8,Negative
9824_8,Negative
9825_7,Positive
9826_8,Negative
9827_9,Positive
9828_7,Positive
9829_7,Positive
982_8,Positive
9830_10,Positive
9831_10,Positive
9832_7,Negative
9833_7,Positive
9834_8,Positive
9835_8,Positive
9836_10,Positive
9837_7,Negative
9838_7,Positive
9839_8,Positive
983_7,Negative
9840_7,Negative
9841_8,Positive
9842_7,Positive
9843_7,Negative
9844_8,Positive
9845_8,Positive
9846_7,Negative
9847_10,Positive
9848_9,Positive
9849_8,Positive
984_8,Positive
9850_8,Positive
9851_8,Positive
9852_9,Positive
9853_10,Positive
9854_10,Positive
9855_9,Negative
9856_10,Positive
9857_10,Positive
9858_10,Positive
9859_8,Positive
985_10,Positive
9860_10,Positive
9861_7,Negative
9862_9,Positive
9863_10,Positive
9864_8,Positive
9865_10,Positive
9866_10,Positive
9867_8,Positive
9868_10,Positive
9869_7,Positive
986_10,Positive
9870_8,Negative
9871_7,Positive
9872_8,Positive
9873_9,Negative
9874_7,Positive
9875_10,Positive
9876_8,Negative
9877_8,Negative
9878_9,Positive
9879_9,Negative
987_7,Positive
9880_8,Positive
9881_10,Positive
9882_10,Positive
9883_10,Positive
9884_10,Positive
9885_7,Positive
9886_10,Positive
9887_9,Positive
9888_8,Positive
9889_9,Positive
988_8,Positive
9890_10,Negative
9891_10,Positive
9892_10,Positive
9893_8,Positive
9894_8,Positive
9895_10,Positive
9896_9,Positive
9897_9,Positive
9898_10,Positive
9899_9,Positive
989_7,Positive
98_9,Negative
9900_9,Positive
9901_10,Positive
9902_8,Positive
9903_7,Positive
9904_8,Positive
9905_10,Positive
9906_9,Positive
9907_7,Negative
9908_7,Negative
9909_9,Positive
990_7,Positive
9910_8,Negative
9911_10,Positive
9912_10,Negative
9913_8,Positive
9914_8,Positive
9915_10,Positive
9916_8,Positive
9917_10,Negative
9918_9,Positive
9919_9,Positive
991_7,Positive
9920_8,Positive
9921_9,Negative
9922_8,Positive
9923_8,Positive
9924_8,Positive
9925_9,Positive
9926_8,Negative
9927_7,Negative
9928_7,Negative
9929_7,Positive
992_7,Positive
9930_9,Positive
9931_9,Positive
9932_10,Negative
9933_7,Positive
9934_8,Positive
9935_8,Positive
9936_10,Positive
9937_7,Negative
9938_8,Positive
9939_8,Positive
993_8,Negative
9940_8,Positive
9941_9,Positive
9942_8,Negative
9943_10,Positive
9944_8,Negative
9945_10,Positive
9946_7,Negative
9947_9,Positive
9948_7,Positive
9949_8,Positive
994_7,Positive
9950_8,Positive
9951_8,Positive
9952_7,Positive
9953_10,Positive
9954_8,Positive
9955_9,Positive
9956_10,Positive
9957_10,Negative
9958_8,Positive
9959_7,Positive
995_7,Positive
9960_10,Positive
9961_9,Positive
9962_10,Positive
9963_8,Positive
9964_8,Positive
9965_8,Positive
9966_10,Positive
9967_10,Positive
9968_10,Negative
9969_10,Negative
996_7,Positive
9970_10,Positive
9971_9,Positive
9972_9,Negative
9973_9,Positive
9974_8,Positive
9975_8,Positive
9976_9,Positive
9977_7,Positive
9978_9,Positive
9979_8,Positive
997_7,Positive
9980_8,Positive
9981_7,Positive
9982_8,Positive
9983_7,Positive
9984_9,Positive
9985_9,Positive
9986_10,Negative
9987_9,Positive
9988_10,Positive
9989_10,Positive
998_7,Positive
9990_10,Positive
9991_8,Positive
9992_10,Positive
9993_10,Positive
9994_10,Positive
9995_8,Positive
9996_10,Positive
9997_10,Positive
9998_8,Positive
9999_10,Positive
999_8,Positive
99_10,Positive
9_7,Positive
0_2,Negative
10000_4,Negative
10001_1,Negative
10002_3,Negative
10003_3,Negative
10004_2,Negative
10005_2,Negative
10006_2,Negative
10007_4,Negative
10008_4,Negative
10009_3,Negative
1000_3,Negative
10010_2,Positive
10011_1,Negative
10012_1,Negative
10013_4,Negative
10014_2,Negative
10015_4,Positive
10016_3,Negative
10017_1,Positive
10018_1,Negative
10019_1,Negative
1001_4,Negative
10020_1,Negative
10021_3,Negative
10022_4,Negative
10023_4,Positive
10024_3,Negative
10025_2,Negative
10026_3,Negative
10027_1,Negative
10028_3,Negative
10029_1,Negative
1002_3,Negative
10030_3,Negative
10031_2,Negative
10032_1,Negative
10033_1,Negative
10034_1,Negative
10035_1,Negative
10036_1,Negative
10037_1,Negative
10038_4,Negative
10039_1,Negative
1003_4,Positive
10040_2,Negative
10041_1,Negative
10042_1,Negative
10043_1,Negative
10044_2,Negative
10045_1,Negative
10046_4,Negative
10047_1,Negative
10048_1,Negative
10049_1,Negative
1004_4,Positive
10050_4,Negative
10051_2,Negative
10052_4,Negative
10053_4,Negative
10054_3,Negative
10055_1,Negative
10056_1,Negative
10057_1,Negative
10058_2,Negative
10059_1,Negative
1005_2,Negative
10060_3,Negative
10061_4,Negative
10062_4,Negative
10063_1,Negative
10064_2,Negative
10065_1,Negative
10066_1,Negative
10067_4,Negative
10068_3,Negative
10069_3,Negative
1006_3,Negative
10070_3,Negative
10071_2,Negative
10072_1,Negative
10073_3,Positive
10074_3,Positive
10075_3,Negative
10076_3,Negative
10077_3,Negative
10078_3,Negative
10079_1,Negative
1007_4,Negative
10080_1,Negative
10081_1,Negative
10082_1,Negative
10083_2,Negative
10084_3,Negative
10085_2,Negative
10086_1,Negative
10087_1,Negative
10088_1,Negative
10089_1,Negative
1008_2,Negative
10090_3,Negative
10091_1,Negative
10092_4,Negative
10093_1,Negative
10094_4,Negative
10095_3,Negative
10096_1,Negative
10097_2,Negative
10098_1,Negative
10099_4,Negative
1009_3,Negative
100_4,Negative
10100_3,Negative
10101_4,Negative
10102_2,Negative
10103_1,Negative
10104_1,Negative
10105_3,Negative
10106_1,Negative
10107_2,Negative
10108_1,Negative
10109_1,Negative
1010_1,Negative
10110_1,Negative
10111_1,Negative
10112_1,Negative
10113_1,Negative
10114_2,Negative
10115_1,Negative
10116_1,Negative
10117_1,Negative
10118_1,Negative
10119_1,Negative
1011_4,Negative
10120_1,Negative
10121_1,Negative
10122_2,Negative
10123_4,Negative
10124_3,Negative
10125_4,Negative
10126_4,Positive
10127_2,Negative
10128_1,Negative
10129_2,Negative
1012_1,Negative
10130_2,Negative
10131_3,Negative
10132_3,Positive
10133_4,Positive
10134_4,Negative
10135_3,Negative
10136_1,Negative
10137_2,Negative
10138_2,Negative
10139_1,Negative
1013_1,Negative
10140_1,Negative
10141_1,Negative
10142_3,Negative
10143_3,Negative
10144_1,Negative
10145_1,Negative
10146_1,Positive
10147_1,Negative
10148_1,Negative
10149_1,Negative
1014_4,Negative
10150_2,Negative
10151_1,Negative
10152_1,Negative
10153_1,Negative
10154_2,Positive
10155_1,Negative
10156_3,Negative
10157_1,Negative
10158_2,Negative
10159_4,Negative
1015_4,Positive
10160_3,Negative
10161_1,Negative
10162_4,Negative
10163_4,Negative
10164_4,Negative
10165_2,Negative
10166_4,Positive
10167_4,Negative
10168_4,Negative
10169_3,Negative
1016_3,Negative
10170_1,Negative
10171_1,Negative
10172_1,Negative
10173_1,Negative
10174_1,Negative
10175_2,Negative
10176_1,Negative
10177_3,Negative
10178_1,Negative
10179_1,Negative
1017_1,Negative
10180_1,Negative
10181_2,Negative
10182_3,Negative
10183_1,Negative
10184_1,Negative
10185_1,Negative
10186_1,Negative
10187_1,Negative
10188_1,Positive
10189_1,Negative
1018_4,Negative
10190_1,Negative
10191_1,Negative
10192_1,Negative
10193_1,Negative
10194_1,Negative
10195_1,Negative
10196_1,Negative
10197_2,Negative
10198_2,Negative
10199_1,Negative
1019_3,Negative
101_3,Negative
10200_1,Negative
10201_1,Positive
10202_4,Negative
10203_2,Negative
10204_2,Negative
10205_1,Negative
10206_4,Positive
10207_3,Negative
10208_1,Negative
10209_1,Negative
1020_2,Negative
10210_3,Negative
10211_4,Negative
10212_4,Negative
10213_4,Negative
10214_2,Negative
10215_4,Negative
10216_1,Negative
10217_4,Negative
10218_4,Negative
10219_4,Negative
1021_2,Negative
10220_3,Negative
10221_2,Negative
10222_1,Negative
10223_2,Negative
10224_2,Negative
10225_1,Negative
10226_3,Negative
10227_3,Negative
10228_1,Negative
10229_2,Negative
1022_3,Positive
10230_2,Negative
10231_4,Negative
10232_1,Negative
10233_3,Negative
10234_3,Negative
10235_3,Positive
10236_4,Negative
10237_3,Negative
10238_2,Negative
10239_1,Negative
1023_3,Negative
10240_1,Negative
10241_1,Negative
10242_2,Negative
10243_2,Negative
10244_2,Negative
10245_4,Negative
10246_2,Negative
10247_1,Negative
10248_1,Negative
10249_1,Negative
1024_4,Negative
10250_4,Negative
10251_3,Negative
10252_1,Negative
10253_3,Negative
10254_1,Negative
10255_1,Positive
10256_4,Negative
10257_3,Negative
10258_1,Negative
10259_3,Negative
1025_3,Negative
10260_1,Positive
10261_1,Negative
10262_4,Negative
10263_3,Negative
10264_2,Negative
10265_3,Negative
10266_1,Negative
10267_4,Negative
10268_3,Negative
10269_4,Negative
1026_2,Negative
10270_1,Negative
10271_1,Negative
10272_1,Negative
10273_1,Negative
10274_2,Negative
10275_3,Negative
10276_1,Negative
10277_2,Negative
10278_4,Negative
10279_4,Negative
1027_4,Negative
10280_4,Negative
10281_4,Negative
10282_2,Negative
10283_1,Negative
10284_1,Negative
10285_1,Negative
10286_3,Negative
10287_1,Negative
10288_1,Negative
10289_1,Positive
1028_4,Negative
10290_1,Negative
10291_3,Negative
10292_2,Negative
10293_1,Negative
10294_2,Negative
10295_1,Negative
10296_1,Negative
10297_1,Negative
10298_1,Negative
10299_1,Negative
1029_2,Negative
102_4,Negative
10300_1,Negative
10301_2,Negative
10302_3,Negative
10303_3,Negative
10304_2,Negative
10305_1,Positive
10306_1,Negative
10307_2,Positive
10308_1,Negative
10309_2,Negative
1030_2,Negative
10310_1,Negative
10311_1,Positive
10312_1,Positive
10313_1,Negative
10314_1,Negative
10315_1,Positive
10316_1,Negative
10317_1,Negative
10318_1,Negative
10319_1,Negative
1031_1,Negative
10320_1,Negative
10321_1,Negative
10322_1,Negative
10323_2,Positive
10324_1,Negative
10325_2,Negative
10326_1,Negative
10327_1,Negative
10328_1,Negative
10329_1,Negative
1032_1,Negative
10330_2,Negative
10331_1,Negative
10332_1,Negative
10333_1,Negative
10334_1,Negative
10335_1,Negative
10336_1,Negative
10337_1,Negative
10338_3,Negative
10339_4,Negative
1033_2,Negative
10340_1,Positive
10341_2,Negative
10342_1,Negative
10343_1,Negative
10344_4,Negative
10345_3,Negative
10346_4,Negative
10347_1,Negative
10348_1,Negative
10349_2,Negative
1034_2,Negative
10350_1,Positive
10351_3,Negative
10352_1,Negative
10353_2,Negative
10354_4,Negative
10355_4,Positive
10356_1,Negative
10357_2,Negative
10358_3,Negative
10359_1,Negative
1035_3,Negative
10360_1,Negative
10361_1,Negative
10362_4,Negative
10363_3,Negative
10364_2,Negative
10365_1,Negative
10366_3,Negative
10367_3,Negative
10368_3,Negative
10369_4,Negative
1036_3,Negative
10370_3,Negative
10371_4,Negative
10372_4,Negative
10373_2,Negative
10374_3,Positive
10375_3,Negative
10376_3,Negative
10377_2,Negative
10378_4,Negative
10379_3,Negative
1037_1,Negative
10380_1,Negative
10381_2,Negative
10382_3,Negative
10383_1,Negative
10384_1,Negative
10385_1,Negative
10386_1,Negative
10387_1,Negative
10388_4,Negative
10389_1,Negative
1038_1,Positive
10390_1,Negative
10391_4,Negative
10392_2,Negative
10393_1,Negative
10394_1,Negative
10395_2,Negative
10396_4,Negative
10397_1,Negative
10398_1,Negative
10399_2,Negative
1039_1,Negative
103_3,Negative
10400_4,Negative
10401_1,Negative
10402_3,Negative
10403_4,Negative
10404_4,Negative
10405_4,Negative
10406_1,Negative
10407_2,Negative
10408_2,Negative
10409_2,Positive
1040_4,Negative
10410_1,Negative
10411_3,Negative
10412_2,Negative
10413_3,Negative
10414_1,Positive
10415_3,Positive
10416_4,Negative
10417_2,Negative
10418_1,Negative
10419_4,Positive
1041_2,Negative
10420_3,Negative
10421_4,Negative
10422_3,Negative
10423_1,Negative
10424_1,Negative
10425_1,Negative
10426_4,Negative
10427_1,Negative
10428_1,Negative
10429_1,Negative
1042_3,Negative
10430_1,Negative
10431_2,Negative
10432_4,Negative
10433_2,Negative
10434_1,Negative
10435_1,Negative
10436_1,Negative
10437_1,Negative
10438_3,Negative
10439_3,Positive
1043_4,Negative
10440_1,Negative
10441_4,Negative
10442_2,Negative
10443_3,Negative
10444_1,Negative
10445_1,Negative
10446_2,Negative
10447_2,Negative
10448_1,Negative
10449_2,Negative
1044_3,Negative
10450_1,Negative
10451_1,Negative
10452_1,Negative
10453_1,Negative
10454_1,Negative
10455_1,Negative
10456_1,Negative
10457_1,Negative
10458_1,Negative
10459_1,Negative
1045_3,Positive
10460_1,Negative
10461_1,Negative
10462_3,Negative
10463_2,Negative
10464_2,Negative
10465_3,Negative
10466_3,Negative
10467_3,Negative
10468_2,Negative
10469_3,Negative
1046_1,Negative
10470_1,Negative
10471_4,Negative
10472_3,Negative
10473_4,Negative
10474_3,Negative
10475_2,Negative
10476_2,Negative
10477_1,Negative
10478_1,Negative
10479_4,Negative
1047_4,Negative
10480_4,Negative
10481_3,Positive
10482_4,Negative
10483_1,Negative
10484_2,Negative
10485_1,Negative
10486_1,Negative
10487_3,Negative
10488_3,Negative
10489_1,Negative
1048_4,Positive
10490_1,Negative
10491_3,Negative
10492_1,Negative
10493_1,Negative
10494_2,Negative
10495_2,Negative
10496_1,Negative
10497_1,Negative
10498_1,Negative
10499_1,Negative
1049_3,Negative
104_1,Negative
10500_1,Negative
10501_1,Negative
10502_1,Negative
10503_1,Negative
10504_1,Negative
10505_1,Negative
10506_1,Negative
10507_2,Negative
10508_1,Negative
10509_1,Negative
1050_4,Negative
10510_2,Negative
10511_1,Negative
10512_1,Negative
10513_1,Negative
10514_1,Negative
10515_3,Negative
10516_1,Negative
10517_1,Negative
10518_1,Negative
10519_1,Negative
1051_1,Negative
10520_2,Negative
10521_2,Negative
10522_1,Negative
10523_1,Negative
10524_2,Negative
10525_4,Negative
10526_2,Negative
10527_3,Negative
10528_1,Negative
10529_3,Negative
1052_3,Negative
10530_1,Negative
10531_3,Negative
10532_1,Negative
10533_3,Negative
10534_2,Negative
10535_3,Negative
10536_2,Negative
10537_3,Negative
10538_1,Negative
10539_2,Negative
1053_4,Negative
10540_1,Negative
10541_2,Negative
10542_4,Negative
10543_3,Negative
10544_3,Negative
10545_2,Negative
10546_1,Positive
10547_3,Negative
10548_1,Negative
10549_2,Negative
1054_2,Negative
10550_2,Positive
10551_1,Negative
10552_4,Negative
10553_1,Negative
10554_2,Negative
10555_3,Negative
10556_3,Negative
10557_3,Negative
10558_4,Negative
10559_3,Negative
1055_3,Negative
10560_4,Negative
10561_2,Negative
10562_1,Negative
10563_2,Negative
10564_3,Negative
10565_1,Negative
10566_3,Negative
10567_4,Negative
10568_4,Negative
10569_1,Negative
1056_3,Positive
10570_1,Negative
10571_3,Negative
10572_1,Negative
10573_3,Negative
10574_3,Negative
10575_1,Negative
10576_1,Negative
10577_1,Negative
10578_1,Negative
10579_1,Negative
1057_2,Positive
10580_1,Negative
10581_3,Positive
10582_2,Negative
10583_1,Negative
10584_3,Negative
10585_3,Negative
10586_1,Negative
10587_1,Negative
10588_1,Positive
10589_3,Negative
1058_1,Negative
10590_3,Negative
10591_2,Negative
10592_1,Negative
10593_3,Negative
10594_1,Negative
10595_1,Negative
10596_3,Negative
10597_1,Negative
10598_4,Negative
10599_1,Negative
1059_1,Negative
105_3,Negative
10600_3,Negative
10601_1,Negative
10602_2,Negative
10603_3,Negative
10604_3,Negative
10605_1,Negative
10606_1,Negative
10607_1,Negative
10608_1,Negative
10609_1,Negative
1060_2,Negative
10610_1,Negative
10611_3,Negative
10612_3,Negative
10613_1,Negative
10614_1,Negative
10615_2,Negative
10616_1,Negative
10617_3,Negative
10618_1,Negative
10619_2,Negative
1061_1,Negative
10620_4,Negative
10621_2,Negative
10622_1,Negative
10623_2,Negative
10624_1,Negative
10625_1,Negative
10626_1,Positive
10627_2,Negative
10628_1,Negative
10629_1,Negative
1062_2,Negative
10630_4,Negative
10631_1,Negative
10632_4,Negative
10633_3,Negative
10634_3,Negative
10635_4,Negative
10636_3,Negative
10637_2,Negative
10638_1,Negative
10639_4,Negative
1063_2,Negative
10640_3,Negative
10641_1,Negative
10642_1,Negative
10643_1,Negative
10644_1,Negative
10645_4,Negative
10646_2,Negative
10647_3,Negative
10648_3,Negative
10649_1,Negative
1064_1,Negative
10650_4,Negative
10651_3,Negative
10652_4,Negative
10653_1,Negative
10654_2,Negative
10655_2,Positive
10656_3,Negative
10657_1,Negative
10658_3,Negative
10659_2,Negative
1065_1,Negative
10660_4,Negative
10661_1,Negative
10662_1,Negative
10663_4,Negative
10664_1,Negative
10665_1,Negative
10666_1,Negative
10667_2,Negative
10668_1,Negative
10669_1,Negative
1066_1,Negative
10670_1,Negative
10671_1,Negative
10672_1,Negative
10673_4,Negative
10674_2,Negative
10675_4,Positive
10676_4,Negative
10677_4,Negative
10678_2,Negative
10679_3,Negative
1067_1,Negative
10680_2,Negative
10681_2,Negative
10682_3,Negative
10683_4,Negative
10684_3,Negative
10685_1,Negative
10686_3,Negative
10687_4,Negative
10688_1,Negative
10689_3,Negative
1068_3,Negative
10690_1,Negative
10691_1,Negative
10692_4,Negative
10693_1,Negative
10694_1,Negative
10695_1,Negative
10696_1,Negative
10697_1,Negative
10698_1,Negative
10699_3,Negative
1069_4,Negative
106_3,Negative
10700_1,Negative
10701_2,Negative
10702_1,Negative
10703_3,Positive
10704_1,Negative
10705_1,Negative
10706_2,Negative
10707_3,Negative
10708_3,Negative
10709_3,Negative
1070_1,Negative
10710_1,Positive
10711_2,Negative
10712_1,Negative
10713_3,Negative
10714_2,Negative
10715_3,Negative
10716_2,Negative
10717_3,Negative
10718_1,Negative
10719_3,Negative
1071_2,Negative
10720_4,Negative
10721_4,Positive
10722_1,Negative
10723_4,Negative
10724_1,Negative
10725_1,Negative
10726_1,Negative
10727_1,Negative
10728_1,Negative
10729_4,Negative
1072_2,Negative
10730_1,Negative
10731_3,Negative
10732_3,Negative
10733_3,Negative
10734_2,Negative
10735_1,Negative
10736_3,Negative
10737_2,Positive
10738_4,Negative
10739_2,Negative
1073_4,Negative
10740_4,Negative
10741_1,Negative
10742_1,Negative
10743_1,Negative
10744_2,Negative
10745_1,Negative
10746_2,Negative
10747_1,Negative
10748_3,Negative
10749_1,Negative
1074_2,Negative
10750_1,Negative
10751_4,Negative
10752_3,Negative
10753_3,Negative
10754_1,Negative
10755_4,Negative
10756_3,Negative
10757_4,Negative
10758_4,Negative
10759_3,Negative
1075_2,Negative
10760_1,Negative
10761_4,Negative
10762_3,Negative
10763_1,Negative
10764_4,Negative
10765_1,Negative
10766_3,Negative
10767_3,Negative
10768_1,Negative
10769_2,Negative
1076_3,Negative
10770_2,Negative
10771_1,Negative
10772_3,Negative
10773_4,Negative
10774_2,Negative
10775_4,Positive
10776_4,Negative
10777_2,Negative
10778_2,Negative
10779_2,Negative
1077_3,Negative
10780_3,Negative
10781_1,Negative
10782_2,Negative
10783_4,Positive
10784_4,Positive
10785_4,Negative
10786_4,Negative
10787_3,Negative
10788_4,Positive
10789_4,Negative
1078_4,Negative
10790_1,Negative
10791_1,Negative
10792_1,Negative
10793_3,Negative
10794_4,Negative
10795_1,Positive
10796_4,Negative
10797_1,Negative
10798_1,Negative
10799_3,Negative
1079_1,Negative
107_4,Negative
10800_1,Negative
10801_1,Negative
10802_1,Negative
10803_2,Negative
10804_3,Negative
10805_4,Negative
10806_3,Negative
10807_3,Negative
10808_2,Negative
10809_3,Negative
1080_1,Negative
10810_2,Negative
10811_1,Negative
10812_2,Negative
10813_4,Negative
10814_1,Negative
10815_2,Negative
10816_2,Negative
10817_4,Negative
10818_1,Negative
10819_1,Negative
1081_3,Negative
10820_3,Negative
10821_3,Negative
10822_2,Negative
10823_3,Negative
10824_1,Negative
10825_3,Negative
10826_4,Negative
10827_4,Negative
10828_1,Negative
10829_1,Negative
1082_1,Negative
10830_1,Negative
10831_1,Negative
10832_1,Negative
10833_1,Negative
10834_2,Negative
10835_3,Negative
10836_1,Negative
10837_1,Negative
10838_2,Negative
10839_4,Negative
1083_3,Negative
10840_2,Negative
10841_3,Negative
10842_1,Negative
10843_2,Negative
10844_1,Negative
10845_1,Negative
10846_4,Negative
10847_1,Negative
10848_1,Negative
10849_2,Negative
1084_1,Negative
10850_2,Positive
10851_1,Negative
10852_1,Negative
10853_3,Negative
10854_1,Negative
10855_1,Negative
10856_1,Negative
10857_2,Negative
10858_1,Negative
10859_1,Negative
1085_1,Negative
10860_2,Negative
10861_1,Negative
10862_1,Negative
10863_1,Negative
10864_1,Negative
10865_2,Negative
10866_3,Negative
10867_1,Negative
10868_1,Negative
10869_1,Negative
1086_2,Negative
10870_1,Negative
10871_1,Negative
10872_3,Negative
10873_4,Negative
10874_1,Negative
10875_3,Negative
10876_1,Negative
10877_2,Negative
10878_1,Negative
10879_4,Negative
1087_2,Negative
10880_1,Negative
10881_4,Negative
10882_2,Negative
10883_1,Negative
10884_1,Negative
10885_1,Negative
10886_1,Negative
10887_3,Negative
10888_1,Negative
10889_2,Negative
1088_3,Negative
10890_1,Negative
10891_1,Negative
10892_4,Negative
10893_4,Positive
10894_2,Negative
10895_1,Negative
10896_4,Negative
10897_4,Negative
10898_2,Negative
10899_1,Negative
1089_1,Negative
108_2,Negative
10900_1,Negative
10901_3,Negative
10902_1,Negative
10903_1,Negative
10904_3,Negative
10905_1,Negative
10906_4,Negative
10907_1,Negative
10908_2,Negative
10909_2,Negative
1090_1,Negative
10910_2,Negative
10911_3,Negative
10912_4,Negative
10913_1,Negative
10914_1,Negative
10915_4,Negative
10916_3,Negative
10917_2,Negative
10918_4,Negative
10919_2,Negative
1091_1,Negative
10920_1,Negative
10921_4,Negative
10922_3,Negative
10923_1,Negative
10924_4,Negative
10925_4,Negative
10926_1,Negative
10927_1,Negative
10928_1,Negative
10929_4,Positive
1092_4,Negative
10930_1,Negative
10931_2,Negative
10932_4,Negative
10933_3,Negative
10934_3,Negative
10935_2,Negative
10936_3,Negative
10937_1,Negative
10938_1,Negative
10939_1,Negative
1093_4,Negative
10940_1,Negative
10941_3,Negative
10942_1,Negative
10943_3,Negative
10944_1,Negative
10945_1,Negative
10946_1,Negative
10947_3,Negative
10948_1,Negative
10949_4,Negative
1094_3,Negative
10950_3,Negative
10951_1,Negative
10952_1,Negative
10953_4,Negative
10954_1,Negative
10955_3,Negative
10956_4,Negative
10957_1,Negative
10958_1,Negative
10959_1,Negative
1095_2,Negative
10960_2,Negative
10961_4,Negative
10962_3,Negative
10963_4,Negative
10964_4,Negative
10965_1,Negative
10966_2,Negative
10967_2,Negative
10968_1,Negative
10969_1,Negative
1096_3,Negative
10970_4,Positive
10971_1,Negative
10972_1,Negative
10973_1,Negative
10974_2,Negative
10975_2,Positive
10976_1,Negative
10977_2,Negative
10978_1,Negative
10979_3,Negative
1097_3,Positive
10980_3,Positive
10981_4,Negative
10982_1,Negative
10983_1,Negative
10984_1,Negative
10985_2,Positive
10986_1,Negative
10987_1,Negative
10988_3,Negative
10989_1,Negative
1098_4,Negative
10990_1,Negative
10991_1,Negative
10992_4,Negative
10993_1,Negative
10994_2,Negative
10995_1,Negative
10996_1,Negative
10997_1,Negative
10998_1,Negative
10999_2,Negative
1099_2,Negative
109_4,Positive
10_3,Negative
11000_1,Negative
11001_1,Negative
11002_3,Negative
11003_1,Negative
11004_1,Negative
11005_1,Negative
11006_4,Negative
11007_1,Negative
11008_4,Positive
11009_1,Negative
1100_4,Negative
11010_3,Negative
11011_2,Negative
11012_2,Negative
11013_4,Negative
11014_4,Positive
11015_3,Negative
11016_1,Negative
11017_3,Negative
11018_4,Negative
11019_2,Negative
1101_4,Negative
11020_3,Negative
11021_4,Negative
11022_1,Negative
11023_3,Negative
11024_2,Negative
11025_4,Negative
11026_3,Negative
11027_4,Positive
11028_4,Negative
11029_3,Positive
1102_3,Negative
11030_4,Negative
11031_1,Negative
11032_3,Negative
11033_1,Negative
11034_3,Negative
11035_1,Negative
11036_4,Negative
11037_1,Negative
11038_1,Negative
11039_1,Negative
1103_4,Negative
11040_1,Negative
11041_1,Negative
11042_1,Negative
11043_3,Negative
11044_1,Negative
11045_1,Negative
11046_1,Negative
11047_1,Negative
11048_1,Negative
11049_1,Negative
1104_4,Negative
11050_1,Negative
11051_4,Negative
11052_4,Negative
11053_3,Negative
11054_1,Negative
11055_1,Negative
11056_2,Negative
11057_1,Negative
11058_3,Negative
11059_2,Negative
1105_3,Negative
11060_2,Negative
11061_1,Negative
11062_2,Negative
11063_1,Negative
11064_2,Negative
11065_1,Negative
11066_3,Negative
11067_2,Negative
11068_1,Negative
11069_1,Negative
1106_1,Negative
11070_1,Negative
11071_1,Negative
11072_2,Negative
11073_3,Negative
11074_1,Negative
11075_1,Negative
11076_1,Negative
11077_2,Negative
11078_1,Negative
11079_3,Negative
1107_2,Negative
11080_1,Negative
11081_2,Negative
11082_2,Negative
11083_1,Negative
11084_1,Negative
11085_1,Negative
11086_1,Negative
11087_3,Negative
11088_4,Negative
11089_1,Negative
1108_3,Negative
11090_4,Positive
11091_1,Negative
11092_2,Negative
11093_3,Negative
11094_3,Negative
11095_2,Negative
11096_4,Negative
11097_3,Negative
11098_2,Negative
11099_3,Negative
1109_1,Negative
110_1,Negative
11100_4,Negative
11101_4,Positive
11102_3,Negative
11103_4,Negative
11104_3,Negative
11105_3,Negative
11106_1,Negative
11107_4,Negative
11108_1,Negative
11109_1,Negative
1110_4,Negative
11110_2,Negative
11111_1,Negative
11112_2,Negative
11113_1,Negative
11114_1,Negative
11115_2,Negative
11116_2,Negative
11117_1,Negative
11118_4,Negative
11119_1,Negative
1111_3,Negative
11120_4,Negative
11121_2,Negative
11122_2,Negative
11123_1,Negative
11124_2,Negative
11125_3,Negative
11126_4,Negative
11127_1,Negative
11128_1,Negative
11129_3,Negative
1112_3,Negative
11130_1,Negative
11131_2,Negative
11132_1,Negative
11133_1,Negative
11134_1,Negative
11135_1,Negative
11136_1,Negative
11137_1,Negative
11138_1,Negative
11139_4,Positive
1113_3,Negative
11140_4,Negative
11141_1,Negative
11142_2,Negative
11143_2,Negative
11144_4,Positive
11145_3,Negative
11146_2,Negative
11147_3,Negative
11148_3,Negative
11149_3,Negative
1114_4,Negative
11150_3,Positive
11151_4,Negative
11152_3,Negative
11153_2,Negative
11154_3,Negative
11155_4,Negative
11156_4,Negative
11157_4,Negative
11158_2,Negative
11159_1,Negative
1115_3,Negative
11160_3,Negative
11161_1,Negative
11162_1,Negative
11163_1,Negative
11164_1,Negative
11165_4,Positive
11166_4,Negative
11167_4,Negative
11168_1,Negative
11169_4,Negative
1116_1,Negative
11170_4,Negative
11171_3,Negative
11172_1,Negative
11173_2,Negative
11174_4,Negative
11175_2,Negative
11176_1,Negative
11177_4,Negative
11178_1,Negative
11179_4,Positive
1117_2,Negative
11180_4,Negative
11181_4,Positive
11182_3,Negative
11183_4,Negative
11184_3,Negative
11185_1,Positive
11186_3,Negative
11187_1,Negative
11188_2,Negative
11189_4,Negative
1118_1,Negative
11190_1,Negative
11191_4,Negative
11192_1,Negative
11193_3,Negative
11194_2,Negative
11195_2,Negative
11196_4,Negative
11197_2,Negative
11198_3,Negative
11199_4,Negative
1119_2,Negative
111_3,Negative
11200_4,Positive
11201_2,Negative
11202_1,Negative
11203_2,Negative
11204_2,Negative
11205_2,Negative
11206_4,Negative
11207_1,Negative
11208_1,Negative
11209_1,Negative
1120_3,Negative
11210_3,Positive
11211_1,Negative
11212_4,Positive
11213_3,Negative
11214_2,Negative
11215_2,Negative
11216_4,Negative
11217_4,Negative
11218_3,Negative
11219_3,Negative
1121_1,Negative
11220_1,Negative
11221_4,Negative
11222_3,Negative
11223_1,Negative
11224_3,Negative
11225_3,Negative
11226_1,Negative
11227_2,Negative
11228_4,Negative
11229_4,Negative
1122_1,Negative
11230_4,Negative
11231_4,Positive
11232_2,Negative
11233_4,Negative
11234_4,Negative
11235_3,Positive
11236_1,Negative
11237_4,Negative
11238_4,Negative
11239_3,Negative
1123_1,Negative
11240_1,Negative
11241_1,Negative
11242_2,Positive
11243_2,Negative
11244_1,Negative
11245_2,Negative
11246_4,Negative
11247_4,Negative
11248_1,Negative
11249_4,Negative
1124_1,Negative
11250_2,Negative
11251_4,Negative
11252_3,Negative
11253_4,Negative
11254_4,Negative
11255_3,Negative
11256_1,Negative
11257_4,Negative
11258_2,Negative
11259_4,Negative
1125_1,Negative
11260_4,Negative
11261_4,Negative
11262_4,Negative
11263_3,Negative
11264_3,Negative
11265_2,Negative
11266_2,Negative
11267_2,Negative
11268_2,Negative
11269_1,Negative
1126_1,Negative
11270_3,Negative
11271_4,Positive
11272_4,Negative
11273_4,Negative
11274_3,Negative
11275_4,Negative
11276_4,Negative
11277_4,Negative
11278_4,Negative
11279_4,Negative
1127_1,Negative
11280_2,Negative
11281_3,Positive
11282_2,Negative
11283_2,Negative
11284_4,Negative
11285_2,Negative
11286_1,Negative
11287_4,Negative
11288_4,Negative
11289_4,Negative
1128_1,Negative
11290_2,Negative
11291_3,Negative
11292_1,Negative
11293_3,Negative
11294_1,Negative
11295_3,Negative
11296_1,Negative
11297_1,Negative
11298_1,Negative
11299_1,Negative
1129_2,Negative
112_2,Negative
11300_1,Negative
11301_1,Negative
11302_4,Negative
11303_1,Negative
11304_1,Negative
11305_1,Negative
11306_1,Negative
11307_1,Negative
11308_1,Negative
11309_1,Negative
1130_1,Negative
11310_3,Negative
11311_1,Negative
11312_1,Negative
11313_1,Negative
11314_1,Negative
11315_3,Positive
11316_2,Negative
11317_1,Negative
11318_1,Negative
11319_2,Negative
1131_2,Negative
11320_1,Negative
11321_1,Negative
11322_1,Negative
11323_2,Negative
11324_2,Negative
11325_4,Negative
11326_1,Negative
11327_3,Negative
11328_1,Negative
11329_4,Positive
1132_1,Negative
11330_4,Negative
11331_1,Negative
11332_4,Positive
11333_3,Negative
11334_2,Negative
11335_2,Negative
11336_4,Negative
11337_1,Negative
11338_1,Negative
11339_4,Negative
1133_1,Negative
11340_2,Negative
11341_1,Positive
11342_4,Negative
11343_2,Negative
11344_1,Negative
11345_1,Negative
11346_1,Negative
11347_1,Negative
11348_1,Negative
11349_3,Negative
1134_1,Negative
11350_4,Negative
11351_4,Negative
11352_4,Negative
11353_4,Negative
11354_2,Negative
11355_2,Negative
11356_3,Negative
11357_1,Negative
11358_4,Negative
11359_2,Negative
1135_1,Negative
11360_4,Negative
11361_3,Negative
11362_2,Positive
11363_1,Negative
11364_3,Negative
11365_1,Negative
11366_3,Negative
11367_4,Negative
11368_1,Negative
11369_1,Negative
1136_1,Negative
11370_1,Negative
11371_3,Negative
11372_3,Negative
11373_3,Negative
11374_4,Negative
11375_1,Negative
11376_1,Negative
11377_4,Negative
11378_2,Negative
11379_2,Negative
1137_1,Negative
11380_2,Negative
11381_3,Negative
11382_3,Negative
11383_3,Negative
11384_3,Positive
11385_4,Negative
11386_3,Negative
11387_1,Negative
11388_1,Negative
11389_3,Negative
1138_1,Positive
11390_3,Negative
11391_1,Negative
11392_3,Negative
11393_3,Negative
11394_4,Positive
11395_4,Positive
11396_2,Negative
11397_3,Negative
11398_1,Negative
11399_1,Negative
1139_1,Negative
113_3,Negative
11400_3,Negative
11401_3,Negative
11402_1,Negative
11403_1,Negative
11404_4,Negative
11405_3,Negative
11406_1,Negative
11407_4,Negative
11408_4,Negative
11409_1,Negative
1140_1,Negative
11410_1,Positive
11411_2,Negative
11412_2,Negative
11413_1,Negative
11414_4,Negative
11415_4,Negative
11416_2,Negative
11417_3,Negative
11418_3,Negative
11419_4,Negative
1141_1,Negative
11420_4,Negative
11421_3,Negative
11422_1,Negative
11423_4,Negative
11424_4,Positive
11425_2,Negative
11426_3,Negative
11427_1,Negative
11428_1,Negative
11429_1,Positive
1142_1,Negative
11430_4,Positive
11431_1,Negative
11432_2,Negative
11433_3,Negative
11434_1,Negative
11435_3,Positive
11436_1,Negative
11437_1,Negative
11438_4,Negative
11439_4,Negative
1143_1,Negative
11440_1,Negative
11441_3,Negative
11442_1,Negative
11443_3,Negative
11444_3,Negative
11445_4,Negative
11446_3,Negative
11447_1,Negative
11448_2,Negative
11449_2,Negative
1144_1,Negative
11450_3,Negative
11451_1,Negative
11452_2,Negative
11453_1,Negative
11454_3,Negative
11455_3,Negative
11456_4,Positive
11457_4,Negative
11458_4,Negative
11459_4,Negative
1145_2,Negative
11460_4,Positive
11461_4,Negative
11462_2,Negative
11463_1,Negative
11464_3,Negative
11465_2,Negative
11466_4,Negative
11467_4,Negative
11468_2,Negative
11469_3,Negative
1146_4,Negative
11470_3,Negative
11471_1,Negative
11472_1,Negative
11473_1,Positive
11474_2,Negative
11475_2,Negative
11476_1,Negative
11477_1,Negative
11478_3,Positive
11479_4,Negative
1147_1,Negative
11480_2,Negative
11481_4,Negative
11482_4,Negative
11483_1,Negative
11484_2,Positive
11485_3,Positive
11486_3,Negative
11487_1,Negative
11488_1,Negative
11489_3,Negative
1148_4,Negative
11490_1,Negative
11491_4,Negative
11492_1,Negative
11493_2,Negative
11494_4,Negative
11495_2,Negative
11496_3,Negative
11497_1,Negative
11498_1,Negative
11499_3,Negative
1149_3,Negative
114_2,Negative
11500_4,Negative
11501_3,Negative
11502_3,Positive
11503_1,Negative
11504_1,Positive
11505_1,Negative
11506_2,Positive
11507_1,Negative
11508_1,Negative
11509_1,Negative
1150_2,Negative
11510_2,Negative
11511_1,Negative
11512_1,Negative
11513_1,Negative
11514_1,Negative
11515_1,Negative
11516_3,Negative
11517_4,Negative
11518_1,Negative
11519_3,Negative
1151_1,Positive
11520_1,Negative
11521_1,Negative
11522_1,Negative
11523_3,Negative
11524_2,Negative
11525_1,Negative
11526_3,Negative
11527_1,Negative
11528_2,Negative
11529_2,Negative
1152_3,Negative
11530_3,Negative
11531_1,Negative
11532_4,Negative
11533_4,Negative
11534_3,Negative
11535_1,Negative
11536_1,Negative
11537_3,Negative
11538_1,Negative
11539_3,Negative
1153_4,Negative
11540_1,Negative
11541_4,Positive
11542_3,Negative
11543_3,Negative
11544_1,Negative
11545_3,Negative
11546_1,Negative
11547_3,Negative
11548_3,Negative
11549_3,Negative
1154_4,Negative
11550_4,Negative
11551_1,Negative
11552_4,Negative
11553_1,Negative
11554_2,Negative
11555_3,Negative
11556_1,Negative
11557_1,Negative
11558_3,Negative
11559_1,Negative
1155_2,Negative
11560_1,Negative
11561_1,Negative
11562_1,Negative
11563_1,Negative
11564_1,Negative
11565_4,Negative
11566_1,Negative
11567_1,Negative
11568_2,Negative
11569_1,Negative
1156_2,Negative
11570_1,Negative
11571_4,Positive
11572_2,Negative
11573_1,Negative
11574_2,Negative
11575_3,Negative
11576_1,Negative
11577_4,Negative
11578_1,Negative
11579_1,Negative
1157_1,Negative
11580_3,Negative
11581_1,Negative
11582_1,Negative
11583_4,Negative
11584_2,Negative
11585_3,Negative
11586_1,Negative
11587_2,Negative
11588_3,Negative
11589_1,Negative
1158_3,Negative
11590_1,Negative
11591_1,Negative
11592_2,Negative
11593_3,Negative
11594_4,Negative
11595_1,Negative
11596_1,Negative
11597_1,Negative
11598_4,Negative
11599_1,Positive
1159_1,Negative
115_3,Negative
11600_2,Negative
11601_2,Negative
11602_4,Negative
11603_3,Negative
11604_3,Negative
11605_1,Negative
11606_4,Positive
11607_4,Negative
11608_1,Negative
11609_1,Negative
1160_1,Negative
11610_1,Negative
11611_1,Negative
11612_1,Negative
11613_3,Negative
11614_4,Negative
11615_1,Negative
11616_1,Negative
11617_1,Negative
11618_3,Negative
11619_1,Negative
1161_1,Negative
11620_4,Negative
11621_3,Negative
11622_3,Negative
11623_2,Negative
11624_4,Negative
11625_4,Positive
11626_4,Negative
11627_4,Negative
11628_3,Negative
11629_4,Negative
1162_1,Negative
11630_4,Negative
11631_4,Negative
11632_4,Negative
11633_2,Negative
11634_3,Negative
11635_4,Negative
11636_3,Negative
11637_4,Negative
11638_4,Positive
11639_4,Negative
1163_1,Negative
11640_3,Negative
11641_2,Negative
11642_1,Negative
11643_3,Negative
11644_3,Negative
11645_1,Negative
11646_1,Negative
11647_2,Negative
11648_4,Negative
11649_2,Negative
1164_1,Negative
11650_1,Negative
11651_2,Negative
11652_1,Negative
11653_3,Positive
11654_4,Positive
11655_2,Positive
11656_4,Negative
11657_4,Negative
11658_4,Negative
11659_2,Negative
1165_2,Negative
11660_4,Negative
11661_2,Negative
11662_2,Negative
11663_3,Negative
11664_4,Negative
11665_4,Negative
11666_3,Negative
11667_2,Negative
11668_2,Negative
11669_3,Negative
1166_1,Negative
11670_3,Negative
11671_1,Negative
11672_1,Negative
11673_1,Negative
11674_3,Negative
11675_4,Negative
11676_1,Negative
11677_2,Negative
11678_2,Negative
11679_1,Negative
1167_4,Negative
11680_1,Negative
11681_1,Negative
11682_2,Negative
11683_1,Negative
11684_2,Negative
11685_4,Negative
11686_2,Negative
11687_1,Negative
11688_3,Negative
11689_4,Negative
1168_1,Negative
11690_1,Negative
11691_2,Negative
11692_1,Negative
11693_3,Negative
11694_4,Negative
11695_4,Negative
11696_2,Negative
11697_4,Negative
11698_2,Negative
11699_2,Negative
1169_1,Negative
116_4,Positive
11700_4,Positive
11701_4,Negative
11702_4,Positive
11703_4,Negative
11704_2,Negative
11705_3,Negative
11706_2,Negative
11707_2,Negative
11708_2,Negative
11709_1,Negative
1170_1,Negative
11710_1,Negative
11711_4,Negative
11712_2,Negative
11713_1,Negative
11714_1,Negative
11715_3,Positive
11716_2,Positive
11717_1,Negative
11718_1,Negative
11719_1,Negative
1171_1,Negative
11720_1,Negative
11721_2,Negative
11722_4,Negative
11723_4,Negative
11724_4,Positive
11725_4,Negative
11726_3,Negative
11727_1,Negative
11728_2,Positive
11729_4,Negative
1172_1,Negative
11730_3,Negative
11731_3,Negative
11732_2,Negative
11733_3,Negative
11734_3,Positive
11735_2,Negative
11736_3,Negative
11737_4,Positive
11738_2,Negative
11739_2,Negative
1173_1,Negative
11740_2,Negative
11741_3,Negative
11742_1,Negative
11743_1,Negative
11744_1,Negative
11745_2,Negative
11746_1,Negative
11747_3,Negative
11748_1,Negative
11749_1,Negative
1174_1,Negative
11750_4,Negative
11751_3,Negative
11752_2,Negative
11753_1,Negative
11754_1,Negative
11755_1,Negative
11756_2,Negative
11757_1,Negative
11758_1,Negative
11759_4,Negative
1175_2,Negative
11760_1,Negative
11761_2,Negative
11762_1,Negative
11763_1,Positive
11764_1,Negative
11765_1,Negative
11766_2,Positive
11767_2,Positive
11768_4,Negative
11769_1,Negative
1176_4,Negative
11770_4,Negative
11771_1,Negative
11772_2,Negative
11773_2,Negative
11774_3,Negative
11775_1,Negative
11776_4,Negative
11777_1,Negative
11778_1,Negative
11779_4,Negative
1177_3,Negative
11780_1,Negative
11781_2,Negative
11782_1,Negative
11783_4,Positive
11784_4,Negative
11785_4,Negative
11786_2,Negative
11787_4,Negative
11788_4,Negative
11789_3,Negative
1178_4,Negative
11790_3,Negative
11791_2,Negative
11792_1,Negative
11793_4,Negative
11794_1,Negative
11795_2,Negative
11796_2,Negative
11797_3,Negative
11798_2,Negative
11799_4,Negative
1179_3,Negative
117_1,Negative
11800_1,Negative
11801_1,Negative
11802_1,Negative
11803_2,Negative
11804_1,Negative
11805_1,Negative
11806_1,Negative
11807_3,Negative
11808_1,Negative
11809_1,Negative
1180_1,Negative
11810_4,Negative
11811_2,Negative
11812_4,Positive
11813_1,Negative
11814_4,Negative
11815_4,Negative
11816_3,Negative
11817_2,Negative
11818_4,Negative
11819_2,Negative
1181_1,Negative
11820_2,Negative
11821_2,Negative
11822_1,Negative
11823_1,Negative
11824_1,Negative
11825_1,Negative
11826_1,Negative
11827_4,Negative
11828_1,Negative
11829_3,Negative
1182_2,Negative
11830_2,Negative
11831_4,Negative
11832_4,Negative
11833_4,Negative
11834_4,Negative
11835_1,Negative
11836_3,Negative
11837_1,Negative
11838_1,Negative
11839_1,Negative
1183_2,Negative
11840_2,Negative
11841_1,Negative
11842_2,Negative
11843_3,Negative
11844_1,Negative
11845_2,Negative
11846_1,Negative
11847_1,Negative
11848_2,Negative
11849_1,Negative
1184_3,Negative
11850_1,Negative
11851_1,Negative
11852_2,Negative
11853_1,Negative
11854_2,Negative
11855_1,Negative
11856_1,Negative
11857_1,Negative
11858_1,Negative
11859_4,Negative
1185_1,Negative
11860_1,Negative
11861_1,Negative
11862_1,Negative
11863_1,Negative
11864_2,Negative
11865_1,Negative
11866_3,Negative
11867_2,Negative
11868_1,Negative
11869_1,Negative
1186_1,Negative
11870_3,Negative
11871_4,Negative
11872_3,Negative
11873_1,Negative
11874_4,Negative
11875_3,Negative
11876_4,Negative
11877_1,Negative
11878_3,Negative
11879_2,Negative
1187_1,Negative
11880_3,Negative
11881_2,Negative
11882_2,Negative
11883_4,Negative
11884_2,Negative
11885_1,Negative
11886_1,Negative
11887_2,Negative
11888_3,Negative
11889_2,Negative
1188_2,Negative
11890_1,Positive
11891_2,Negative
11892_1,Negative
11893_1,Negative
11894_1,Negative
11895_4,Negative
11896_4,Negative
11897_3,Negative
11898_1,Negative
11899_1,Negative
1189_3,Negative
118_1,Negative
11900_3,Negative
11901_3,Negative
11902_3,Negative
11903_3,Negative
11904_1,Negative
11905_2,Negative
11906_3,Negative
11907_4,Negative
11908_2,Negative
11909_4,Negative
1190_1,Negative
11910_2,Negative
11911_3,Negative
11912_4,Negative
11913_3,Negative
11914_4,Negative
11915_4,Negative
11916_3,Negative
11917_2,Negative
11918_2,Negative
11919_4,Negative
1191_1,Negative
11920_4,Negative
11921_3,Negative
11922_3,Negative
11923_2,Negative
11924_4,Negative
11925_2,Negative
11926_1,Negative
11927_3,Negative
11928_1,Negative
11929_4,Negative
1192_1,Negative
11930_2,Negative
11931_3,Negative
11932_1,Negative
11933_3,Negative
11934_4,Negative
11935_3,Negative
11936_4,Negative
11937_3,Negative
11938_4,Negative
11939_2,Negative
1193_2,Negative
11940_3,Negative
11941_2,Negative
11942_1,Negative
11943_4,Negative
11944_2,Positive
11945_4,Positive
11946_3,Negative
11947_2,Positive
11948_2,Negative
11949_4,Negative
1194_2,Negative
11950_3,Negative
11951_4,Negative
11952_4,Negative
11953_3,Negative
11954_1,Negative
11955_4,Negative
11956_2,Negative
11957_1,Negative
11958_1,Negative
11959_3,Negative
1195_3,Negative
11960_1,Negative
11961_2,Negative
11962_1,Negative
11963_1,Negative
11964_4,Negative
11965_1,Negative
11966_1,Negative
11967_4,Negative
11968_2,Negative
11969_4,Negative
1196_2,Negative
11970_3,Negative
11971_1,Negative
11972_1,Negative
11973_2,Negative
11974_2,Negative
11975_2,Positive
11976_2,Negative
11977_1,Negative
11978_3,Negative
11979_1,Negative
1197_3,Negative
11980_2,Negative
11981_3,Negative
11982_1,Negative
11983_1,Negative
11984_1,Negative
11985_1,Negative
11986_2,Negative
11987_3,Negative
11988_2,Negative
11989_3,Negative
1198_4,Negative
11990_4,Negative
11991_4,Negative
11992_1,Negative
11993_1,Negative
11994_3,Negative
11995_1,Negative
11996_1,Negative
11997_1,Negative
11998_3,Negative
11999_2,Negative
1199_1,Negative
119_3,Negative
11_3,Negative
12000_4,Negative
12001_3,Negative
12002_4,Negative
12003_4,Negative
12004_2,Negative
12005_3,Negative
12006_2,Negative
12007_2,Negative
12008_1,Negative
12009_1,Negative
1200_1,Negative
12010_1,Negative
12011_2,Negative
12012_4,Negative
12013_1,Negative
12014_2,Negative
12015_1,Negative
12016_2,Negative
12017_1,Negative
12018_1,Negative
12019_1,Negative
1201_2,Negative
12020_4,Negative
12021_1,Negative
12022_2,Negative
12023_1,Negative
12024_1,Negative
12025_1,Negative
12026_1,Negative
12027_1,Negative
12028_1,Negative
12029_3,Negative
1202_4,Negative
12030_3,Negative
12031_1,Negative
12032_1,Negative
12033_1,Negative
12034_1,Negative
12035_1,Negative
12036_4,Negative
12037_3,Negative
12038_2,Negative
12039_4,Positive
1203_1,Negative
12040_1,Negative
12041_3,Negative
12042_1,Negative
12043_2,Negative
12044_4,Negative
12045_4,Positive
12046_1,Negative
12047_2,Negative
12048_1,Negative
12049_4,Negative
1204_1,Negative
12050_4,Negative
12051_4,Negative
12052_2,Negative
12053_1,Negative
12054_2,Negative
12055_1,Negative
12056_4,Negative
12057_1,Negative
12058_1,Negative
12059_1,Negative
1205_3,Negative
12060_1,Negative
12061_1,Negative
12062_1,Negative
12063_1,Negative
12064_1,Negative
12065_4,Negative
12066_1,Positive
12067_1,Negative
12068_3,Negative
12069_1,Negative
1206_3,Positive
12070_4,Positive
12071_3,Negative
12072_1,Negative
12073_1,Negative
12074_4,Negative
12075_3,Negative
12076_2,Negative
12077_2,Positive
12078_1,Negative
12079_1,Negative
1207_4,Negative
12080_3,Negative
12081_4,Negative
12082_1,Negative
12083_1,Negative
12084_4,Negative
12085_1,Negative
12086_4,Negative
12087_3,Negative
12088_2,Negative
12089_1,Negative
1208_3,Negative
12090_4,Negative
12091_1,Negative
12092_3,Negative
12093_2,Negative
12094_1,Negative
12095_3,Negative
12096_1,Negative
12097_1,Negative
12098_1,Negative
12099_3,Negative
1209_3,Negative
120_2,Negative
12100_1,Negative
12101_2,Negative
12102_2,Negative
12103_2,Negative
12104_1,Negative
12105_1,Negative
12106_1,Negative
12107_2,Negative
12108_1,Negative
12109_1,Negative
1210_1,Negative
12110_1,Positive
12111_1,Negative
12112_3,Negative
12113_1,Negative
12114_4,Negative
12115_4,Negative
12116_1,Negative
12117_1,Negative
12118_1,Negative
12119_3,Negative
1211_1,Negative
12120_3,Negative
12121_3,Negative
12122_3,Negative
12123_4,Negative
12124_3,Negative
12125_3,Negative
12126_3,Negative
12127_1,Negative
12128_1,Negative
12129_1,Negative
1212_4,Positive
12130_1,Positive
12131_2,Negative
12132_4,Negative
12133_1,Negative
12134_1,Negative
12135_3,Negative
12136_4,Positive
12137_4,Negative
12138_3,Negative
12139_3,Negative
1213_3,Positive
12140_3,Negative
12141_2,Negative
12142_2,Negative
12143_4,Negative
12144_4,Positive
12145_4,Negative
12146_1,Negative
12147_1,Negative
12148_1,Negative
12149_2,Negative
1214_2,Negative
12150_1,Negative
12151_1,Negative
12152_4,Negative
12153_4,Negative
12154_2,Negative
12155_2,Negative
12156_4,Negative
12157_3,Negative
12158_2,Negative
12159_1,Negative
1215_1,Negative
12160_1,Negative
12161_4,Negative
12162_1,Negative
12163_1,Negative
12164_1,Negative
12165_1,Negative
12166_2,Negative
12167_1,Negative
12168_1,Negative
12169_1,Negative
1216_1,Negative
12170_3,Negative
12171_1,Negative
12172_3,Negative
12173_3,Negative
12174_3,Negative
12175_3,Negative
12176_1,Negative
12177_2,Negative
12178_3,Negative
12179_2,Negative
1217_2,Negative
12180_1,Negative
12181_4,Negative
12182_1,Negative
12183_4,Negative
12184_2,Negative
12185_4,Positive
12186_1,Negative
12187_3,Negative
12188_3,Negative
12189_1,Negative
1218_1,Negative
12190_1,Negative
12191_3,Negative
12192_1,Negative
12193_3,Negative
12194_1,Negative
12195_1,Negative
12196_4,Negative
12197_1,Negative
12198_2,Negative
12199_1,Negative
1219_1,Negative
121_4,Negative
12200_1,Negative
12201_1,Negative
12202_1,Negative
12203_2,Negative
12204_2,Negative
12205_2,Negative
12206_4,Negative
12207_1,Negative
12208_3,Negative
12209_3,Negative
1220_3,Negative
12210_1,Negative
12211_3,Negative
12212_2,Negative
12213_1,Negative
12214_2,Negative
12215_1,Negative
12216_1,Negative
12217_2,Negative
12218_4,Negative
12219_1,Negative
1221_1,Negative
12220_1,Negative
12221_2,Negative
12222_1,Negative
12223_2,Negative
12224_4,Negative
12225_1,Negative
12226_4,Positive
12227_1,Negative
12228_4,Negative
12229_3,Negative
1222_2,Negative
12230_1,Negative
12231_2,Negative
12232_4,Negative
12233_2,Negative
12234_4,Negative
12235_1,Negative
12236_2,Negative
12237_2,Negative
12238_1,Negative
12239_1,Negative
1223_3,Negative
12240_2,Negative
12241_2,Negative
12242_2,Negative
12243_4,Negative
12244_4,Negative
12245_4,Negative
12246_1,Negative
12247_1,Positive
12248_2,Negative
12249_2,Negative
1224_3,Negative
12250_2,Negative
12251_3,Negative
12252_2,Negative
12253_3,Positive
12254_3,Negative
12255_2,Negative
12256_4,Positive
12257_3,Negative
12258_3,Positive
12259_4,Negative
1225_1,Negative
12260_1,Negative
12261_4,Negative
12262_1,Negative
12263_1,Negative
12264_3,Negative
12265_1,Negative
12266_1,Negative
12267_1,Negative
12268_1,Negative
12269_1,Negative
1226_1,Negative
12270_2,Negative
12271_1,Negative
12272_1,Negative
12273_1,Negative
12274_4,Negative
12275_2,Negative
12276_3,Negative
12277_4,Negative
12278_3,Negative
12279_4,Positive
1227_3,Negative
12280_3,Negative
12281_1,Negative
12282_1,Negative
12283_1,Negative
12284_1,Negative
12285_3,Negative
12286_1,Negative
12287_3,Negative
12288_2,Negative
12289_1,Positive
1228_4,Negative
12290_2,Negative
12291_1,Negative
12292_4,Negative
12293_3,Negative
12294_1,Negative
12295_1,Negative
12296_3,Negative
12297_2,Negative
12298_2,Negative
12299_3,Negative
1229_4,Negative
122_4,Negative
12300_4,Negative
12301_4,Negative
12302_3,Negative
12303_1,Negative
12304_1,Negative
12305_1,Negative
12306_1,Negative
12307_3,Negative
12308_1,Negative
12309_1,Negative
1230_2,Negative
12310_1,Negative
12311_1,Negative
12312_1,Negative
12313_1,Negative
12314_1,Negative
12315_1,Negative
12316_1,Negative
12317_1,Negative
12318_1,Negative
12319_1,Negative
1231_4,Negative
12320_1,Negative
12321_1,Negative
12322_1,Negative
12323_1,Negative
12324_2,Negative
12325_1,Negative
12326_1,Negative
12327_1,Negative
12328_1,Negative
12329_1,Negative
1232_1,Negative
12330_1,Negative
12331_4,Negative
12332_4,Positive
12333_1,Negative
12334_2,Negative
12335_3,Negative
12336_1,Negative
12337_3,Negative
12338_2,Negative
12339_3,Negative
1233_1,Negative
12340_4,Negative
12341_4,Negative
12342_1,Negative
12343_1,Negative
12344_4,Negative
12345_4,Negative
12346_1,Negative
12347_1,Negative
12348_1,Negative
12349_1,Negative
1234_3,Negative
12350_1,Negative
12351_1,Negative
12352_3,Positive
12353_2,Negative
12354_3,Negative
12355_3,Negative
12356_1,Negative
12357_2,Negative
12358_4,Negative
12359_3,Negative
1235_2,Negative
12360_4,Negative
12361_1,Negative
12362_4,Negative
12363_4,Negative
12364_2,Negative
12365_4,Negative
12366_1,Negative
12367_1,Negative
12368_2,Negative
12369_1,Negative
1236_2,Negative
12370_1,Negative
12371_1,Negative
12372_2,Negative
12373_1,Negative
12374_3,Negative
12375_1,Negative
12376_4,Negative
12377_1,Negative
12378_1,Negative
12379_3,Negative
1237_2,Negative
12380_4,Negative
12381_3,Negative
12382_4,Negative
12383_2,Negative
12384_4,Negative
12385_4,Negative
12386_2,Negative
12387_2,Negative
12388_3,Negative
12389_1,Positive
1238_4,Negative
12390_4,Negative
12391_2,Negative
12392_4,Negative
12393_1,Negative
12394_1,Negative
12395_1,Negative
12396_1,Negative
12397_1,Negative
12398_1,Negative
12399_4,Negative
1239_4,Negative
123_4,Positive
12400_1,Negative
12401_4,Negative
12402_3,Negative
12403_1,Negative
12404_4,Negative
12405_4,Positive
12406_1,Negative
12407_1,Negative
12408_4,Negative
12409_4,Negative
1240_1,Negative
12410_3,Negative
12411_1,Negative
12412_3,Negative
12413_2,Negative
12414_1,Negative
12415_2,Positive
12416_2,Negative
12417_4,Negative
12418_3,Negative
12419_1,Negative
1241_4,Negative
12420_2,Negative
12421_3,Negative
12422_1,Negative
12423_2,Negative
12424_4,Negative
12425_3,Negative
12426_3,Negative
12427_1,Negative
12428_1,Negative
12429_1,Negative
1242_1,Negative
12430_1,Negative
12431_4,Negative
12432_1,Negative
12433_1,Negative
12434_1,Negative
12435_2,Negative
12436_1,Negative
12437_1,Negative
12438_1,Negative
12439_1,Negative
1243_2,Negative
12440_4,Negative
12441_2,Negative
12442_1,Negative
12443_1,Negative
12444_1,Negative
12445_1,Negative
12446_1,Negative
12447_4,Negative
12448_2,Negative
12449_2,Negative
1244_1,Negative
12450_3,Negative
12451_3,Negative
12452_3,Positive
12453_2,Negative
12454_1,Negative
12455_2,Negative
12456_1,Negative
12457_3,Negative
12458_1,Negative
12459_1,Negative
1245_2,Negative
12460_2,Negative
12461_1,Negative
12462_1,Negative
12463_1,Negative
12464_1,Negative
12465_2,Negative
12466_4,Negative
12467_2,Negative
12468_1,Negative
12469_1,Negative
1246_1,Negative
12470_3,Negative
12471_3,Positive
12472_1,Negative
12473_3,Negative
12474_4,Positive
12475_2,Negative
12476_4,Negative
12477_2,Negative
12478_4,Negative
12479_4,Negative
1247_1,Negative
12480_2,Negative
12481_1,Negative
12482_2,Negative
12483_4,Negative
12484_2,Negative
12485_4,Negative
12486_1,Negative
12487_2,Negative
12488_3,Negative
12489_3,Negative
1248_3,Negative
12490_4,Negative
12491_4,Negative
12492_4,Negative
12493_4,Positive
12494_2,Negative
12495_3,Negative
12496_3,Negative
12497_4,Negative
12498_1,Negative
12499_1,Negative
1249_1,Negative
124_2,Negative
1250_2,Negative
1251_4,Negative
1252_4,Negative
1253_1,Negative
1254_2,Negative
1255_4,Negative
1256_4,Negative
1257_1,Negative
1258_3,Negative
1259_1,Negative
125_3,Negative
1260_3,Negative
1261_1,Positive
1262_1,Negative
1263_1,Negative
1264_1,Negative
1265_2,Negative
1266_4,Negative
1267_3,Negative
1268_2,Negative
1269_1,Negative
126_4,Negative
1270_4,Negative
1271_2,Negative
1272_4,Negative
1273_3,Negative
1274_2,Negative
1275_3,Negative
1276_3,Negative
1277_2,Negative
1278_1,Negative
1279_3,Negative
127_3,Negative
1280_3,Negative
1281_2,Positive
1282_3,Negative
1283_1,Negative
1284_1,Negative
1285_1,Negative
1286_1,Negative
1287_1,Negative
1288_1,Negative
1289_1,Negative
128_4,Negative
1290_2,Negative
1291_1,Negative
1292_3,Negative
1293_1,Negative
1294_4,Negative
1295_1,Negative
1296_1,Negative
1297_2,Negative
1298_1,Negative
1299_1,Negative
129_1,Negative
12_4,Negative
1300_1,Negative
1301_1,Negative
1302_1,Positive
1303_3,Negative
1304_3,Negative
1305_1,Negative
1306_1,Negative
1307_1,Negative
1308_3,Negative
1309_2,Negative
130_4,Negative
1310_2,Negative
1311_2,Negative
1312_1,Negative
1313_3,Negative
1314_1,Negative
1315_4,Negative
1316_2,Negative
1317_2,Negative
1318_2,Negative
1319_3,Negative
131_1,Negative
1320_1,Negative
1321_4,Negative
1322_1,Negative
1323_3,Positive
1324_1,Negative
1325_3,Positive
1326_4,Negative
1327_3,Negative
1328_1,Positive
1329_4,Positive
132_1,Negative
1330_1,Negative
1331_1,Negative
1332_1,Negative
1333_3,Negative
1334_3,Negative
1335_4,Negative
1336_1,Negative
1337_4,Negative
1338_1,Negative
1339_2,Negative
133_1,Negative
1340_3,Negative
1341_3,Negative
1342_2,Negative
1343_2,Negative
1344_3,Negative
1345_1,Negative
1346_1,Negative
1347_3,Negative
1348_1,Negative
1349_4,Negative
134_1,Negative
1350_3,Negative
1351_1,Negative
1352_2,Negative
1353_1,Negative
1354_4,Negative
1355_2,Negative
1356_4,Negative
1357_4,Negative
1358_3,Negative
1359_2,Negative
135_3,Negative
1360_3,Negative
1361_3,Positive
1362_3,Negative
1363_1,Negative
1364_3,Negative
1365_4,Negative
1366_3,Negative
1367_3,Negative
1368_1,Negative
1369_3,Negative
136_2,Negative
1370_4,Positive
1371_1,Negative
1372_4,Negative
1373_1,Negative
1374_1,Negative
1375_1,Negative
1376_3,Negative
1377_2,Positive
1378_1,Negative
1379_1,Negative
137_3,Negative
1380_2,Negative
1381_1,Positive
1382_1,Negative
1383_1,Negative
1384_2,Negative
1385_1,Negative
1386_1,Negative
1387_1,Negative
1388_1,Negative
1389_3,Negative
138_1,Negative
1390_1,Negative
1391_1,Negative
1392_1,Negative
1393_1,Negative
1394_1,Negative
1395_1,Negative
1396_1,Negative
1397_1,Negative
1398_1,Negative
1399_1,Negative
139_4,Negative
13_1,Positive
1400_4,Negative
1401_4,Negative
1402_4,Negative
1403_4,Negative
1404_4,Negative
1405_2,Negative
1406_4,Negative
1407_4,Negative
1408_3,Negative
1409_4,Negative
140_2,Negative
1410_2,Negative
1411_4,Negative
1412_3,Negative
1413_3,Negative
1414_4,Negative
1415_1,Negative
1416_1,Negative
1417_4,Negative
1418_3,Positive
1419_4,Negative
141_1,Positive
1420_4,Positive
1421_1,Negative
1422_4,Negative
1423_1,Negative
1424_4,Negative
1425_1,Negative
1426_1,Negative
1427_4,Negative
1428_3,Negative
1429_3,Negative
142_1,Negative
1430_3,Negative
1431_3,Negative
1432_3,Negative
1433_3,Negative
1434_4,Negative
1435_3,Negative
1436_1,Negative
1437_1,Negative
1438_1,Negative
1439_1,Negative
143_4,Negative
1440_1,Negative
1441_1,Positive
1442_1,Negative
1443_2,Negative
1444_1,Negative
1445_4,Positive
1446_3,Negative
1447_1,Negative
1448_2,Negative
1449_4,Negative
144_2,Negative
1450_3,Negative
1451_1,Negative
1452_3,Negative
1453_2,Negative
1454_4,Positive
1455_4,Negative
1456_4,Negative
1457_1,Negative
1458_2,Negative
1459_4,Negative
145_1,Negative
1460_2,Positive
1461_3,Negative
1462_1,Negative
1463_4,Negative
1464_1,Negative
1465_3,Negative
1466_3,Positive
1467_1,Negative
1468_1,Negative
1469_1,Negative
146_1,Negative
1470_1,Negative
1471_2,Negative
1472_1,Negative
1473_3,Negative
1474_4,Positive
1475_1,Negative
1476_3,Negative
1477_4,Positive
1478_4,Negative
1479_4,Negative
147_4,Negative
1480_1,Negative
1481_1,Negative
1482_4,Negative
1483_3,Negative
1484_4,Negative
1485_3,Negative
1486_4,Negative
1487_3,Positive
1488_4,Positive
1489_4,Negative
148_1,Positive
1490_3,Negative
1491_1,Negative
1492_3,Negative
1493_4,Negative
1494_4,Negative
1495_1,Negative
1496_1,Negative
1497_1,Negative
1498_1,Negative
1499_3,Negative
149_1,Negative
14_1,Negative
1500_2,Negative
1501_1,Negative
1502_1,Negative
1503_1,Negative
1504_1,Negative
1505_3,Negative
1506_2,Negative
1507_1,Negative
1508_2,Negative
1509_2,Negative
150_4,Negative
1510_1,Negative
1511_2,Negative
1512_1,Negative
1513_3,Negative
1514_1,Negative
1515_1,Negative
1516_1,Negative
1517_1,Negative
1518_1,Negative
1519_1,Negative
151_2,Negative
1520_2,Negative
1521_1,Negative
1522_1,Negative
1523_4,Negative
1524_3,Negative
1525_1,Negative
1526_3,Negative
1527_3,Negative
1528_2,Negative
1529_4,Negative
152_4,Negative
1530_1,Negative
1531_3,Negative
1532_4,Negative
1533_4,Negative
1534_4,Negative
1535_3,Negative
1536_3,Negative
1537_2,Negative
1538_2,Negative
1539_2,Negative
153_4,Negative
1540_3,Negative
1541_2,Negative
1542_3,Negative
1543_3,Negative
1544_3,Negative
1545_1,Negative
1546_1,Negative
1547_1,Negative
1548_1,Negative
1549_1,Negative
154_2,Negative
1550_2,Negative
1551_4,Negative
1552_1,Negative
1553_3,Positive
1554_1,Negative
1555_2,Negative
1556_1,Negative
1557_2,Negative
1558_2,Negative
1559_2,Negative
155_2,Negative
1560_4,Negative
1561_3,Negative
1562_4,Negative
1563_2,Negative
1564_1,Negative
1565_4,Negative
1566_4,Positive
1567_1,Negative
1568_4,Negative
1569_3,Negative
156_3,Negative
1570_2,Negative
1571_4,Positive
1572_3,Negative
1573_3,Negative
1574_1,Negative
1575_1,Negative
1576_2,Negative
1577_4,Negative
1578_4,Negative
1579_4,Positive
157_3,Negative
1580_1,Negative
1581_1,Negative
1582_2,Negative
1583_2,Negative
1584_1,Negative
1585_1,Negative
1586_1,Negative
1587_3,Negative
1588_3,Negative
1589_1,Negative
158_1,Negative
1590_1,Negative
1591_2,Positive
1592_2,Negative
1593_4,Positive
1594_4,Negative
1595_1,Negative
1596_3,Negative
1597_1,Negative
1598_1,Negative
1599_1,Negative
159_1,Negative
15_2,Negative
1600_2,Negative
1601_4,Negative
1602_1,Negative
1603_4,Negative
1604_1,Negative
1605_3,Negative
1606_1,Negative
1607_3,Negative
1608_1,Negative
1609_1,Negative
160_1,Negative
1610_4,Positive
1611_2,Negative
1612_2,Negative
1613_3,Negative
1614_4,Negative
1615_1,Negative
1616_3,Negative
1617_1,Negative
1618_4,Negative
1619_3,Negative
161_3,Negative
1620_1,Negative
1621_1,Negative
1622_1,Negative
1623_2,Negative
1624_1,Negative
1625_3,Negative
1626_3,Negative
1627_1,Negative
1628_1,Negative
1629_1,Negative
162_3,Negative
1630_1,Negative
1631_1,Negative
1632_1,Negative
1633_1,Negative
1634_2,Negative
1635_1,Negative
1636_2,Negative
1637_2,Negative
1638_1,Negative
1639_1,Negative
163_1,Negative
1640_1,Negative
1641_1,Negative
1642_2,Negative
1643_1,Negative
1644_4,Negative
1645_2,Negative
1646_1,Negative
1647_1,Negative
1648_3,Negative
1649_2,Negative
164_2,Negative
1650_4,Negative
1651_2,Negative
1652_1,Negative
1653_1,Negative
1654_1,Negative
1655_1,Negative
1656_4,Negative
1657_4,Negative
1658_2,Negative
1659_1,Negative
165_4,Negative
1660_1,Negative
1661_1,Negative
1662_1,Negative
1663_1,Negative
1664_2,Negative
1665_4,Negative
1666_3,Negative
1667_2,Negative
1668_2,Negative
1669_4,Negative
166_4,Negative
1670_4,Negative
1671_2,Negative
1672_1,Negative
1673_3,Negative
1674_1,Negative
1675_4,Negative
1676_4,Negative
1677_2,Negative
1678_1,Negative
1679_1,Negative
167_2,Negative
1680_2,Negative
1681_1,Negative
1682_2,Positive
1683_2,Negative
1684_1,Negative
1685_1,Negative
1686_2,Negative
1687_4,Negative
1688_4,Negative
1689_1,Negative
168_1,Negative
1690_1,Negative
1691_1,Negative
1692_3,Negative
1693_4,Negative
1694_1,Negative
1695_3,Negative
1696_3,Positive
1697_2,Positive
1698_1,Negative
1699_4,Positive
169_4,Negative
16_1,Negative
1700_1,Negative
1701_1,Negative
1702_2,Negative
1703_3,Negative
1704_3,Negative
1705_4,Negative
1706_1,Negative
1707_1,Negative
1708_1,Negative
1709_1,Negative
170_2,Negative
1710_1,Negative
1711_4,Negative
1712_1,Negative
1713_1,Negative
1714_1,Negative
1715_2,Negative
1716_3,Negative
1717_3,Negative
1718_2,Negative
1719_2,Negative
171_2,Negative
1720_3,Negative
1721_1,Negative
1722_2,Negative
1723_3,Negative
1724_1,Negative
1725_1,Negative
1726_1,Negative
1727_1,Negative
1728_1,Negative
1729_1,Negative
172_4,Negative
1730_1,Negative
1731_3,Negative
1732_1,Negative
1733_1,Negative
1734_4,Positive
1735_1,Negative
1736_1,Negative
1737_1,Negative
1738_4,Negative
1739_3,Negative
173_4,Negative
1740_3,Negative
1741_4,Negative
1742_3,Negative
1743_4,Negative
1744_1,Negative
1745_1,Negative
1746_3,Negative
1747_1,Negative
1748_1,Negative
1749_4,Negative
174_2,Negative
1750_4,Negative
1751_4,Positive
1752_3,Positive
1753_1,Negative
1754_1,Negative
1755_1,Negative
1756_1,Negative
1757_1,Negative
1758_2,Negative
1759_3,Negative
175_4,Negative
1760_1,Negative
1761_1,Negative
1762_1,Negative
1763_1,Negative
1764_1,Negative
1765_1,Negative
1766_2,Negative
1767_2,Negative
1768_3,Negative
1769_4,Negative
176_3,Negative
1770_2,Negative
1771_4,Positive
1772_1,Negative
1773_1,Negative
1774_4,Negative
1775_4,Negative
1776_4,Negative
1777_4,Negative
1778_1,Negative
1779_1,Negative
177_1,Negative
1780_3,Negative
1781_1,Negative
1782_1,Negative
1783_4,Negative
1784_2,Negative
1785_1,Negative
1786_3,Negative
1787_1,Negative
1788_1,Negative
1789_2,Negative
178_2,Negative
1790_2,Negative
1791_1,Negative
1792_3,Negative
1793_1,Negative
1794_4,Negative
1795_2,Negative
1796_1,Negative
1797_3,Negative
1798_3,Negative
1799_4,Negative
179_1,Negative
17_3,Positive
1800_4,Negative
1801_1,Negative
1802_1,Negative
1803_3,Negative
1804_2,Negative
1805_4,Negative
1806_3,Negative
1807_3,Negative
1808_4,Negative
1809_2,Negative
180_3,Negative
1810_1,Negative
1811_3,Negative
1812_1,Negative
1813_3,Negative
1814_3,Negative
1815_2,Negative
1816_4,Negative
1817_1,Negative
1818_1,Negative
1819_4,Negative
181_3,Positive
1820_4,Negative
1821_4,Negative
1822_1,Negative
1823_2,Negative
1824_3,Positive
1825_4,Negative
1826_4,Negative
1827_3,Negative
1828_1,Negative
1829_1,Negative
182_3,Negative
1830_3,Negative
1831_1,Negative
1832_4,Negative
1833_3,Negative
1834_2,Negative
1835_3,Negative
1836_4,Negative
1837_2,Negative
1838_3,Negative
1839_4,Negative
183_4,Negative
1840_3,Negative
1841_4,Negative
1842_4,Negative
1843_4,Negative
1844_3,Negative
1845_1,Negative
1846_4,Negative
1847_1,Negative
1848_2,Negative
1849_4,Negative
184_3,Negative
1850_4,Negative
1851_1,Negative
1852_4,Negative
1853_3,Negative
1854_1,Negative
1855_4,Negative
1856_3,Negative
1857_1,Negative
1858_1,Negative
1859_2,Negative
185_4,Negative
1860_1,Negative
1861_1,Negative
1862_1,Negative
1863_1,Negative
1864_1,Negative
1865_3,Negative
1866_1,Negative
1867_1,Negative
1868_4,Negative
1869_3,Negative
186_1,Negative
1870_2,Negative
1871_2,Negative
1872_4,Positive
1873_3,Negative
1874_1,Negative
1875_1,Negative
1876_1,Negative
1877_1,Negative
1878_1,Negative
1879_1,Negative
187_1,Negative
1880_4,Negative
1881_1,Positive
1882_3,Negative
1883_4,Negative
1884_4,Negative
1885_4,Negative
1886_4,Negative
1887_2,Negative
1888_4,Negative
1889_4,Negative
188_3,Negative
1890_4,Negative
1891_4,Negative
1892_2,Negative
1893_2,Negative
1894_4,Negative
1895_4,Negative
1896_2,Negative
1897_1,Negative
1898_1,Negative
1899_2,Negative
189_4,Negative
18_1,Negative
1900_4,Negative
1901_3,Negative
1902_4,Negative
1903_1,Negative
1904_2,Negative
1905_2,Negative
1906_1,Negative
1907_1,Negative
1908_2,Negative
1909_2,Negative
190_2,Negative
1910_1,Negative
1911_1,Negative
1912_2,Negative
1913_2,Negative
1914_2,Negative
1915_1,Negative
1916_1,Negative
1917_2,Negative
1918_2,Negative
1919_1,Negative
191_3,Negative
1920_3,Negative
1921_2,Negative
1922_1,Negative
1923_1,Negative
1924_1,Negative
1925_1,Negative
1926_3,Negative
1927_1,Negative
1928_4,Negative
1929_1,Negative
192_2,Negative
1930_3,Negative
1931_3,Negative
1932_3,Negative
1933_2,Negative
1934_1,Negative
1935_3,Negative
1936_4,Negative
1937_4,Negative
1938_2,Negative
1939_2,Negative
193_4,Negative
1940_3,Negative
1941_1,Negative
1942_1,Negative
1943_3,Negative
1944_4,Negative
1945_4,Negative
1946_3,Negative
1947_1,Negative
1948_1,Negative
1949_3,Negative
194_1,Negative
1950_1,Negative
1951_1,Negative
1952_1,Negative
1953_2,Positive
1954_1,Negative
1955_1,Negative
1956_2,Negative
1957_1,Negative
1958_2,Negative
1959_1,Negative
195_4,Negative
1960_1,Negative
1961_1,Positive
1962_1,Negative
1963_1,Negative
1964_1,Negative
1965_3,Negative
1966_1,Negative
1967_3,Negative
1968_1,Negative
1969_4,Negative
196_4,Negative
1970_2,Negative
1971_3,Negative
1972_4,Negative
1973_4,Negative
1974_1,Positive
1975_4,Negative
1976_4,Positive
1977_4,Negative
1978_2,Negative
1979_1,Negative
197_1,Negative
1980_3,Negative
1981_2,Negative
1982_1,Negative
1983_3,Negative
1984_2,Negative
1985_2,Negative
1986_1,Negative
1987_2,Negative
1988_1,Negative
1989_1,Negative
198_3,Negative
1990_4,Negative
1991_2,Negative
1992_2,Negative
1993_4,Negative
1994_1,Negative
1995_3,Negative
1996_4,Negative
1997_4,Negative
1998_2,Negative
1999_1,Negative
199_4,Positive
19_1,Negative
1_3,Negative
2000_1,Negative
2001_1,Negative
2002_1,Negative
2003_1,Negative
2004_1,Negative
2005_1,Negative
2006_1,Negative
2007_3,Negative
2008_1,Negative
2009_1,Negative
200_4,Negative
2010_1,Negative
2011_1,Negative
2012_1,Negative
2013_1,Negative
2014_1,Negative
2015_1,Negative
2016_2,Negative
2017_1,Negative
2018_1,Negative
2019_1,Negative
201_2,Negative
2020_1,Negative
2021_1,Negative
2022_1,Negative
2023_1,Negative
2024_1,Negative
2025_2,Negative
2026_2,Negative
2027_1,Negative
2028_1,Negative
2029_2,Negative
202_4,Negative
2030_1,Negative
2031_1,Negative
2032_1,Negative
2033_3,Negative
2034_1,Negative
2035_4,Positive
2036_1,Negative
2037_2,Negative
2038_1,Negative
2039_4,Negative
203_3,Negative
2040_1,Negative
2041_1,Negative
2042_3,Negative
2043_3,Negative
2044_4,Positive
2045_1,Negative
2046_4,Negative
2047_3,Positive
2048_4,Negative
2049_1,Negative
204_1,Negative
2050_3,Negative
2051_1,Negative
2052_3,Negative
2053_4,Negative
2054_1,Negative
2055_1,Negative
2056_1,Negative
2057_1,Negative
2058_2,Negative
2059_1,Negative
205_2,Negative
2060_2,Negative
2061_4,Negative
2062_2,Positive
2063_4,Positive
2064_1,Negative
2065_2,Negative
2066_1,Negative
2067_2,Negative
2068_1,Negative
2069_4,Negative
206_2,Negative
2070_3,Negative
2071_1,Negative
2072_2,Negative
2073_4,Negative
2074_1,Negative
2075_1,Negative
2076_2,Negative
2077_4,Negative
2078_4,Negative
2079_1,Negative
207_3,Negative
2080_2,Negative
2081_2,Negative
2082_3,Negative
2083_3,Negative
2084_3,Negative
2085_3,Negative
2086_4,Negative
2087_3,Negative
2088_1,Negative
2089_4,Negative
208_3,Negative
2090_1,Negative
2091_2,Negative
2092_2,Negative
2093_1,Negative
2094_3,Negative
2095_3,Negative
2096_4,Negative
2097_3,Negative
2098_1,Negative
2099_3,Negative
209_4,Negative
20_1,Negative
2100_1,Negative
2101_3,Negative
2102_3,Negative
2103_1,Negative
2104_2,Negative
2105_2,Negative
2106_2,Negative
2107_3,Negative
2108_1,Negative
2109_3,Negative
210_4,Negative
2110_4,Negative
2111_1,Negative
2112_2,Negative
2113_2,Negative
2114_3,Negative
2115_2,Negative
2116_1,Negative
2117_4,Negative
2118_4,Negative
2119_4,Negative
211_3,Negative
2120_1,Negative
2121_1,Negative
2122_1,Negative
2123_2,Negative
2124_1,Negative
2125_2,Negative
2126_1,Negative
2127_1,Negative
2128_3,Negative
2129_4,Negative
212_4,Negative
2130_2,Negative
2131_3,Negative
2132_2,Negative
2133_1,Negative
2134_4,Negative
2135_1,Negative
2136_3,Negative
2137_1,Negative
2138_3,Negative
2139_1,Negative
213_3,Negative
2140_1,Negative
2141_1,Negative
2142_4,Negative
2143_4,Positive
2144_4,Negative
2145_3,Negative
2146_3,Negative
2147_4,Negative
2148_1,Negative
2149_3,Negative
214_1,Negative
2150_1,Negative
2151_2,Negative
2152_1,Negative
2153_1,Negative
2154_1,Negative
2155_1,Negative
2156_1,Negative
2157_2,Negative
2158_1,Negative
2159_1,Negative
215_4,Negative
2160_2,Negative
2161_4,Positive
2162_1,Negative
2163_1,Negative
2164_4,Negative
2165_4,Negative
2166_1,Negative
2167_2,Negative
2168_2,Negative
2169_2,Negative
216_2,Negative
2170_1,Negative
2171_4,Negative
2172_1,Negative
2173_1,Negative
2174_2,Negative
2175_1,Negative
2176_4,Positive
2177_2,Positive
2178_4,Negative
2179_4,Negative
217_3,Negative
2180_2,Negative
2181_2,Positive
2182_1,Negative
2183_2,Negative
2184_1,Negative
2185_3,Negative
2186_3,Positive
2187_1,Positive
2188_4,Negative
2189_2,Negative
218_3,Negative
2190_3,Negative
2191_1,Negative
2192_4,Positive
2193_4,Negative
2194_4,Negative
2195_1,Negative
2196_1,Negative
2197_1,Negative
2198_4,Negative
2199_3,Negative
219_1,Negative
21_1,Negative
2200_2,Negative
2201_2,Negative
2202_4,Negative
2203_4,Negative
2204_1,Negative
2205_4,Negative
2206_4,Negative
2207_1,Negative
2208_3,Negative
2209_4,Negative
220_4,Negative
2210_4,Negative
2211_2,Negative
2212_4,Negative
2213_2,Negative
2214_3,Negative
2215_1,Negative
2216_4,Negative
2217_3,Negative
2218_3,Negative
2219_4,Negative
221_3,Negative
2220_1,Negative
2221_2,Negative
2222_1,Positive
2223_3,Negative
2224_3,Negative
2225_1,Negative
2226_4,Negative
2227_3,Negative
2228_4,Negative
2229_4,Negative
222_3,Negative
2230_4,Negative
2231_2,Negative
2232_4,Negative
2233_2,Negative
2234_4,Negative
2235_4,Negative
2236_4,Negative
2237_1,Negative
2238_1,Negative
2239_1,Positive
223_3,Negative
2240_1,Negative
2241_1,Negative
2242_1,Negative
2243_1,Negative
2244_4,Negative
2245_1,Negative
2246_1,Negative
2247_1,Negative
2248_1,Negative
2249_1,Negative
224_3,Negative
2250_1,Negative
2251_2,Negative
2252_1,Negative
2253_1,Negative
2254_1,Negative
2255_1,Negative
2256_1,Negative
2257_4,Positive
2258_1,Negative
2259_2,Negative
225_3,Negative
2260_3,Negative
2261_1,Negative
2262_1,Negative
2263_1,Negative
2264_1,Negative
2265_4,Negative
2266_3,Negative
2267_4,Negative
2268_4,Negative
2269_1,Negative
226_4,Negative
2270_1,Negative
2271_3,Negative
2272_3,Negative
2273_2,Negative
2274_1,Negative
2275_4,Negative
2276_4,Negative
2277_3,Negative
2278_3,Negative
2279_3,Negative
227_1,Negative
2280_4,Negative
2281_3,Negative
2282_2,Negative
2283_3,Negative
2284_3,Negative
2285_4,Negative
2286_3,Negative
2287_4,Negative
2288_4,Negative
2289_3,Negative
228_1,Negative
2290_4,Positive
2291_1,Negative
2292_1,Negative
2293_4,Negative
2294_2,Negative
2295_3,Negative
2296_2,Negative
2297_4,Negative
2298_4,Negative
2299_1,Negative
229_1,Negative
22_3,Negative
2300_4,Negative
2301_2,Negative
2302_1,Negative
2303_4,Negative
2304_3,Negative
2305_3,Negative
2306_4,Negative
2307_3,Negative
2308_3,Negative
2309_3,Negative
230_1,Negative
2310_2,Negative
2311_4,Negative
2312_3,Negative
2313_1,Negative
2314_1,Negative
2315_1,Negative
2316_3,Negative
2317_2,Negative
2318_2,Negative
2319_1,Negative
231_1,Negative
2320_1,Negative
2321_1,Negative
2322_4,Negative
2323_3,Negative
2324_2,Negative
2325_2,Positive
2326_2,Negative
2327_2,Negative
2328_2,Negative
2329_2,Negative
232_4,Negative
2330_2,Positive
2331_2,Negative
2332_2,Negative
2333_2,Negative
2334_3,Negative
2335_1,Negative
2336_1,Negative
2337_1,Negative
2338_1,Negative
2339_1,Negative
233_2,Negative
2340_1,Negative
2341_1,Negative
2342_1,Negative
2343_4,Negative
2344_1,Negative
2345_3,Positive
2346_4,Negative
2347_3,Negative
2348_3,Negative
2349_3,Negative
234_3,Negative
2350_3,Positive
2351_4,Negative
2352_2,Negative
2353_1,Negative
2354_3,Negative
2355_1,Negative
2356_4,Negative
2357_4,Negative
2358_3,Negative
2359_3,Negative
235_4,Negative
2360_1,Negative
2361_1,Negative
2362_3,Negative
2363_4,Negative
2364_4,Negative
2365_3,Negative
2366_2,Negative
2367_3,Negative
2368_4,Negative
2369_3,Negative
236_3,Positive
2370_4,Positive
2371_4,Negative
2372_3,Negative
2373_4,Negative
2374_2,Negative
2375_4,Negative
2376_4,Negative
2377_4,Negative
2378_2,Negative
2379_1,Positive
237_1,Negative
2380_1,Negative
2381_1,Negative
2382_2,Negative
2383_4,Positive
2384_3,Negative
2385_4,Negative
2386_1,Negative
2387_2,Negative
2388_1,Negative
2389_2,Negative
238_1,Negative
2390_3,Negative
2391_2,Negative
2392_2,Negative
2393_3,Negative
2394_2,Negative
2395_3,Negative
2396_4,Negative
2397_4,Negative
2398_3,Negative
2399_3,Negative
239_2,Negative
23_4,Negative
2400_1,Positive
2401_4,Negative
2402_1,Positive
2403_1,Negative
2404_4,Negative
2405_1,Negative
2406_2,Negative
2407_1,Negative
2408_3,Negative
2409_1,Negative
240_4,Positive
2410_2,Negative
2411_1,Negative
2412_2,Negative
2413_1,Positive
2414_4,Negative
2415_2,Negative
2416_1,Negative
2417_4,Negative
2418_2,Positive
2419_1,Negative
241_1,Negative
2420_1,Negative
2421_3,Negative
2422_1,Negative
2423_1,Negative
2424_2,Positive
2425_3,Negative
2426_2,Negative
2427_1,Positive
2428_1,Negative
2429_1,Negative
242_3,Negative
2430_2,Negative
2431_1,Negative
2432_2,Negative
2433_1,Negative
2434_1,Negative
2435_1,Negative
2436_4,Negative
2437_3,Negative
2438_2,Negative
2439_1,Negative
243_4,Negative
2440_4,Negative
2441_4,Negative
2442_4,Positive
2443_4,Negative
2444_4,Negative
2445_3,Negative
2446_1,Negative
2447_4,Negative
2448_1,Negative
2449_1,Negative
244_2,Negative
2450_1,Negative
2451_1,Negative
2452_1,Negative
2453_1,Negative
2454_1,Negative
2455_4,Negative
2456_1,Negative
2457_3,Negative
2458_2,Negative
2459_2,Negative
245_2,Negative
2460_1,Negative
2461_4,Positive
2462_2,Negative
2463_4,Negative
2464_4,Negative
2465_2,Negative
2466_1,Negative
2467_1,Negative
2468_1,Negative
2469_1,Negative
246_2,Negative
2470_1,Negative
2471_4,Negative
2472_3,Negative
2473_2,Negative
2474_1,Negative
2475_1,Negative
2476_3,Negative
2477_2,Negative
2478_3,Negative
2479_1,Negative
247_2,Negative
2480_3,Negative
2481_1,Negative
2482_1,Negative
2483_4,Negative
2484_1,Negative
2485_1,Negative
2486_3,Negative
2487_2,Negative
2488_1,Negative
2489_3,Negative
248_2,Negative
2490_1,Negative
2491_4,Negative
2492_4,Negative
2493_3,Negative
2494_4,Negative
2495_2,Negative
2496_3,Negative
2497_2,Negative
2498_4,Negative
2499_3,Negative
249_2,Negative
24_4,Negative
2500_2,Negative
2501_3,Negative
2502_1,Negative
2503_3,Negative
2504_3,Positive
2505_1,Negative
2506_1,Negative
2507_1,Negative
2508_1,Negative
2509_1,Negative
250_1,Negative
2510_3,Negative
2511_4,Negative
2512_2,Negative
2513_4,Negative
2514_4,Negative
2515_1,Negative
2516_1,Positive
2517_1,Positive
2518_1,Negative
2519_4,Positive
251_2,Positive
2520_3,Negative
2521_1,Negative
2522_3,Negative
2523_4,Positive
2524_2,Negative
2525_4,Negative
2526_1,Negative
2527_3,Negative
2528_1,Negative
2529_1,Positive
252_3,Negative
2530_1,Negative
2531_1,Negative
2532_1,Negative
2533_2,Negative
2534_4,Negative
2535_3,Negative
2536_4,Negative
2537_2,Negative
2538_2,Negative
2539_3,Negative
253_3,Negative
2540_4,Negative
2541_1,Negative
2542_1,Negative
2543_3,Negative
2544_2,Negative
2545_4,Positive
2546_4,Negative
2547_1,Negative
2548_2,Positive
2549_2,Negative
254_3,Negative
2550_1,Negative
2551_1,Negative
2552_4,Negative
2553_4,Positive
2554_4,Negative
2555_4,Negative
2556_1,Negative
2557_2,Negative
2558_4,Negative
2559_4,Negative
255_4,Negative
2560_3,Negative
2561_4,Positive
2562_1,Negative
2563_1,Negative
2564_2,Negative
2565_1,Negative
2566_4,Negative
2567_2,Negative
2568_3,Negative
2569_2,Negative
256_4,Positive
2570_4,Negative
2571_3,Negative
2572_1,Negative
2573_4,Negative
2574_2,Negative
2575_1,Negative
2576_1,Negative
2577_1,Negative
2578_2,Negative
2579_2,Negative
257_3,Negative
2580_3,Negative
2581_1,Negative
2582_2,Negative
2583_1,Negative
2584_2,Negative
2585_1,Negative
2586_1,Negative
2587_3,Negative
2588_3,Negative
2589_2,Negative
258_1,Negative
2590_1,Negative
2591_1,Negative
2592_1,Negative
2593_1,Positive
2594_3,Negative
2595_2,Negative
2596_1,Negative
2597_1,Negative
2598_1,Negative
2599_1,Negative
259_2,Negative
25_3,Negative
2600_1,Negative
2601_1,Negative
2602_1,Positive
2603_1,Negative
2604_1,Negative
2605_4,Negative
2606_4,Negative
2607_1,Negative
2608_3,Negative
2609_2,Negative
260_1,Negative
2610_1,Negative
2611_1,Negative
2612_1,Negative
2613_1,Negative
2614_3,Negative
2615_1,Negative
2616_1,Negative
2617_2,Negative
2618_1,Negative
2619_2,Negative
261_3,Negative
2620_3,Negative
2621_2,Negative
2622_2,Negative
2623_1,Negative
2624_1,Negative
2625_1,Negative
2626_4,Positive
2627_4,Negative
2628_1,Negative
2629_4,Negative
262_1,Negative
2630_2,Negative
2631_4,Negative
2632_1,Negative
2633_1,Negative
2634_1,Negative
2635_1,Negative
2636_1,Negative
2637_1,Negative
2638_1,Negative
2639_4,Negative
263_1,Negative
2640_3,Negative
2641_3,Negative
2642_4,Negative
2643_3,Negative
2644_1,Negative
2645_4,Negative
2646_3,Positive
2647_2,Negative
2648_2,Negative
2649_2,Negative
264_1,Negative
2650_2,Negative
2651_2,Negative
2652_3,Negative
2653_4,Negative
2654_2,Negative
2655_3,Negative
2656_1,Negative
2657_2,Negative
2658_3,Negative
2659_1,Negative
265_1,Negative
2660_3,Negative
2661_4,Negative
2662_1,Negative
2663_1,Negative
2664_4,Negative
2665_3,Negative
2666_4,Negative
2667_3,Negative
2668_4,Negative
2669_3,Negative
266_4,Negative
2670_3,Negative
2671_2,Negative
2672_4,Negative
2673_2,Negative
2674_3,Negative
2675_3,Negative
2676_4,Negative
2677_3,Negative
2678_3,Negative
2679_3,Negative
267_1,Negative
2680_4,Negative
2681_1,Negative
2682_1,Negative
2683_4,Negative
2684_4,Negative
2685_3,Negative
2686_4,Negative
2687_4,Negative
2688_4,Negative
2689_3,Negative
268_3,Negative
2690_1,Negative
2691_3,Negative
2692_4,Negative
2693_2,Negative
2694_2,Negative
2695_3,Negative
2696_4,Negative
2697_2,Negative
2698_3,Negative
2699_4,Positive
269_2,Negative
26_3,Negative
2700_4,Negative
2701_4,Negative
2702_1,Negative
2703_1,Negative
2704_4,Positive
2705_4,Positive
2706_1,Negative
2707_3,Negative
2708_2,Negative
2709_3,Negative
270_1,Negative
2710_1,Negative
2711_3,Negative
2712_1,Negative
2713_1,Negative
2714_2,Negative
2715_1,Negative
2716_3,Negative
2717_3,Negative
2718_1,Negative
2719_1,Negative
271_4,Negative
2720_2,Negative
2721_1,Positive
2722_1,Negative
2723_4,Negative
2724_1,Negative
2725_3,Negative
2726_3,Negative
2727_3,Negative
2728_1,Negative
2729_1,Negative
272_1,Negative
2730_1,Negative
2731_4,Negative
2732_4,Positive
2733_3,Negative
2734_3,Negative
2735_3,Negative
2736_1,Negative
2737_1,Positive
2738_1,Negative
2739_1,Negative
273_1,Negative
2740_3,Negative
2741_2,Negative
2742_3,Negative
2743_1,Positive
2744_1,Negative
2745_4,Negative
2746_1,Negative
2747_4,Negative
2748_3,Negative
2749_4,Positive
274_1,Negative
2750_1,Negative
2751_4,Negative
2752_4,Negative
2753_4,Negative
2754_2,Negative
2755_2,Negative
2756_4,Negative
2757_2,Negative
2758_2,Negative
2759_2,Negative
275_1,Negative
2760_1,Negative
2761_4,Negative
2762_2,Negative
2763_2,Negative
2764_4,Negative
2765_1,Negative
2766_3,Negative
2767_1,Negative
2768_2,Negative
2769_4,Negative
276_1,Negative
2770_3,Negative
2771_3,Negative
2772_4,Positive
2773_1,Negative
2774_3,Negative
2775_2,Negative
2776_1,Negative
2777_1,Negative
2778_2,Negative
2779_4,Negative
277_1,Negative
2780_4,Negative
2781_1,Negative
2782_1,Negative
2783_1,Negative
2784_2,Negative
2785_1,Negative
2786_2,Negative
2787_1,Negative
2788_1,Negative
2789_1,Negative
278_1,Negative
2790_1,Negative
2791_3,Negative
2792_1,Negative
2793_3,Negative
2794_1,Negative
2795_1,Negative
2796_1,Negative
2797_1,Negative
2798_2,Negative
2799_1,Negative
279_1,Negative
27_4,Negative
2800_1,Negative
2801_1,Negative
2802_1,Negative
2803_1,Negative
2804_3,Negative
2805_4,Negative
2806_1,Negative
2807_4,Negative
2808_4,Negative
2809_3,Negative
280_1,Negative
2810_3,Negative
2811_3,Positive
2812_4,Negative
2813_4,Negative
2814_4,Negative
2815_4,Positive
2816_3,Negative
2817_1,Negative
2818_2,Negative
2819_1,Negative
281_1,Negative
2820_3,Negative
2821_3,Negative
2822_1,Negative
2823_1,Negative
2824_3,Negative
2825_3,Negative
2826_2,Positive
2827_1,Negative
2828_2,Negative
2829_4,Negative
282_1,Negative
2830_4,Negative
2831_1,Negative
2832_4,Negative
2833_2,Negative
2834_2,Negative
2835_4,Positive
2836_4,Negative
2837_3,Negative
2838_2,Negative
2839_1,Negative
283_1,Negative
2840_1,Negative
2841_4,Negative
2842_4,Negative
2843_2,Negative
2844_2,Negative
2845_3,Negative
2846_2,Positive
2847_3,Negative
2848_4,Negative
2849_3,Negative
284_2,Negative
2850_4,Negative
2851_1,Negative
2852_2,Negative
2853_1,Negative
2854_1,Negative
2855_2,Negative
2856_1,Negative
2857_1,Negative
2858_2,Negative
2859_4,Negative
285_4,Negative
2860_4,Positive
2861_1,Negative
2862_1,Negative
2863_2,Negative
2864_1,Negative
2865_3,Negative
2866_1,Negative
2867_1,Negative
2868_3,Negative
2869_3,Negative
286_1,Negative
2870_1,Negative
2871_2,Positive
2872_3,Negative
2873_3,Negative
2874_2,Negative
2875_2,Negative
2876_1,Positive
2877_2,Negative
2878_2,Negative
2879_4,Negative
287_1,Negative
2880_3,Negative
2881_3,Negative
2882_3,Negative
2883_3,Negative
2884_3,Negative
2885_3,Negative
2886_1,Negative
2887_2,Negative
2888_1,Negative
2889_4,Negative
288_1,Negative
2890_3,Negative
2891_4,Positive
2892_2,Negative
2893_3,Negative
2894_4,Negative
2895_1,Negative
2896_3,Negative
2897_4,Negative
2898_3,Negative
2899_4,Negative
289_1,Negative
28_3,Negative
2900_1,Negative
2901_3,Negative
2902_2,Negative
2903_1,Negative
2904_4,Negative
2905_4,Negative
2906_1,Negative
2907_1,Negative
2908_1,Negative
2909_1,Negative
290_1,Negative
2910_3,Negative
2911_4,Negative
2912_4,Negative
2913_3,Negative
2914_4,Negative
2915_1,Negative
2916_1,Negative
2917_3,Negative
2918_1,Positive
2919_4,Positive
291_3,Negative
2920_1,Negative
2921_1,Negative
2922_4,Negative
2923_3,Negative
2924_2,Negative
2925_2,Negative
2926_1,Negative
2927_3,Negative
2928_1,Positive
2929_4,Negative
292_3,Negative
2930_3,Negative
2931_1,Negative
2932_3,Negative
2933_1,Positive
2934_1,Negative
2935_2,Negative
2936_3,Positive
2937_1,Negative
2938_4,Negative
2939_3,Negative
293_1,Negative
2940_1,Negative
2941_1,Negative
2942_1,Negative
2943_1,Negative
2944_1,Negative
2945_3,Negative
2946_1,Negative
2947_4,Negative
2948_4,Negative
2949_1,Negative
294_1,Negative
2950_4,Negative
2951_2,Negative
2952_1,Negative
2953_4,Negative
2954_4,Negative
2955_4,Negative
2956_4,Negative
2957_2,Negative
2958_2,Negative
2959_3,Negative
295_1,Positive
2960_4,Negative
2961_4,Negative
2962_1,Negative
2963_2,Negative
2964_2,Negative
2965_2,Negative
2966_2,Negative
2967_3,Negative
2968_1,Negative
2969_2,Negative
296_4,Negative
2970_4,Negative
2971_4,Negative
2972_2,Negative
2973_1,Negative
2974_1,Negative
2975_2,Negative
2976_1,Negative
2977_1,Negative
2978_4,Negative
2979_1,Negative
297_2,Negative
2980_4,Positive
2981_2,Negative
2982_1,Negative
2983_1,Negative
2984_1,Negative
2985_4,Negative
2986_3,Positive
2987_1,Negative
2988_3,Negative
2989_3,Negative
298_1,Negative
2990_1,Negative
2991_1,Negative
2992_3,Negative
2993_4,Positive
2994_1,Negative
2995_2,Negative
2996_4,Negative
2997_1,Negative
2998_2,Negative
2999_1,Negative
299_1,Negative
29_3,Positive
2_3,Negative
3000_1,Negative
3001_1,Negative
3002_1,Negative
3003_4,Negative
3004_1,Negative
3005_1,Negative
3006_2,Negative
3007_3,Positive
3008_3,Negative
3009_2,Positive
300_1,Negative
3010_3,Negative
3011_1,Negative
3012_1,Negative
3013_1,Negative
3014_1,Negative
3015_1,Negative
3016_2,Negative
3017_1,Negative
3018_1,Negative
3019_1,Negative
301_4,Negative
3020_1,Negative
3021_1,Negative
3022_1,Negative
3023_4,Negative
3024_4,Negative
3025_1,Negative
3026_4,Negative
3027_1,Negative
3028_4,Negative
3029_4,Positive
302_3,Negative
3030_1,Negative
3031_4,Negative
3032_1,Negative
3033_4,Positive
3034_1,Negative
3035_1,Negative
3036_1,Negative
3037_1,Negative
3038_2,Negative
3039_4,Negative
303_2,Negative
3040_4,Negative
3041_3,Negative
3042_3,Negative
3043_4,Negative
3044_2,Negative
3045_1,Negative
3046_1,Negative
3047_2,Negative
3048_1,Negative
3049_4,Negative
304_2,Negative
3050_3,Negative
3051_4,Negative
3052_1,Negative
3053_3,Negative
3054_1,Negative
3055_3,Negative
3056_3,Negative
3057_3,Positive
3058_3,Negative
3059_2,Negative
305_2,Negative
3060_3,Negative
3061_1,Negative
3062_2,Negative
3063_1,Negative
3064_1,Negative
3065_1,Negative
3066_1,Negative
3067_1,Negative
3068_3,Negative
3069_1,Negative
306_1,Negative
3070_1,Negative
3071_1,Negative
3072_3,Negative
3073_2,Negative
3074_4,Negative
3075_1,Negative
3076_4,Negative
3077_2,Negative
3078_1,Negative
3079_2,Negative
307_1,Negative
3080_1,Negative
3081_1,Negative
3082_2,Negative
3083_2,Negative
3084_4,Negative
3085_4,Negative
3086_1,Negative
3087_1,Negative
3088_3,Positive
3089_2,Negative
308_1,Negative
3090_1,Negative
3091_4,Negative
3092_3,Negative
3093_2,Negative
3094_4,Negative
3095_3,Negative
3096_1,Negative
3097_1,Negative
3098_1,Negative
3099_2,Negative
309_3,Negative
30_4,Negative
3100_4,Negative
3101_1,Negative
3102_1,Negative
3103_1,Negative
3104_1,Negative
3105_1,Negative
3106_1,Negative
3107_1,Negative
3108_1,Negative
3109_2,Negative
310_1,Negative
3110_1,Negative
3111_1,Negative
3112_1,Negative
3113_1,Negative
3114_1,Negative
3115_1,Negative
3116_2,Negative
3117_1,Negative
3118_1,Negative
3119_2,Negative
311_3,Negative
3120_4,Negative
3121_1,Negative
3122_4,Negative
3123_3,Negative
3124_4,Negative
3125_1,Negative
3126_3,Negative
3127_3,Negative
3128_1,Negative
3129_2,Negative
312_4,Negative
3130_3,Negative
3131_1,Negative
3132_1,Negative
3133_1,Negative
3134_3,Negative
3135_4,Negative
3136_1,Negative
3137_1,Negative
3138_1,Negative
3139_1,Negative
313_1,Negative
3140_1,Negative
3141_1,Negative
3142_3,Negative
3143_4,Negative
3144_1,Negative
3145_1,Negative
3146_1,Negative
3147_1,Negative
3148_2,Positive
3149_1,Negative
314_2,Negative
3150_1,Negative
3151_1,Negative
3152_1,Negative
3153_1,Negative
3154_2,Negative
3155_1,Positive
3156_1,Negative
3157_1,Negative
3158_1,Negative
3159_1,Negative
315_4,Negative
3160_2,Negative
3161_3,Negative
3162_2,Negative
3163_4,Negative
3164_2,Negative
3165_3,Negative
3166_2,Negative
3167_1,Negative
3168_2,Negative
3169_4,Negative
316_1,Negative
3170_3,Negative
3171_4,Negative
3172_2,Negative
3173_4,Negative
3174_1,Negative
3175_3,Negative
3176_1,Positive
3177_1,Negative
3178_2,Negative
3179_2,Negative
317_2,Negative
3180_1,Negative
3181_1,Negative
3182_4,Negative
3183_3,Positive
3184_2,Negative
3185_1,Negative
3186_1,Negative
3187_2,Negative
3188_1,Negative
3189_2,Negative
318_3,Negative
3190_2,Negative
3191_4,Negative
3192_2,Negative
3193_3,Negative
3194_1,Negative
3195_2,Negative
3196_4,Positive
3197_1,Negative
3198_1,Negative
3199_1,Negative
319_1,Negative
31_4,Negative
3200_2,Negative
3201_1,Negative
3202_1,Negative
3203_2,Negative
3204_2,Negative
3205_2,Negative
3206_3,Negative
3207_4,Negative
3208_4,Negative
3209_4,Negative
320_3,Negative
3210_1,Negative
3211_4,Negative
3212_4,Negative
3213_3,Negative
3214_4,Negative
3215_2,Negative
3216_1,Negative
3217_1,Negative
3218_1,Negative
3219_1,Negative
321_1,Negative
3220_3,Negative
3221_2,Negative
3222_2,Negative
3223_3,Negative
3224_3,Negative
3225_1,Negative
3226_2,Negative
3227_4,Negative
3228_1,Negative
3229_1,Negative
322_1,Negative
3230_2,Negative
3231_1,Negative
3232_4,Negative
3233_2,Negative
3234_1,Negative
3235_1,Negative
3236_1,Negative
3237_1,Negative
3238_1,Negative
3239_3,Negative
323_2,Negative
3240_4,Positive
3241_1,Negative
3242_1,Negative
3243_1,Negative
3244_1,Negative
3245_1,Negative
3246_1,Negative
3247_1,Negative
3248_2,Negative
3249_1,Negative
324_3,Negative
3250_1,Negative
3251_3,Negative
3252_2,Negative
3253_2,Negative
3254_1,Negative
3255_2,Negative
3256_2,Negative
3257_1,Negative
3258_2,Negative
3259_1,Negative
325_1,Negative
3260_1,Negative
3261_1,Negative
3262_1,Negative
3263_3,Negative
3264_1,Negative
3265_1,Negative
3266_2,Negative
3267_3,Negative
3268_3,Negative
3269_1,Negative
326_1,Positive
3270_3,Negative
3271_4,Positive
3272_2,Negative
3273_1,Negative
3274_1,Negative
3275_2,Negative
3276_1,Negative
3277_1,Negative
3278_1,Negative
3279_1,Negative
327_1,Negative
3280_2,Positive
3281_1,Negative
3282_1,Positive
3283_2,Negative
3284_2,Negative
3285_1,Negative
3286_1,Negative
3287_2,Negative
3288_1,Negative
3289_1,Negative
328_4,Negative
3290_1,Negative
3291_1,Negative
3292_1,Negative
3293_3,Negative
3294_3,Negative
3295_1,Negative
3296_1,Negative
3297_1,Negative
3298_1,Negative
3299_1,Negative
329_1,Negative
32_3,Negative
3300_1,Negative
3301_2,Negative
3302_1,Negative
3303_1,Negative
3304_2,Negative
3305_4,Negative
3306_2,Negative
3307_1,Negative
3308_1,Negative
3309_4,Negative
330_1,Negative
3310_2,Positive
3311_2,Negative
3312_3,Negative
3313_4,Positive
3314_1,Negative
3315_1,Negative
3316_1,Negative
3317_1,Negative
3318_1,Negative
3319_1,Negative
331_4,Negative
3320_4,Negative
3321_1,Negative
3322_1,Negative
3323_1,Negative
3324_2,Negative
3325_1,Negative
3326_4,Negative
3327_1,Negative
3328_4,Negative
3329_4,Negative
332_1,Positive
3330_3,Negative
3331_3,Negative
3332_3,Positive
3333_1,Negative
3334_1,Negative
3335_2,Negative
3336_1,Negative
3337_1,Negative
3338_2,Negative
3339_4,Negative
333_3,Negative
3340_1,Negative
3341_4,Negative
3342_3,Negative
3343_4,Negative
3344_1,Negative
3345_3,Negative
3346_3,Negative
3347_2,Negative
3348_3,Negative
3349_4,Negative
334_2,Negative
3350_1,Negative
3351_4,Negative
3352_4,Negative
3353_4,Negative
3354_2,Negative
3355_3,Negative
3356_3,Negative
3357_4,Negative
3358_4,Negative
3359_1,Negative
335_2,Negative
3360_1,Negative
3361_2,Positive
3362_1,Negative
3363_1,Negative
3364_2,Negative
3365_1,Negative
3366_2,Negative
3367_1,Negative
3368_1,Negative
3369_1,Positive
336_1,Negative
3370_1,Negative
3371_1,Negative
3372_1,Negative
3373_3,Negative
3374_1,Negative
3375_3,Negative
3376_1,Negative
3377_4,Negative
3378_3,Positive
3379_2,Negative
337_1,Negative
3380_1,Negative
3381_1,Negative
3382_1,Negative
3383_2,Negative
3384_3,Negative
3385_2,Negative
3386_2,Positive
3387_3,Negative
3388_2,Negative
3389_2,Negative
338_1,Negative
3390_4,Positive
3391_4,Positive
3392_2,Negative
3393_4,Negative
3394_4,Negative
3395_2,Negative
3396_1,Negative
3397_3,Positive
3398_4,Positive
3399_4,Negative
339_1,Negative
33_3,Negative
3400_1,Negative
3401_3,Negative
3402_1,Negative
3403_3,Negative
3404_3,Negative
3405_4,Negative
3406_4,Negative
3407_3,Negative
3408_4,Negative
3409_4,Negative
340_2,Negative
3410_3,Negative
3411_4,Negative
3412_3,Negative
3413_2,Negative
3414_3,Negative
3415_1,Negative
3416_4,Negative
3417_4,Positive
3418_3,Negative
3419_2,Negative
341_1,Negative
3420_4,Negative
3421_2,Negative
3422_4,Negative
3423_4,Positive
3424_4,Negative
3425_2,Negative
3426_3,Negative
3427_4,Negative
3428_4,Negative
3429_4,Negative
342_1,Negative
3430_2,Negative
3431_4,Negative
3432_1,Negative
3433_4,Negative
3434_4,Negative
3435_1,Negative
3436_1,Negative
3437_2,Negative
3438_4,Negative
3439_4,Negative
343_1,Negative
3440_2,Negative
3441_2,Negative
3442_1,Negative
3443_1,Negative
3444_3,Negative
3445_2,Negative
3446_4,Negative
3447_3,Negative
3448_2,Negative
3449_1,Negative
344_4,Negative
3450_1,Negative
3451_3,Negative
3452_2,Negative
3453_1,Negative
3454_1,Negative
3455_4,Negative
3456_1,Negative
3457_1,Negative
3458_1,Negative
3459_1,Negative
345_3,Negative
3460_1,Negative
3461_4,Positive
3462_2,Positive
3463_4,Negative
3464_2,Positive
3465_3,Negative
3466_2,Negative
3467_1,Negative
3468_4,Negative
3469_1,Negative
346_2,Positive
3470_1,Negative
3471_3,Positive
3472_2,Negative
3473_3,Negative
3474_1,Negative
3475_1,Negative
3476_1,Negative
3477_3,Negative
3478_1,Negative
3479_3,Negative
347_1,Negative
3480_1,Negative
3481_2,Negative
3482_3,Negative
3483_3,Negative
3484_1,Negative
3485_1,Negative
3486_1,Positive
3487_2,Negative
3488_4,Negative
3489_4,Negative
348_1,Negative
3490_4,Negative
3491_1,Negative
3492_3,Positive
3493_1,Negative
3494_3,Negative
3495_1,Negative
3496_1,Negative
3497_1,Negative
3498_1,Negative
3499_3,Negative
349_2,Negative
34_1,Negative
3500_1,Negative
3501_4,Negative
3502_1,Negative
3503_1,Negative
3504_1,Negative
3505_1,Negative
3506_1,Negative
3507_1,Negative
3508_1,Negative
3509_1,Negative
350_4,Positive
3510_1,Negative
3511_1,Negative
3512_1,Negative
3513_1,Negative
3514_1,Negative
3515_4,Negative
3516_2,Negative
3517_1,Negative
3518_3,Negative
3519_1,Negative
351_4,Negative
3520_3,Negative
3521_2,Negative
3522_4,Negative
3523_1,Negative
3524_1,Negative
3525_1,Negative
3526_3,Positive
3527_1,Negative
3528_1,Negative
3529_1,Negative
352_4,Positive
3530_2,Negative
3531_1,Negative
3532_2,Negative
3533_3,Negative
3534_3,Negative
3535_1,Negative
3536_1,Negative
3537_2,Negative
3538_1,Negative
3539_4,Negative
353_3,Negative
3540_3,Positive
3541_2,Negative
3542_2,Negative
3543_3,Negative
3544_1,Negative
3545_1,Negative
3546_4,Negative
3547_4,Positive
3548_4,Negative
3549_2,Negative
354_4,Positive
3550_3,Negative
3551_4,Positive
3552_4,Positive
3553_2,Positive
3554_1,Negative
3555_4,Negative
3556_4,Negative
3557_2,Negative
3558_4,Negative
3559_1,Negative
355_4,Negative
3560_2,Negative
3561_4,Negative
3562_3,Negative
3563_1,Negative
3564_2,Negative
3565_3,Negative
3566_4,Negative
3567_4,Negative
3568_4,Positive
3569_3,Negative
356_3,Negative
3570_3,Positive
3571_3,Negative
3572_2,Negative
3573_4,Negative
3574_1,Negative
3575_1,Negative
3576_4,Negative
3577_3,Negative
3578_3,Negative
3579_1,Negative
357_1,Negative
3580_4,Negative
3581_2,Negative
3582_3,Negative
3583_3,Negative
3584_1,Negative
3585_2,Negative
3586_4,Positive
3587_3,Negative
3588_1,Negative
3589_4,Negative
358_4,Negative
3590_1,Negative
3591_2,Negative
3592_1,Positive
3593_1,Positive
3594_2,Negative
3595_1,Negative
3596_3,Negative
3597_1,Negative
3598_4,Negative
3599_4,Negative
359_4,Negative
35_1,Negative
3600_2,Negative
3601_1,Negative
3602_4,Negative
3603_3,Positive
3604_3,Negative
3605_4,Positive
3606_4,Positive
3607_3,Negative
3608_4,Negative
3609_1,Negative
360_3,Negative
3610_3,Negative
3611_2,Negative
3612_2,Negative
3613_3,Negative
3614_3,Negative
3615_1,Negative
3616_2,Negative
3617_2,Negative
3618_2,Negative
3619_2,Negative
361_1,Negative
3620_4,Positive
3621_2,Negative
3622_1,Negative
3623_1,Negative
3624_4,Negative
3625_1,Negative
3626_3,Negative
3627_4,Negative
3628_1,Negative
3629_1,Negative
362_2,Negative
3630_1,Negative
3631_1,Negative
3632_3,Negative
3633_1,Negative
3634_2,Negative
3635_1,Negative
3636_3,Negative
3637_1,Negative
3638_4,Negative
3639_1,Negative
363_3,Negative
3640_3,Negative
3641_1,Negative
3642_1,Positive
3643_1,Negative
3644_1,Negative
3645_4,Negative
3646_1,Positive
3647_1,Positive
3648_1,Negative
3649_1,Negative
364_1,Negative
3650_1,Negative
3651_2,Negative
3652_3,Negative
3653_2,Negative
3654_2,Negative
3655_4,Negative
3656_1,Negative
3657_3,Negative
3658_1,Negative
3659_4,Negative
365_1,Negative
3660_1,Negative
3661_1,Negative
3662_1,Negative
3663_1,Negative
3664_3,Negative
3665_4,Negative
3666_3,Negative
3667_1,Negative
3668_2,Negative
3669_4,Negative
366_1,Negative
3670_4,Negative
3671_4,Positive
3672_1,Negative
3673_1,Negative
3674_1,Negative
3675_1,Negative
3676_1,Negative
3677_1,Negative
3678_1,Negative
3679_2,Negative
367_3,Negative
3680_1,Negative
3681_2,Negative
3682_1,Negative
3683_1,Negative
3684_3,Negative
3685_3,Negative
3686_1,Negative
3687_1,Negative
3688_1,Negative
3689_1,Negative
368_4,Negative
3690_1,Positive
3691_1,Negative
3692_1,Negative
3693_3,Negative
3694_3,Negative
3695_4,Negative
3696_4,Negative
3697_1,Negative
3698_4,Negative
3699_4,Negative
369_1,Negative
36_3,Negative
3700_4,Negative
3701_1,Negative
3702_4,Negative
3703_2,Negative
3704_1,Negative
3705_1,Negative
3706_1,Negative
3707_3,Negative
3708_1,Positive
3709_1,Negative
370_2,Negative
3710_2,Negative
3711_2,Negative
3712_4,Negative
3713_4,Negative
3714_1,Negative
3715_1,Negative
3716_1,Negative
3717_3,Negative
3718_1,Negative
3719_2,Negative
371_4,Negative
3720_4,Negative
3721_1,Negative
3722_1,Negative
3723_1,Negative
3724_3,Negative
3725_1,Negative
3726_1,Negative
3727_4,Negative
3728_1,Negative
3729_4,Negative
372_2,Negative
3730_1,Negative
3731_1,Negative
3732_1,Negative
3733_4,Negative
3734_2,Negative
3735_3,Negative
3736_2,Negative
3737_3,Negative
3738_3,Negative
3739_2,Negative
373_2,Negative
3740_1,Negative
3741_4,Negative
3742_3,Negative
3743_4,Negative
3744_4,Negative
3745_3,Negative
3746_1,Negative
3747_3,Negative
3748_3,Negative
3749_4,Negative
374_4,Positive
3750_2,Negative
3751_1,Negative
3752_4,Negative
3753_3,Negative
3754_1,Negative
3755_4,Negative
3756_4,Negative
3757_3,Negative
3758_3,Negative
3759_3,Negative
375_1,Negative
3760_1,Negative
3761_4,Negative
3762_2,Negative
3763_2,Positive
3764_4,Negative
3765_4,Positive
3766_4,Negative
3767_4,Positive
3768_1,Positive
3769_1,Negative
376_2,Negative
3770_4,Negative
3771_2,Negative
3772_1,Negative
3773_3,Negative
3774_1,Negative
3775_4,Negative
3776_1,Negative
3777_1,Negative
3778_1,Negative
3779_1,Negative
377_1,Negative
3780_1,Negative
3781_4,Negative
3782_1,Negative
3783_3,Negative
3784_4,Negative
3785_3,Positive
3786_2,Negative
3787_2,Negative
3788_2,Negative
3789_4,Negative
378_1,Negative
3790_1,Negative
3791_1,Negative
3792_3,Negative
3793_4,Negative
3794_4,Positive
3795_2,Negative
3796_3,Negative
3797_1,Negative
3798_2,Negative
3799_1,Negative
379_1,Negative
37_1,Negative
3800_1,Negative
3801_2,Negative
3802_3,Negative
3803_2,Negative
3804_2,Negative
3805_1,Negative
3806_4,Positive
3807_2,Negative
3808_1,Negative
3809_2,Negative
380_2,Positive
3810_2,Negative
3811_4,Negative
3812_1,Negative
3813_3,Negative
3814_3,Negative
3815_2,Negative
3816_1,Negative
3817_1,Negative
3818_4,Negative
3819_4,Negative
381_1,Negative
3820_1,Negative
3821_1,Negative
3822_1,Negative
3823_3,Negative
3824_3,Positive
3825_3,Negative
3826_3,Negative
3827_3,Negative
3828_1,Negative
3829_4,Negative
382_4,Negative
3830_1,Negative
3831_1,Negative
3832_1,Negative
3833_4,Negative
3834_1,Negative
3835_2,Negative
3836_1,Negative
3837_4,Negative
3838_4,Negative
3839_1,Negative
383_1,Negative
3840_4,Negative
3841_1,Negative
3842_3,Negative
3843_1,Negative
3844_1,Negative
3845_1,Negative
3846_1,Negative
3847_1,Negative
3848_3,Negative
3849_1,Negative
384_4,Negative
3850_1,Negative
3851_2,Negative
3852_4,Negative
3853_1,Negative
3854_1,Negative
3855_1,Negative
3856_1,Negative
3857_1,Negative
3858_1,Negative
3859_1,Negative
385_1,Negative
3860_1,Negative
3861_1,Negative
3862_1,Negative
3863_1,Negative
3864_4,Negative
3865_3,Negative
3866_2,Negative
3867_4,Negative
3868_3,Negative
3869_1,Negative
386_1,Negative
3870_1,Negative
3871_1,Negative
3872_4,Negative
3873_3,Negative
3874_1,Negative
3875_4,Negative
3876_1,Negative
3877_3,Negative
3878_1,Negative
3879_4,Negative
387_1,Negative
3880_1,Negative
3881_3,Negative
3882_3,Negative
3883_4,Negative
3884_1,Negative
3885_4,Negative
3886_3,Negative
3887_2,Negative
3888_2,Negative
3889_1,Negative
388_1,Negative
3890_3,Negative
3891_2,Negative
3892_4,Negative
3893_1,Negative
3894_2,Negative
3895_2,Negative
3896_1,Negative
3897_4,Negative
3898_3,Negative
3899_1,Negative
389_1,Positive
38_1,Negative
3900_2,Positive
3901_4,Negative
3902_1,Negative
3903_1,Negative
3904_2,Negative
3905_3,Negative
3906_1,Negative
3907_3,Negative
3908_1,Negative
3909_3,Negative
390_4,Negative
3910_1,Negative
3911_1,Negative
3912_1,Negative
3913_4,Negative
3914_1,Negative
3915_2,Negative
3916_1,Negative
3917_2,Negative
3918_1,Negative
3919_1,Negative
391_1,Negative
3920_4,Negative
3921_3,Negative
3922_4,Negative
3923_3,Negative
3924_3,Negative
3925_2,Negative
3926_1,Negative
3927_4,Negative
3928_1,Negative
3929_2,Negative
392_2,Negative
3930_3,Negative
3931_1,Positive
3932_3,Negative
3933_4,Negative
3934_3,Negative
3935_4,Positive
3936_3,Negative
3937_4,Negative
3938_2,Negative
3939_3,Negative
393_1,Negative
3940_4,Negative
3941_1,Negative
3942_2,Negative
3943_3,Negative
3944_1,Negative
3945_2,Negative
3946_3,Negative
3947_1,Negative
3948_1,Negative
3949_2,Negative
394_4,Negative
3950_1,Negative
3951_3,Negative
3952_1,Negative
3953_2,Negative
3954_1,Negative
3955_1,Negative
3956_1,Negative
3957_4,Negative
3958_4,Negative
3959_3,Negative
395_2,Negative
3960_1,Negative
3961_2,Negative
3962_1,Negative
3963_3,Negative
3964_4,Positive
3965_4,Negative
3966_1,Negative
3967_1,Negative
3968_2,Negative
3969_1,Negative
396_2,Negative
3970_3,Negative
3971_4,Negative
3972_3,Positive
3973_1,Negative
3974_3,Negative
3975_4,Negative
3976_4,Negative
3977_2,Negative
3978_3,Negative
3979_3,Negative
397_3,Negative
3980_3,Negative
3981_4,Negative
3982_2,Negative
3983_3,Negative
3984_1,Negative
3985_4,Positive
3986_4,Negative
3987_1,Negative
3988_3,Negative
3989_3,Negative
398_4,Negative
3990_1,Negative
3991_4,Negative
3992_3,Negative
3993_4,Negative
3994_1,Negative
3995_4,Negative
3996_3,Negative
3997_1,Negative
3998_3,Negative
3999_2,Negative
399_1,Negative
39_3,Negative
3_4,Positive
4000_4,Negative
4001_4,Negative
4002_1,Negative
4003_3,Negative
4004_2,Negative
4005_2,Negative
4006_1,Negative
4007_3,Negative
4008_1,Positive
4009_1,Negative
400_1,Negative
4010_2,Negative
4011_3,Positive
4012_2,Negative
4013_1,Negative
4014_1,Negative
4015_1,Negative
4016_1,Negative
4017_3,Negative
4018_2,Negative
4019_1,Negative
401_1,Negative
4020_3,Negative
4021_4,Negative
4022_3,Negative
4023_3,Negative
4024_2,Negative
4025_2,Negative
4026_2,Negative
4027_1,Negative
4028_2,Negative
4029_1,Negative
402_1,Negative
4030_2,Negative
4031_1,Negative
4032_2,Negative
4033_2,Negative
4034_2,Negative
4035_2,Negative
4036_2,Negative
4037_2,Negative
4038_2,Negative
4039_2,Negative
403_1,Negative
4040_2,Negative
4041_2,Negative
4042_2,Negative
4043_2,Negative
4044_2,Negative
4045_2,Negative
4046_2,Negative
4047_2,Negative
4048_2,Negative
4049_3,Negative
404_1,Negative
4050_3,Positive
4051_3,Negative
4052_2,Negative
4053_2,Negative
4054_3,Negative
4055_1,Negative
4056_4,Negative
4057_4,Negative
4058_3,Negative
4059_1,Negative
405_3,Negative
4060_1,Negative
4061_4,Negative
4062_1,Negative
4063_4,Negative
4064_1,Negative
4065_3,Negative
4066_1,Positive
4067_1,Negative
4068_1,Negative
4069_2,Negative
406_1,Negative
4070_1,Positive
4071_1,Negative
4072_1,Negative
4073_1,Negative
4074_1,Negative
4075_2,Negative
4076_3,Negative
4077_2,Negative
4078_2,Negative
4079_4,Negative
407_4,Negative
4080_1,Negative
4081_3,Negative
4082_4,Negative
4083_2,Negative
4084_2,Negative
4085_2,Negative
4086_1,Negative
4087_3,Negative
4088_3,Negative
4089_4,Negative
408_3,Negative
4090_3,Negative
4091_4,Negative
4092_3,Negative
4093_4,Negative
4094_1,Negative
4095_1,Negative
4096_1,Negative
4097_4,Negative
4098_4,Negative
4099_1,Negative
409_4,Negative
40_4,Negative
4100_1,Negative
4101_1,Negative
4102_1,Negative
4103_1,Negative
4104_3,Negative
4105_2,Negative
4106_1,Negative
4107_1,Negative
4108_2,Negative
4109_1,Negative
410_2,Negative
4110_4,Negative
4111_1,Negative
4112_3,Negative
4113_1,Negative
4114_2,Negative
4115_3,Negative
4116_4,Negative
4117_3,Negative
4118_2,Negative
4119_1,Negative
411_3,Negative
4120_1,Negative
4121_3,Negative
4122_3,Negative
4123_4,Negative
4124_1,Negative
4125_1,Negative
4126_1,Negative
4127_4,Positive
4128_1,Negative
4129_3,Negative
412_2,Positive
4130_1,Negative
4131_3,Negative
4132_1,Negative
4133_1,Negative
4134_4,Negative
4135_3,Negative
4136_3,Negative
4137_1,Negative
4138_2,Negative
4139_1,Negative
413_4,Negative
4140_3,Negative
4141_1,Negative
4142_3,Negative
4143_4,Negative
4144_4,Negative
4145_1,Negative
4146_4,Negative
4147_4,Negative
4148_3,Negative
4149_3,Negative
414_2,Negative
4150_4,Negative
4151_3,Positive
4152_4,Positive
4153_4,Negative
4154_4,Negative
4155_1,Negative
4156_1,Negative
4157_3,Negative
4158_2,Negative
4159_3,Negative
415_1,Negative
4160_4,Negative
4161_4,Negative
4162_1,Negative
4163_1,Negative
4164_1,Negative
4165_1,Negative
4166_1,Negative
4167_2,Negative
4168_1,Negative
4169_1,Negative
416_2,Positive
4170_4,Negative
4171_1,Negative
4172_1,Negative
4173_1,Negative
4174_3,Negative
4175_1,Negative
4176_1,Negative
4177_1,Negative
4178_1,Negative
4179_1,Negative
417_1,Negative
4180_1,Negative
4181_1,Negative
4182_1,Negative
4183_1,Negative
4184_1,Negative
4185_1,Negative
4186_1,Negative
4187_1,Negative
4188_1,Negative
4189_1,Negative
418_4,Negative
4190_1,Negative
4191_1,Negative
4192_1,Negative
4193_1,Negative
4194_1,Negative
4195_1,Negative
4196_1,Negative
4197_1,Negative
4198_1,Negative
4199_1,Negative
419_4,Negative
41_4,Negative
4200_1,Negative
4201_1,Positive
4202_2,Negative
4203_3,Negative
4204_1,Negative
4205_1,Negative
4206_1,Positive
4207_2,Negative
4208_3,Negative
4209_2,Negative
420_3,Positive
4210_1,Negative
4211_3,Negative
4212_2,Negative
4213_1,Negative
4214_2,Negative
4215_3,Negative
4216_1,Negative
4217_1,Negative
4218_1,Negative
4219_1,Negative
421_1,Negative
4220_4,Negative
4221_3,Negative
4222_4,Negative
4223_1,Negative
4224_1,Positive
4225_2,Negative
4226_1,Negative
4227_1,Negative
4228_2,Negative
4229_1,Negative
422_3,Negative
4230_1,Negative
4231_1,Negative
4232_3,Negative
4233_1,Negative
4234_1,Negative
4235_1,Negative
4236_2,Negative
4237_4,Negative
4238_3,Negative
4239_4,Negative
423_2,Negative
4240_4,Negative
4241_3,Negative
4242_1,Negative
4243_3,Negative
4244_4,Negative
4245_4,Positive
4246_2,Negative
4247_4,Negative
4248_4,Negative
4249_1,Negative
424_2,Negative
4250_4,Negative
4251_3,Negative
4252_1,Negative
4253_1,Negative
4254_1,Negative
4255_4,Negative
4256_4,Negative
4257_1,Negative
4258_3,Negative
4259_1,Negative
425_2,Negative
4260_1,Negative
4261_1,Negative
4262_4,Negative
4263_3,Negative
4264_4,Negative
4265_3,Negative
4266_1,Negative
4267_1,Negative
4268_1,Negative
4269_1,Negative
426_4,Negative
4270_4,Negative
4271_1,Negative
4272_3,Negative
4273_4,Negative
4274_4,Negative
4275_4,Negative
4276_4,Negative
4277_4,Negative
4278_1,Negative
4279_1,Negative
427_3,Negative
4280_4,Negative
4281_3,Negative
4282_2,Negative
4283_4,Negative
4284_3,Negative
4285_4,Positive
4286_1,Negative
4287_4,Negative
4288_1,Negative
4289_1,Negative
428_3,Negative
4290_4,Negative
4291_4,Negative
4292_2,Negative
4293_2,Negative
4294_2,Negative
4295_1,Negative
4296_3,Negative
4297_1,Negative
4298_3,Negative
4299_1,Negative
429_3,Negative
42_4,Negative
4300_1,Negative
4301_1,Negative
4302_1,Negative
4303_1,Negative
4304_1,Negative
4305_1,Negative
4306_3,Negative
4307_2,Negative
4308_1,Negative
4309_3,Negative
430_4,Positive
4310_1,Negative
4311_2,Negative
4312_1,Negative
4313_3,Negative
4314_1,Negative
4315_2,Negative
4316_2,Negative
4317_1,Negative
4318_1,Negative
4319_4,Negative
431_2,Negative
4320_4,Negative
4321_2,Negative
4322_3,Negative
4323_4,Negative
4324_4,Negative
4325_4,Negative
4326_1,Negative
4327_1,Negative
4328_1,Negative
4329_1,Negative
432_3,Negative
4330_3,Negative
4331_1,Negative
4332_2,Negative
4333_4,Negative
4334_2,Negative
4335_4,Negative
4336_2,Negative
4337_3,Negative
4338_1,Negative
4339_4,Negative
433_1,Negative
4340_4,Negative
4341_1,Negative
4342_2,Negative
4343_1,Negative
4344_1,Negative
4345_1,Negative
4346_3,Negative
4347_1,Negative
4348_4,Negative
4349_2,Negative
434_1,Negative
4350_2,Negative
4351_3,Negative
4352_1,Negative
4353_3,Negative
4354_3,Negative
4355_1,Negative
4356_3,Negative
4357_1,Negative
4358_1,Negative
4359_1,Negative
435_1,Negative
4360_2,Negative
4361_1,Negative
4362_1,Negative
4363_1,Negative
4364_1,Negative
4365_1,Negative
4366_1,Negative
4367_3,Positive
4368_2,Negative
4369_2,Negative
436_4,Negative
4370_2,Negative
4371_1,Negative
4372_1,Negative
4373_2,Negative
4374_2,Negative
4375_1,Negative
4376_1,Negative
4377_4,Negative
4378_4,Negative
4379_4,Negative
437_2,Negative
4380_3,Negative
4381_3,Negative
4382_3,Negative
4383_4,Positive
4384_1,Negative
4385_2,Negative
4386_1,Negative
4387_1,Negative
4388_3,Negative
4389_2,Negative
438_2,Negative
4390_1,Negative
4391_1,Negative
4392_2,Negative
4393_3,Negative
4394_1,Negative
4395_1,Negative
4396_1,Negative
4397_4,Negative
4398_3,Negative
4399_1,Negative
439_1,Negative
43_1,Negative
4400_4,Positive
4401_1,Negative
4402_1,Negative
4403_1,Negative
4404_3,Negative
4405_4,Negative
4406_1,Negative
4407_1,Negative
4408_1,Negative
4409_3,Negative
440_1,Negative
4410_3,Positive
4411_1,Negative
4412_2,Negative
4413_1,Negative
4414_1,Negative
4415_4,Negative
4416_4,Negative
4417_1,Negative
4418_3,Negative
4419_4,Positive
441_4,Positive
4420_4,Negative
4421_1,Negative
4422_3,Negative
4423_3,Negative
4424_4,Negative
4425_3,Positive
4426_4,Negative
4427_3,Positive
4428_2,Negative
4429_3,Negative
442_3,Negative
4430_4,Negative
4431_3,Negative
4432_2,Negative
4433_1,Negative
4434_2,Negative
4435_1,Negative
4436_4,Negative
4437_3,Negative
4438_3,Negative
4439_3,Negative
443_2,Negative
4440_1,Negative
4441_2,Negative
4442_1,Negative
4443_3,Negative
4444_2,Negative
4445_3,Negative
4446_1,Negative
4447_3,Negative
4448_1,Positive
4449_1,Negative
444_2,Negative
4450_3,Negative
4451_3,Negative
4452_1,Positive
4453_4,Negative
4454_2,Negative
4455_4,Negative
4456_2,Negative
4457_3,Negative
4458_4,Negative
4459_4,Negative
445_3,Negative
4460_2,Negative
4461_4,Negative
4462_2,Negative
4463_2,Negative
4464_3,Negative
4465_4,Negative
4466_4,Negative
4467_4,Negative
4468_4,Negative
4469_3,Negative
446_1,Negative
4470_4,Negative
4471_4,Positive
4472_4,Negative
4473_2,Negative
4474_1,Negative
4475_1,Negative
4476_4,Negative
4477_1,Negative
4478_4,Negative
4479_4,Negative
447_4,Negative
4480_2,Negative
4481_1,Negative
4482_3,Negative
4483_2,Negative
4484_1,Negative
4485_4,Positive
4486_2,Negative
4487_4,Positive
4488_4,Negative
4489_4,Negative
448_2,Negative
4490_1,Negative
4491_1,Negative
4492_2,Negative
4493_1,Negative
4494_1,Negative
4495_3,Positive
4496_3,Negative
4497_4,Positive
4498_4,Negative
4499_2,Negative
449_3,Negative
44_4,Negative
4500_3,Negative
4501_3,Negative
4502_1,Negative
4503_1,Negative
4504_1,Negative
4505_1,Negative
4506_1,Negative
4507_4,Negative
4508_3,Negative
4509_3,Negative
450_2,Negative
4510_1,Negative
4511_1,Negative
4512_3,Negative
4513_4,Positive
4514_3,Positive
4515_3,Positive
4516_1,Negative
4517_4,Negative
4518_2,Negative
4519_1,Negative
451_2,Negative
4520_2,Negative
4521_4,Positive
4522_1,Negative
4523_1,Negative
4524_1,Negative
4525_1,Negative
4526_1,Negative
4527_1,Negative
4528_3,Negative
4529_1,Negative
452_2,Negative
4530_1,Negative
4531_1,Negative
4532_2,Negative
4533_1,Negative
4534_3,Negative
4535_1,Negative
4536_3,Negative
4537_1,Negative
4538_1,Negative
4539_3,Negative
453_4,Positive
4540_2,Negative
4541_1,Negative
4542_1,Negative
4543_2,Negative
4544_2,Negative
4545_2,Negative
4546_3,Negative
4547_1,Negative
4548_4,Negative
4549_1,Negative
454_1,Negative
4550_3,Positive
4551_1,Negative
4552_1,Negative
4553_2,Negative
4554_3,Negative
4555_3,Negative
4556_2,Negative
4557_3,Negative
4558_1,Negative
4559_3,Negative
455_1,Negative
4560_1,Negative
4561_2,Positive
4562_1,Negative
4563_4,Negative
4564_2,Negative
4565_1,Negative
4566_3,Negative
4567_2,Positive
4568_1,Negative
4569_2,Negative
456_1,Negative
4570_3,Negative
4571_1,Negative
4572_1,Negative
4573_2,Negative
4574_3,Negative
4575_3,Negative
4576_1,Negative
4577_1,Negative
4578_4,Negative
4579_4,Negative
457_2,Negative
4580_3,Negative
4581_3,Negative
4582_1,Positive
4583_4,Negative
4584_2,Positive
4585_2,Negative
4586_3,Negative
4587_1,Negative
4588_1,Negative
4589_4,Negative
458_4,Negative
4590_3,Negative
4591_2,Negative
4592_1,Negative
4593_1,Negative
4594_1,Negative
4595_3,Negative
4596_3,Negative
4597_3,Negative
4598_4,Negative
4599_4,Negative
459_4,Positive
45_2,Negative
4600_3,Negative
4601_4,Negative
4602_4,Negative
4603_3,Positive
4604_4,Negative
4605_4,Positive
4606_1,Negative
4607_4,Negative
4608_2,Negative
4609_2,Negative
460_1,Negative
4610_1,Negative
4611_3,Negative
4612_1,Negative
4613_2,Negative
4614_3,Positive
4615_4,Positive
4616_1,Negative
4617_1,Negative
4618_1,Negative
4619_4,Negative
461_1,Negative
4620_3,Negative
4621_1,Negative
4622_1,Negative
4623_4,Negative
4624_4,Negative
4625_2,Negative
4626_1,Negative
4627_4,Negative
4628_3,Negative
4629_2,Negative
462_4,Negative
4630_1,Negative
4631_1,Negative
4632_4,Negative
4633_3,Negative
4634_1,Negative
4635_4,Negative
4636_3,Negative
4637_2,Negative
4638_4,Negative
4639_3,Negative
463_1,Negative
4640_4,Positive
4641_3,Negative
4642_2,Negative
4643_2,Negative
4644_2,Negative
4645_2,Negative
4646_4,Negative
4647_4,Negative
4648_2,Negative
4649_1,Negative
464_4,Negative
4650_4,Negative
4651_4,Negative
4652_4,Negative
4653_2,Negative
4654_2,Negative
4655_1,Negative
4656_4,Negative
4657_3,Negative
4658_4,Negative
4659_1,Negative
465_4,Negative
4660_4,Positive
4661_3,Positive
4662_1,Negative
4663_2,Negative
4664_1,Negative
4665_1,Negative
4666_1,Negative
4667_1,Negative
4668_1,Negative
4669_2,Negative
466_1,Negative
4670_3,Negative
4671_3,Negative
4672_1,Negative
4673_4,Negative
4674_2,Negative
4675_1,Negative
4676_1,Negative
4677_4,Negative
4678_2,Negative
4679_1,Negative
467_3,Negative
4680_1,Negative
4681_1,Negative
4682_1,Negative
4683_1,Positive
4684_2,Negative
4685_2,Negative
4686_1,Negative
4687_1,Negative
4688_3,Negative
4689_1,Negative
468_1,Negative
4690_4,Negative
4691_1,Negative
4692_3,Negative
4693_1,Negative
4694_4,Negative
4695_2,Negative
4696_2,Negative
4697_3,Positive
4698_1,Negative
4699_1,Negative
469_2,Positive
46_2,Negative
4700_2,Negative
4701_3,Negative
4702_4,Negative
4703_3,Negative
4704_2,Negative
4705_4,Negative
4706_1,Negative
4707_4,Negative
4708_3,Negative
4709_1,Negative
470_4,Negative
4710_2,Negative
4711_1,Negative
4712_1,Negative
4713_1,Negative
4714_1,Negative
4715_1,Negative
4716_1,Negative
4717_1,Negative
4718_1,Negative
4719_1,Negative
471_3,Negative
4720_3,Negative
4721_3,Negative
4722_2,Negative
4723_4,Negative
4724_3,Negative
4725_2,Negative
4726_4,Positive
4727_1,Negative
4728_1,Negative
4729_1,Negative
472_4,Negative
4730_1,Negative
4731_1,Negative
4732_2,Negative
4733_1,Negative
4734_1,Negative
4735_1,Negative
4736_1,Negative
4737_3,Negative
4738_1,Negative
4739_4,Negative
473_1,Negative
4740_1,Negative
4741_1,Negative
4742_1,Negative
4743_4,Negative
4744_1,Negative
4745_1,Negative
4746_1,Negative
4747_2,Negative
4748_1,Negative
4749_3,Negative
474_4,Negative
4750_2,Negative
4751_2,Negative
4752_1,Negative
4753_1,Negative
4754_1,Negative
4755_2,Negative
4756_4,Negative
4757_2,Negative
4758_4,Negative
4759_4,Negative
475_1,Negative
4760_4,Negative
4761_2,Negative
4762_3,Negative
4763_1,Negative
4764_1,Negative
4765_3,Negative
4766_1,Positive
4767_3,Negative
4768_2,Negative
4769_1,Negative
476_1,Negative
4770_1,Negative
4771_1,Negative
4772_1,Negative
4773_1,Negative
4774_2,Negative
4775_2,Negative
4776_2,Negative
4777_1,Negative
4778_4,Negative
4779_1,Negative
477_2,Negative
4780_1,Negative
4781_1,Negative
4782_1,Negative
4783_1,Negative
4784_1,Negative
4785_1,Negative
4786_4,Negative
4787_3,Positive
4788_1,Positive
4789_4,Positive
478_3,Negative
4790_1,Negative
4791_1,Negative
4792_2,Negative
4793_1,Negative
4794_1,Negative
4795_1,Negative
4796_2,Negative
4797_1,Negative
4798_2,Negative
4799_2,Negative
479_3,Negative
47_2,Negative
4800_1,Negative
4801_2,Negative
4802_1,Negative
4803_4,Negative
4804_2,Negative
4805_4,Positive
4806_4,Positive
4807_4,Negative
4808_4,Negative
4809_3,Negative
480_3,Negative
4810_3,Negative
4811_1,Negative
4812_1,Negative
4813_1,Negative
4814_2,Negative
4815_1,Negative
4816_1,Negative
4817_1,Negative
4818_1,Negative
4819_2,Negative
481_2,Negative
4820_4,Negative
4821_2,Negative
4822_1,Negative
4823_1,Negative
4824_1,Negative
4825_1,Negative
4826_1,Negative
4827_1,Negative
4828_4,Negative
4829_3,Negative
482_1,Negative
4830_1,Negative
4831_1,Negative
4832_1,Negative
4833_1,Negative
4834_2,Negative
4835_1,Negative
4836_1,Negative
4837_4,Positive
4838_2,Negative
4839_1,Negative
483_2,Negative
4840_1,Positive
4841_3,Positive
4842_1,Negative
4843_1,Negative
4844_1,Negative
4845_1,Negative
4846_1,Negative
4847_1,Positive
4848_3,Positive
4849_3,Negative
484_1,Negative
4850_4,Negative
4851_4,Positive
4852_3,Negative
4853_2,Negative
4854_2,Negative
4855_2,Positive
4856_4,Positive
4857_1,Negative
4858_3,Negative
4859_1,Negative
485_4,Negative
4860_1,Negative
4861_1,Negative
4862_1,Negative
4863_3,Negative
4864_4,Negative
4865_1,Negative
4866_3,Negative
4867_4,Negative
4868_4,Negative
4869_2,Negative
486_4,Negative
4870_2,Positive
4871_4,Negative
4872_3,Negative
4873_3,Negative
4874_1,Negative
4875_3,Negative
4876_2,Negative
4877_1,Negative
4878_1,Negative
4879_4,Negative
487_3,Negative
4880_1,Negative
4881_3,Negative
4882_3,Negative
4883_3,Negative
4884_4,Negative
4885_3,Negative
4886_3,Negative
4887_3,Negative
4888_2,Negative
4889_4,Positive
488_4,Negative
4890_3,Positive
4891_3,Negative
4892_1,Negative
4893_1,Negative
4894_3,Negative
4895_1,Negative
4896_2,Negative
4897_2,Negative
4898_4,Positive
4899_3,Negative
489_1,Negative
48_4,Negative
4900_1,Negative
4901_4,Negative
4902_4,Negative
4903_3,Negative
4904_1,Negative
4905_3,Negative
4906_1,Negative
4907_1,Negative
4908_3,Negative
4909_3,Negative
490_2,Positive
4910_3,Positive
4911_2,Negative
4912_2,Negative
4913_1,Negative
4914_2,Negative
4915_2,Negative
4916_4,Negative
4917_4,Negative
4918_3,Negative
4919_4,Negative
491_2,Negative
4920_1,Negative
4921_2,Negative
4922_1,Negative
4923_3,Positive
4924_4,Positive
4925_3,Negative
4926_1,Negative
4927_1,Negative
4928_1,Negative
4929_1,Negative
492_1,Negative
4930_1,Negative
4931_1,Negative
4932_3,Negative
4933_4,Negative
4934_2,Negative
4935_2,Negative
4936_2,Negative
4937_4,Negative
4938_1,Negative
4939_2,Negative
493_1,Negative
4940_3,Negative
4941_2,Negative
4942_2,Negative
4943_2,Negative
4944_1,Negative
4945_3,Negative
4946_1,Negative
4947_1,Negative
4948_2,Negative
4949_2,Negative
494_2,Negative
4950_1,Negative
4951_3,Negative
4952_3,Negative
4953_2,Negative
4954_3,Positive
4955_4,Negative
4956_1,Negative
4957_2,Negative
4958_3,Negative
4959_4,Negative
495_2,Negative
4960_3,Negative
4961_2,Negative
4962_4,Negative
4963_4,Negative
4964_1,Negative
4965_3,Negative
4966_4,Negative
4967_3,Negative
4968_4,Negative
4969_2,Negative
496_3,Negative
4970_3,Negative
4971_1,Negative
4972_1,Negative
4973_4,Negative
4974_1,Negative
4975_3,Negative
4976_1,Negative
4977_4,Negative
4978_1,Negative
4979_1,Negative
497_2,Negative
4980_1,Negative
4981_1,Negative
4982_3,Negative
4983_1,Negative
4984_4,Positive
4985_4,Negative
4986_3,Negative
4987_4,Negative
4988_1,Negative
4989_2,Negative
498_1,Negative
4990_4,Negative
4991_3,Negative
4992_1,Negative
4993_3,Negative
4994_1,Negative
4995_1,Negative
4996_2,Negative
4997_1,Negative
4998_1,Negative
4999_3,Negative
499_2,Negative
49_4,Negative
4_4,Negative
5000_4,Negative
5001_1,Negative
5002_1,Negative
5003_1,Negative
5004_1,Positive
5005_1,Negative
5006_4,Negative
5007_4,Negative
5008_4,Negative
5009_1,Negative
500_1,Negative
5010_1,Negative
5011_4,Negative
5012_3,Negative
5013_1,Negative
5014_1,Negative
5015_1,Negative
5016_2,Negative
5017_4,Negative
5018_3,Negative
5019_1,Negative
501_1,Negative
5020_2,Negative
5021_1,Negative
5022_1,Negative
5023_4,Negative
5024_1,Negative
5025_3,Negative
5026_3,Negative
5027_1,Negative
5028_4,Negative
5029_3,Negative
502_4,Positive
5030_4,Negative
5031_3,Negative
5032_1,Negative
5033_1,Negative
5034_1,Positive
5035_1,Negative
5036_4,Negative
5037_2,Negative
5038_4,Negative
5039_3,Negative
503_2,Negative
5040_1,Negative
5041_1,Negative
5042_1,Negative
5043_2,Negative
5044_3,Negative
5045_2,Negative
5046_1,Negative
5047_3,Negative
5048_4,Negative
5049_4,Negative
504_1,Negative
5050_2,Negative
5051_4,Positive
5052_3,Negative
5053_4,Negative
5054_3,Negative
5055_2,Negative
5056_4,Negative
5057_1,Negative
5058_3,Negative
5059_4,Negative
505_1,Negative
5060_3,Negative
5061_4,Negative
5062_1,Negative
5063_2,Negative
5064_3,Negative
5065_3,Negative
5066_1,Negative
5067_2,Negative
5068_3,Negative
5069_3,Negative
506_2,Negative
5070_2,Negative
5071_2,Negative
5072_1,Positive
5073_4,Positive
5074_3,Negative
5075_4,Negative
5076_1,Negative
5077_3,Negative
5078_2,Negative
5079_2,Negative
507_1,Negative
5080_2,Negative
5081_2,Negative
5082_1,Negative
5083_4,Negative
5084_4,Negative
5085_2,Negative
5086_4,Negative
5087_1,Negative
5088_1,Negative
5089_2,Negative
508_4,Negative
5090_1,Negative
5091_1,Negative
5092_1,Negative
5093_4,Negative
5094_3,Negative
5095_3,Negative
5096_3,Negative
5097_4,Negative
5098_1,Negative
5099_4,Negative
509_3,Negative
50_3,Negative
5100_4,Negative
5101_4,Negative
5102_3,Positive
5103_1,Negative
5104_3,Positive
5105_3,Negative
5106_1,Negative
5107_4,Negative
5108_2,Negative
5109_4,Negative
510_2,Negative
5110_4,Negative
5111_4,Negative
5112_4,Negative
5113_4,Negative
5114_3,Negative
5115_3,Negative
5116_2,Negative
5117_1,Negative
5118_4,Negative
5119_2,Negative
511_3,Negative
5120_2,Negative
5121_1,Negative
5122_1,Negative
5123_4,Positive
5124_4,Negative
5125_1,Negative
5126_4,Positive
5127_2,Negative
5128_1,Negative
5129_4,Negative
512_2,Negative
5130_1,Negative
5131_3,Negative
5132_1,Negative
5133_1,Negative
5134_3,Negative
5135_2,Negative
5136_2,Negative
5137_1,Negative
5138_2,Negative
5139_3,Negative
513_1,Negative
5140_2,Negative
5141_1,Negative
5142_1,Negative
5143_2,Negative
5144_1,Negative
5145_4,Negative
5146_3,Negative
5147_1,Negative
5148_2,Negative
5149_3,Negative
514_3,Negative
5150_3,Negative
5151_4,Negative
5152_4,Negative
5153_4,Negative
5154_3,Positive
5155_3,Negative
5156_4,Positive
5157_4,Negative
5158_1,Negative
5159_3,Negative
515_1,Negative
5160_3,Negative
5161_1,Negative
5162_1,Negative
5163_1,Negative
5164_4,Negative
5165_2,Negative
5166_1,Negative
5167_2,Negative
5168_1,Negative
5169_1,Negative
516_1,Negative
5170_1,Negative
5171_4,Negative
5172_1,Negative
5173_2,Negative
5174_1,Negative
5175_1,Negative
5176_1,Negative
5177_1,Negative
5178_3,Negative
5179_4,Negative
517_1,Negative
5180_1,Negative
5181_1,Negative
5182_3,Negative
5183_1,Negative
5184_1,Negative
5185_1,Negative
5186_1,Negative
5187_1,Negative
5188_2,Negative
5189_1,Negative
518_4,Negative
5190_4,Negative
5191_1,Negative
5192_2,Negative
5193_1,Negative
5194_1,Negative
5195_4,Positive
5196_4,Negative
5197_4,Positive
5198_1,Negative
5199_3,Negative
519_1,Negative
51_4,Negative
5200_1,Negative
5201_3,Negative
5202_1,Negative
5203_1,Negative
5204_1,Negative
5205_2,Negative
5206_3,Negative
5207_3,Negative
5208_3,Negative
5209_4,Negative
520_2,Negative
5210_4,Negative
5211_1,Negative
5212_4,Negative
5213_4,Negative
5214_1,Negative
5215_1,Negative
5216_1,Negative
5217_1,Negative
5218_1,Negative
5219_1,Negative
521_1,Negative
5220_1,Negative
5221_1,Negative
5222_2,Negative
5223_1,Negative
5224_1,Negative
5225_1,Negative
5226_1,Negative
5227_3,Negative
5228_4,Negative
5229_3,Negative
522_2,Negative
5230_4,Negative
5231_1,Negative
5232_2,Negative
5233_1,Negative
5234_1,Negative
5235_4,Negative
5236_1,Negative
5237_2,Negative
5238_2,Negative
5239_2,Negative
523_1,Negative
5240_1,Negative
5241_1,Negative
5242_1,Negative
5243_1,Negative
5244_3,Negative
5245_1,Negative
5246_2,Negative
5247_1,Negative
5248_1,Positive
5249_1,Negative
524_1,Negative
5250_1,Negative
5251_2,Negative
5252_4,Negative
5253_4,Negative
5254_3,Negative
5255_1,Positive
5256_3,Positive
5257_1,Negative
5258_1,Negative
5259_4,Negative
525_3,Negative
5260_4,Negative
5261_3,Negative
5262_2,Negative
5263_1,Negative
5264_2,Negative
5265_3,Negative
5266_4,Negative
5267_4,Negative
5268_4,Negative
5269_1,Negative
526_3,Negative
5270_1,Negative
5271_2,Negative
5272_3,Negative
5273_3,Negative
5274_1,Negative
5275_1,Positive
5276_4,Negative
5277_3,Negative
5278_1,Negative
5279_1,Negative
527_2,Positive
5280_4,Negative
5281_1,Negative
5282_1,Negative
5283_2,Negative
5284_2,Negative
5285_2,Negative
5286_1,Negative
5287_1,Negative
5288_3,Negative
5289_1,Positive
528_1,Negative
5290_2,Negative
5291_1,Negative
5292_3,Positive
5293_4,Negative
5294_1,Negative
5295_1,Negative
5296_2,Negative
5297_4,Negative
5298_1,Negative
5299_2,Negative
529_1,Negative
52_4,Positive
5300_1,Negative
5301_4,Negative
5302_1,Negative
5303_1,Negative
5304_1,Negative
5305_3,Negative
5306_1,Negative
5307_1,Negative
5308_3,Negative
5309_1,Negative
530_2,Negative
5310_2,Negative
5311_3,Negative
5312_4,Negative
5313_4,Negative
5314_2,Negative
5315_4,Negative
5316_2,Negative
5317_4,Negative
5318_2,Negative
5319_4,Positive
531_2,Negative
5320_4,Negative
5321_4,Negative
5322_4,Negative
5323_4,Negative
5324_3,Negative
5325_4,Negative
5326_2,Negative
5327_1,Negative
5328_4,Negative
5329_1,Negative
532_3,Negative
5330_4,Negative
5331_4,Negative
5332_2,Negative
5333_3,Negative
5334_1,Negative
5335_4,Positive
5336_4,Negative
5337_3,Negative
5338_4,Negative
5339_1,Negative
533_1,Negative
5340_3,Negative
5341_4,Negative
5342_4,Negative
5343_4,Negative
5344_3,Negative
5345_2,Negative
5346_3,Negative
5347_3,Positive
5348_2,Negative
5349_1,Negative
534_4,Positive
5350_1,Negative
5351_4,Positive
5352_1,Negative
5353_4,Negative
5354_4,Negative
5355_1,Negative
5356_3,Negative
5357_2,Negative
5358_1,Negative
5359_3,Negative
535_4,Negative
5360_3,Negative
5361_4,Negative
5362_2,Negative
5363_3,Negative
5364_3,Negative
5365_1,Negative
5366_1,Negative
5367_1,Negative
5368_4,Negative
5369_3,Negative
536_3,Negative
5370_2,Negative
5371_1,Negative
5372_1,Negative
5373_1,Negative
5374_1,Negative
5375_1,Negative
5376_2,Negative
5377_3,Negative
5378_2,Negative
5379_2,Negative
537_2,Negative
5380_1,Negative
5381_1,Negative
5382_4,Negative
5383_3,Negative
5384_2,Negative
5385_1,Negative
5386_3,Negative
5387_1,Negative
5388_3,Negative
5389_4,Positive
538_4,Negative
5390_2,Negative
5391_1,Negative
5392_4,Negative
5393_1,Negative
5394_1,Negative
5395_1,Negative
5396_1,Negative
5397_3,Negative
5398_2,Negative
5399_1,Negative
539_3,Negative
53_4,Negative
5400_2,Negative
5401_1,Negative
5402_2,Negative
5403_1,Negative
5404_1,Negative
5405_2,Negative
5406_1,Negative
5407_1,Negative
5408_1,Negative
5409_1,Negative
540_1,Negative
5410_1,Negative
5411_1,Negative
5412_1,Negative
5413_1,Negative
5414_1,Negative
5415_2,Negative
5416_1,Negative
5417_1,Negative
5418_1,Negative
5419_1,Negative
541_1,Negative
5420_4,Negative
5421_1,Negative
5422_4,Negative
5423_2,Negative
5424_2,Negative
5425_1,Negative
5426_1,Negative
5427_2,Negative
5428_3,Negative
5429_2,Negative
542_4,Positive
5430_3,Positive
5431_2,Negative
5432_3,Negative
5433_1,Negative
5434_1,Negative
5435_1,Negative
5436_2,Negative
5437_1,Negative
5438_3,Negative
5439_1,Negative
543_4,Negative
5440_1,Negative
5441_1,Negative
5442_2,Negative
5443_1,Negative
5444_2,Negative
5445_2,Negative
5446_3,Negative
5447_3,Negative
5448_4,Negative
5449_4,Negative
544_4,Positive
5450_4,Negative
5451_3,Negative
5452_4,Negative
5453_3,Positive
5454_4,Negative
5455_4,Negative
5456_3,Negative
5457_3,Negative
5458_4,Negative
5459_1,Negative
545_4,Negative
5460_4,Negative
5461_2,Negative
5462_2,Negative
5463_1,Negative
5464_1,Negative
5465_4,Negative
5466_2,Negative
5467_2,Negative
5468_3,Negative
5469_4,Negative
546_3,Negative
5470_1,Negative
5471_2,Negative
5472_2,Negative
5473_3,Negative
5474_3,Negative
5475_2,Negative
5476_1,Negative
5477_2,Negative
5478_3,Negative
5479_1,Positive
547_4,Negative
5480_1,Negative
5481_1,Negative
5482_2,Negative
5483_2,Negative
5484_1,Negative
5485_4,Negative
5486_4,Negative
5487_4,Negative
5488_2,Negative
5489_2,Negative
548_4,Negative
5490_4,Negative
5491_4,Positive
5492_1,Negative
5493_3,Negative
5494_3,Negative
5495_4,Negative
5496_1,Negative
5497_1,Negative
5498_1,Negative
5499_2,Negative
549_3,Positive
54_3,Negative
5500_3,Negative
5501_3,Negative
5502_1,Negative
5503_4,Negative
5504_1,Negative
5505_3,Negative
5506_4,Negative
5507_4,Negative
5508_2,Negative
5509_3,Negative
550_3,Negative
5510_1,Negative
5511_1,Negative
5512_3,Negative
5513_1,Negative
5514_3,Negative
5515_3,Negative
5516_3,Negative
5517_2,Negative
5518_4,Positive
5519_1,Positive
551_4,Negative
5520_4,Positive
5521_4,Positive
5522_3,Negative
5523_2,Negative
5524_1,Negative
5525_1,Negative
5526_4,Negative
5527_4,Negative
5528_3,Negative
5529_4,Positive
552_2,Negative
5530_3,Negative
5531_2,Negative
5532_4,Negative
5533_1,Negative
5534_1,Negative
5535_1,Negative
5536_1,Negative
5537_1,Negative
5538_3,Negative
5539_1,Negative
553_1,Negative
5540_2,Negative
5541_3,Negative
5542_2,Negative
5543_1,Negative
5544_3,Negative
5545_4,Negative
5546_4,Negative
5547_1,Negative
5548_1,Negative
5549_3,Negative
554_4,Negative
5550_3,Negative
5551_3,Negative
5552_2,Negative
5553_1,Negative
5554_4,Negative
5555_4,Negative
5556_2,Negative
5557_3,Negative
5558_2,Negative
5559_3,Negative
555_4,Negative
5560_3,Negative
5561_1,Negative
5562_2,Negative
5563_1,Negative
5564_1,Negative
5565_1,Negative
5566_3,Negative
5567_3,Negative
5568_1,Negative
5569_4,Negative
556_1,Negative
5570_2,Negative
5571_1,Negative
5572_1,Negative
5573_1,Negative
5574_1,Negative
5575_1,Negative
5576_1,Negative
5577_1,Negative
5578_1,Negative
5579_3,Negative
557_4,Negative
5580_1,Negative
5581_2,Negative
5582_1,Negative
5583_1,Negative
5584_1,Negative
5585_1,Negative
5586_1,Negative
5587_3,Negative
5588_2,Negative
5589_1,Negative
558_2,Negative
5590_4,Negative
5591_4,Negative
5592_2,Negative
5593_2,Negative
5594_4,Negative
5595_4,Negative
5596_1,Negative
5597_3,Negative
5598_1,Negative
5599_2,Negative
559_4,Negative
55_4,Negative
5600_1,Negative
5601_1,Negative
5602_1,Negative
5603_2,Negative
5604_1,Negative
5605_1,Negative
5606_3,Negative
5607_3,Negative
5608_3,Negative
5609_4,Negative
560_3,Negative
5610_1,Negative
5611_1,Negative
5612_4,Negative
5613_2,Negative
5614_4,Negative
5615_1,Negative
5616_3,Negative
5617_2,Negative
5618_4,Negative
5619_3,Negative
561_1,Negative
5620_1,Negative
5621_1,Negative
5622_4,Negative
5623_4,Negative
5624_3,Negative
5625_2,Negative
5626_3,Negative
5627_3,Negative
5628_1,Negative
5629_1,Negative
562_1,Negative
5630_2,Negative
5631_2,Negative
5632_1,Negative
5633_2,Negative
5634_4,Negative
5635_4,Negative
5636_3,Positive
5637_2,Negative
5638_2,Negative
5639_1,Negative
563_4,Positive
5640_3,Negative
5641_1,Negative
5642_1,Negative
5643_3,Negative
5644_1,Negative
5645_3,Negative
5646_1,Negative
5647_2,Negative
5648_1,Negative
5649_1,Negative
564_4,Positive
5650_2,Negative
5651_2,Negative
5652_1,Negative
5653_3,Negative
5654_1,Negative
5655_1,Negative
5656_4,Negative
5657_1,Negative
5658_1,Negative
5659_1,Negative
565_2,Positive
5660_1,Negative
5661_4,Negative
5662_1,Negative
5663_1,Negative
5664_1,Negative
5665_2,Negative
5666_1,Negative
5667_1,Negative
5668_1,Negative
5669_1,Negative
566_3,Positive
5670_1,Negative
5671_3,Negative
5672_1,Negative
5673_1,Negative
5674_1,Negative
5675_2,Negative
5676_1,Negative
5677_2,Negative
5678_2,Negative
5679_1,Negative
567_3,Positive
5680_2,Negative
5681_2,Negative
5682_1,Positive
5683_1,Negative
5684_1,Negative
5685_1,Negative
5686_2,Negative
5687_1,Negative
5688_1,Negative
5689_1,Negative
568_4,Negative
5690_2,Negative
5691_1,Negative
5692_2,Negative
5693_1,Negative
5694_4,Negative
5695_1,Negative
5696_2,Negative
5697_3,Negative
5698_1,Negative
5699_1,Negative
569_4,Negative
56_3,Negative
5700_1,Negative
5701_2,Negative
5702_3,Negative
5703_3,Negative
5704_4,Negative
5705_1,Negative
5706_4,Negative
5707_1,Negative
5708_4,Negative
5709_3,Negative
570_1,Negative
5710_3,Negative
5711_4,Negative
5712_2,Negative
5713_2,Negative
5714_4,Negative
5715_3,Negative
5716_2,Negative
5717_1,Negative
5718_2,Positive
5719_2,Negative
571_1,Negative
5720_1,Negative
5721_4,Negative
5722_3,Negative
5723_2,Negative
5724_3,Negative
5725_4,Negative
5726_4,Negative
5727_3,Negative
5728_1,Negative
5729_4,Negative
572_3,Negative
5730_3,Negative
5731_4,Negative
5732_4,Negative
5733_4,Negative
5734_1,Negative
5735_1,Negative
5736_1,Negative
5737_3,Negative
5738_4,Negative
5739_4,Negative
573_3,Negative
5740_4,Negative
5741_2,Negative
5742_3,Negative
5743_2,Negative
5744_3,Negative
5745_4,Negative
5746_4,Negative
5747_1,Negative
5748_1,Negative
5749_4,Negative
574_4,Negative
5750_2,Negative
5751_3,Positive
5752_2,Negative
5753_1,Negative
5754_3,Positive
5755_2,Negative
5756_3,Negative
5757_3,Negative
5758_3,Negative
5759_3,Negative
575_4,Negative
5760_2,Negative
5761_3,Negative
5762_1,Negative
5763_4,Negative
5764_4,Negative
5765_4,Negative
5766_1,Negative
5767_3,Negative
5768_3,Negative
5769_1,Negative
576_4,Negative
5770_1,Negative
5771_3,Negative
5772_2,Negative
5773_3,Negative
5774_1,Negative
5775_3,Negative
5776_1,Negative
5777_1,Negative
5778_4,Negative
5779_1,Negative
577_3,Negative
5780_2,Negative
5781_1,Negative
5782_1,Negative
5783_3,Negative
5784_3,Negative
5785_3,Negative
5786_3,Negative
5787_3,Negative
5788_4,Negative
5789_1,Negative
578_2,Negative
5790_4,Negative
5791_4,Negative
5792_1,Negative
5793_4,Negative
5794_4,Negative
5795_1,Negative
5796_1,Negative
5797_3,Negative
5798_1,Negative
5799_3,Negative
579_1,Negative
57_4,Negative
5800_2,Negative
5801_2,Negative
5802_4,Negative
5803_2,Negative
5804_3,Negative
5805_2,Negative
5806_3,Negative
5807_1,Negative
5808_1,Negative
5809_1,Negative
580_3,Negative
5810_1,Negative
5811_4,Positive
5812_4,Negative
5813_4,Negative
5814_1,Negative
5815_1,Negative
5816_1,Negative
5817_1,Negative
5818_3,Negative
5819_2,Negative
581_4,Negative
5820_1,Negative
5821_3,Negative
5822_1,Negative
5823_3,Negative
5824_4,Negative
5825_4,Negative
5826_3,Negative
5827_4,Positive
5828_4,Positive
5829_2,Negative
582_4,Negative
5830_3,Negative
5831_2,Negative
5832_1,Negative
5833_1,Negative
5834_2,Negative
5835_4,Negative
5836_2,Negative
5837_1,Negative
5838_2,Negative
5839_4,Negative
583_2,Negative
5840_2,Negative
5841_1,Negative
5842_3,Negative
5843_1,Negative
5844_3,Negative
5845_4,Negative
5846_4,Negative
5847_1,Negative
5848_4,Negative
5849_4,Negative
584_3,Negative
5850_2,Negative
5851_4,Negative
5852_1,Negative
5853_1,Negative
5854_4,Negative
5855_4,Negative
5856_1,Negative
5857_1,Negative
5858_1,Negative
5859_1,Negative
585_1,Positive
5860_1,Negative
5861_1,Negative
5862_1,Negative
5863_1,Negative
5864_1,Positive
5865_1,Negative
5866_1,Negative
5867_2,Negative
5868_1,Negative
5869_1,Negative
586_2,Negative
5870_1,Negative
5871_2,Negative
5872_1,Negative
5873_3,Positive
5874_2,Negative
5875_3,Negative
5876_1,Negative
5877_4,Negative
5878_3,Negative
5879_3,Negative
587_3,Negative
5880_1,Negative
5881_1,Negative
5882_4,Negative
5883_2,Negative
5884_3,Negative
5885_4,Negative
5886_1,Negative
5887_1,Negative
5888_3,Negative
5889_3,Negative
588_2,Negative
5890_3,Negative
5891_3,Negative
5892_3,Negative
5893_1,Negative
5894_3,Negative
5895_3,Negative
5896_1,Negative
5897_3,Negative
5898_3,Negative
5899_1,Negative
589_2,Negative
58_3,Negative
5900_1,Negative
5901_3,Positive
5902_2,Negative
5903_1,Negative
5904_3,Negative
5905_2,Negative
5906_2,Negative
5907_1,Negative
5908_4,Negative
5909_1,Negative
590_1,Negative
5910_2,Negative
5911_3,Negative
5912_4,Negative
5913_1,Negative
5914_4,Negative
5915_4,Positive
5916_1,Negative
5917_2,Negative
5918_4,Negative
5919_4,Negative
591_1,Negative
5920_2,Negative
5921_3,Negative
5922_1,Negative
5923_3,Negative
5924_1,Positive
5925_1,Negative
5926_2,Negative
5927_2,Negative
5928_4,Positive
5929_4,Negative
592_3,Negative
5930_3,Negative
5931_3,Negative
5932_1,Positive
5933_1,Negative
5934_3,Negative
5935_1,Negative
5936_3,Negative
5937_4,Negative
5938_2,Negative
5939_1,Negative
593_1,Negative
5940_1,Negative
5941_1,Negative
5942_4,Positive
5943_4,Negative
5944_4,Negative
5945_2,Negative
5946_1,Negative
5947_1,Positive
5948_2,Negative
5949_4,Negative
594_1,Negative
5950_4,Negative
5951_2,Negative
5952_1,Negative
5953_1,Negative
5954_2,Negative
5955_2,Negative
5956_1,Negative
5957_1,Negative
5958_1,Negative
5959_3,Negative
595_1,Negative
5960_1,Negative
5961_3,Negative
5962_3,Negative
5963_2,Negative
5964_3,Negative
5965_1,Negative
5966_4,Negative
5967_4,Positive
5968_1,Negative
5969_1,Negative
596_1,Negative
5970_4,Negative
5971_4,Negative
5972_3,Negative
5973_3,Negative
5974_2,Negative
5975_3,Negative
5976_2,Negative
5977_1,Negative
5978_2,Negative
5979_2,Negative
597_4,Negative
5980_2,Negative
5981_3,Negative
5982_1,Negative
5983_1,Negative
5984_2,Negative
5985_2,Negative
5986_2,Positive
5987_1,Negative
5988_3,Negative
5989_4,Negative
598_1,Negative
5990_1,Negative
5991_2,Negative
5992_2,Negative
5993_1,Negative
5994_3,Negative
5995_3,Negative
5996_3,Negative
5997_3,Negative
5998_3,Negative
5999_1,Negative
599_1,Negative
59_3,Negative
5_4,Negative
6000_4,Negative
6001_3,Negative
6002_3,Negative
6003_4,Negative
6004_3,Negative
6005_1,Negative
6006_4,Negative
6007_1,Negative
6008_2,Negative
6009_1,Negative
600_1,Negative
6010_3,Negative
6011_3,Negative
6012_3,Negative
6013_3,Negative
6014_4,Negative
6015_1,Negative
6016_1,Negative
6017_4,Negative
6018_2,Negative
6019_1,Positive
601_3,Negative
6020_4,Negative
6021_4,Negative
6022_3,Negative
6023_3,Negative
6024_1,Negative
6025_4,Negative
6026_3,Positive
6027_4,Negative
6028_1,Negative
6029_1,Negative
602_1,Negative
6030_3,Negative
6031_3,Negative
6032_3,Negative
6033_1,Negative
6034_4,Negative
6035_3,Negative
6036_3,Negative
6037_4,Negative
6038_3,Negative
6039_1,Negative
603_4,Negative
6040_4,Negative
6041_3,Negative
6042_2,Negative
6043_3,Negative
6044_1,Negative
6045_3,Negative
6046_2,Negative
6047_4,Negative
6048_1,Negative
6049_4,Negative
604_3,Negative
6050_2,Negative
6051_2,Negative
6052_4,Negative
6053_3,Negative
6054_1,Negative
6055_1,Negative
6056_1,Negative
6057_2,Negative
6058_1,Negative
6059_1,Negative
605_4,Negative
6060_2,Negative
6061_4,Negative
6062_2,Negative
6063_3,Negative
6064_1,Negative
6065_4,Positive
6066_4,Negative
6067_1,Negative
6068_2,Negative
6069_3,Negative
606_1,Negative
6070_3,Negative
6071_3,Negative
6072_3,Negative
6073_4,Negative
6074_3,Negative
6075_1,Negative
6076_2,Negative
6077_2,Positive
6078_2,Negative
6079_4,Negative
607_1,Negative
6080_4,Negative
6081_4,Negative
6082_3,Negative
6083_1,Negative
6084_4,Negative
6085_1,Negative
6086_1,Negative
6087_4,Positive
6088_1,Negative
6089_3,Negative
608_1,Negative
6090_1,Negative
6091_3,Negative
6092_1,Negative
6093_1,Negative
6094_4,Negative
6095_3,Negative
6096_3,Negative
6097_1,Negative
6098_2,Negative
6099_4,Negative
609_1,Negative
60_1,Negative
6100_1,Negative
6101_1,Negative
6102_1,Negative
6103_1,Positive
6104_1,Negative
6105_1,Negative
6106_3,Negative
6107_1,Positive
6108_1,Negative
6109_2,Positive
610_1,Negative
6110_4,Positive
6111_3,Negative
6112_1,Negative
6113_1,Negative
6114_2,Negative
6115_2,Negative
6116_2,Negative
6117_1,Negative
6118_4,Negative
6119_2,Negative
611_1,Negative
6120_2,Negative
6121_1,Negative
6122_1,Positive
6123_3,Negative
6124_3,Negative
6125_1,Negative
6126_4,Negative
6127_2,Negative
6128_3,Negative
6129_1,Negative
612_3,Negative
6130_4,Negative
6131_1,Negative
6132_1,Negative
6133_1,Negative
6134_2,Negative
6135_4,Positive
6136_4,Negative
6137_3,Negative
6138_4,Negative
6139_2,Negative
613_4,Negative
6140_4,Negative
6141_3,Negative
6142_2,Negative
6143_4,Negative
6144_1,Negative
6145_1,Negative
6146_1,Negative
6147_1,Positive
6148_4,Negative
6149_3,Negative
614_2,Negative
6150_1,Negative
6151_2,Negative
6152_3,Negative
6153_2,Negative
6154_3,Negative
6155_4,Negative
6156_1,Negative
6157_3,Negative
6158_2,Negative
6159_2,Negative
615_3,Negative
6160_1,Negative
6161_2,Negative
6162_2,Negative
6163_2,Negative
6164_1,Negative
6165_2,Negative
6166_4,Negative
6167_1,Negative
6168_2,Negative
6169_4,Negative
616_1,Negative
6170_4,Positive
6171_2,Negative
6172_4,Negative
6173_1,Negative
6174_3,Negative
6175_4,Negative
6176_4,Negative
6177_4,Negative
6178_4,Negative
6179_4,Negative
617_4,Negative
6180_2,Negative
6181_4,Negative
6182_2,Negative
6183_4,Negative
6184_1,Negative
6185_4,Negative
6186_4,Negative
6187_4,Negative
6188_4,Negative
6189_4,Negative
618_1,Negative
6190_1,Positive
6191_3,Negative
6192_3,Negative
6193_1,Positive
6194_1,Negative
6195_1,Negative
6196_2,Negative
6197_4,Positive
6198_4,Negative
6199_1,Negative
619_1,Negative
61_1,Negative
6200_4,Negative
6201_1,Negative
6202_1,Negative
6203_2,Negative
6204_1,Negative
6205_1,Negative
6206_1,Negative
6207_4,Negative
6208_1,Negative
6209_1,Negative
620_2,Negative
6210_2,Negative
6211_3,Negative
6212_1,Negative
6213_2,Negative
6214_4,Negative
6215_1,Negative
6216_1,Negative
6217_1,Negative
6218_1,Negative
6219_1,Negative
621_2,Negative
6220_1,Negative
6221_1,Positive
6222_1,Negative
6223_2,Negative
6224_1,Negative
6225_4,Negative
6226_3,Negative
6227_4,Negative
6228_1,Negative
6229_1,Negative
622_1,Negative
6230_4,Negative
6231_2,Negative
6232_4,Negative
6233_3,Negative
6234_3,Negative
6235_1,Negative
6236_2,Negative
6237_1,Negative
6238_2,Negative
6239_3,Negative
623_2,Negative
6240_1,Negative
6241_3,Negative
6242_3,Negative
6243_1,Negative
6244_1,Negative
6245_2,Negative
6246_4,Negative
6247_3,Negative
6248_2,Negative
6249_3,Negative
624_3,Positive
6250_1,Negative
6251_1,Negative
6252_1,Negative
6253_1,Negative
6254_4,Negative
6255_1,Negative
6256_2,Negative
6257_4,Negative
6258_2,Negative
6259_4,Negative
625_2,Negative
6260_2,Negative
6261_1,Negative
6262_4,Negative
6263_2,Negative
6264_3,Negative
6265_2,Negative
6266_4,Negative
6267_1,Negative
6268_1,Negative
6269_4,Negative
626_4,Positive
6270_3,Negative
6271_4,Negative
6272_1,Positive
6273_1,Negative
6274_1,Negative
6275_1,Negative
6276_1,Negative
6277_1,Negative
6278_4,Negative
6279_4,Negative
627_1,Negative
6280_2,Negative
6281_1,Negative
6282_1,Negative
6283_4,Negative
6284_4,Negative
6285_1,Negative
6286_1,Negative
6287_3,Negative
6288_2,Negative
6289_1,Negative
628_1,Negative
6290_3,Negative
6291_1,Negative
6292_2,Negative
6293_3,Negative
6294_4,Positive
6295_1,Negative
6296_1,Negative
6297_4,Positive
6298_4,Negative
6299_4,Negative
629_4,Negative
62_2,Negative
6300_3,Negative
6301_4,Negative
6302_4,Negative
6303_4,Negative
6304_4,Positive
6305_4,Negative
6306_1,Negative
6307_4,Negative
6308_1,Negative
6309_4,Negative
630_3,Negative
6310_1,Negative
6311_2,Negative
6312_1,Negative
6313_1,Negative
6314_3,Negative
6315_4,Negative
6316_4,Positive
6317_3,Negative
6318_1,Negative
6319_1,Negative
631_4,Negative
6320_2,Negative
6321_4,Negative
6322_4,Negative
6323_4,Negative
6324_3,Negative
6325_3,Negative
6326_4,Negative
6327_2,Negative
6328_1,Negative
6329_1,Negative
632_1,Negative
6330_4,Negative
6331_1,Negative
6332_4,Negative
6333_3,Negative
6334_3,Negative
6335_3,Negative
6336_1,Negative
6337_1,Negative
6338_3,Negative
6339_3,Negative
633_1,Negative
6340_1,Negative
6341_3,Negative
6342_3,Positive
6343_3,Negative
6344_4,Negative
6345_4,Negative
6346_1,Negative
6347_1,Negative
6348_1,Negative
6349_1,Negative
634_1,Negative
6350_1,Negative
6351_4,Negative
6352_1,Positive
6353_1,Negative
6354_2,Negative
6355_1,Negative
6356_1,Negative
6357_2,Negative
6358_4,Negative
6359_3,Negative
635_2,Negative
6360_4,Negative
6361_4,Negative
6362_3,Negative
6363_3,Negative
6364_4,Negative
6365_1,Negative
6366_4,Negative
6367_4,Negative
6368_3,Negative
6369_2,Negative
636_1,Negative
6370_2,Negative
6371_3,Negative
6372_1,Positive
6373_4,Positive
6374_3,Negative
6375_4,Negative
6376_2,Negative
6377_1,Negative
6378_1,Negative
6379_1,Negative
637_3,Negative
6380_4,Negative
6381_1,Negative
6382_1,Negative
6383_3,Negative
6384_3,Negative
6385_3,Negative
6386_4,Negative
6387_3,Negative
6388_3,Negative
6389_2,Negative
638_1,Negative
6390_2,Negative
6391_1,Negative
6392_2,Negative
6393_3,Positive
6394_4,Negative
6395_3,Negative
6396_4,Positive
6397_4,Negative
6398_4,Positive
6399_3,Negative
639_1,Negative
63_1,Negative
6400_2,Negative
6401_1,Negative
6402_2,Negative
6403_3,Negative
6404_1,Negative
6405_3,Negative
6406_4,Negative
6407_1,Negative
6408_2,Negative
6409_2,Negative
640_1,Negative
6410_4,Positive
6411_2,Negative
6412_1,Negative
6413_1,Negative
6414_2,Negative
6415_1,Negative
6416_1,Negative
6417_4,Negative
6418_4,Positive
6419_3,Negative
641_1,Negative
6420_1,Negative
6421_1,Negative
6422_1,Negative
6423_1,Negative
6424_2,Negative
6425_1,Negative
6426_3,Negative
6427_1,Negative
6428_1,Negative
6429_1,Negative
642_2,Negative
6430_3,Negative
6431_1,Negative
6432_1,Negative
6433_1,Negative
6434_2,Negative
6435_2,Negative
6436_1,Negative
6437_1,Negative
6438_1,Negative
6439_1,Negative
643_4,Negative
6440_1,Negative
6441_1,Negative
6442_3,Negative
6443_1,Negative
6444_1,Negative
6445_3,Negative
6446_4,Negative
6447_2,Negative
6448_4,Negative
6449_1,Negative
644_2,Negative
6450_1,Negative
6451_3,Negative
6452_4,Negative
6453_2,Negative
6454_3,Negative
6455_2,Negative
6456_2,Negative
6457_2,Negative
6458_3,Negative
6459_2,Negative
645_1,Negative
6460_4,Positive
6461_2,Positive
6462_2,Negative
6463_4,Negative
6464_4,Negative
6465_4,Negative
6466_1,Negative
6467_1,Negative
6468_1,Negative
6469_4,Negative
646_1,Negative
6470_2,Negative
6471_2,Negative
6472_2,Negative
6473_3,Negative
6474_1,Negative
6475_3,Negative
6476_2,Negative
6477_1,Negative
6478_1,Negative
6479_3,Positive
647_1,Negative
6480_1,Negative
6481_2,Positive
6482_3,Negative
6483_4,Negative
6484_3,Negative
6485_1,Negative
6486_3,Negative
6487_1,Negative
6488_3,Negative
6489_1,Negative
648_3,Negative
6490_1,Negative
6491_4,Negative
6492_4,Positive
6493_4,Negative
6494_2,Negative
6495_4,Negative
6496_4,Negative
6497_4,Negative
6498_2,Negative
6499_1,Negative
649_2,Negative
64_3,Negative
6500_1,Negative
6501_4,Negative
6502_3,Negative
6503_1,Negative
6504_1,Negative
6505_2,Negative
6506_2,Negative
6507_4,Negative
6508_1,Negative
6509_4,Negative
650_3,Negative
6510_2,Negative
6511_3,Negative
6512_3,Positive
6513_4,Positive
6514_2,Negative
6515_3,Negative
6516_1,Negative
6517_3,Positive
6518_4,Negative
6519_2,Negative
651_1,Negative
6520_4,Negative
6521_1,Negative
6522_3,Negative
6523_3,Negative
6524_3,Negative
6525_3,Negative
6526_1,Negative
6527_1,Negative
6528_2,Negative
6529_1,Negative
652_1,Negative
6530_4,Negative
6531_1,Negative
6532_2,Negative
6533_1,Negative
6534_1,Negative
6535_1,Negative
6536_1,Negative
6537_1,Negative
6538_3,Negative
6539_2,Negative
653_1,Negative
6540_1,Negative
6541_1,Negative
6542_3,Negative
6543_2,Negative
6544_1,Negative
6545_2,Negative
6546_3,Negative
6547_4,Positive
6548_4,Negative
6549_1,Negative
654_3,Negative
6550_4,Negative
6551_4,Positive
6552_1,Negative
6553_1,Negative
6554_1,Negative
6555_1,Negative
6556_1,Positive
6557_4,Negative
6558_1,Negative
6559_2,Negative
655_3,Negative
6560_1,Negative
6561_4,Negative
6562_4,Negative
6563_4,Negative
6564_2,Negative
6565_1,Negative
6566_4,Negative
6567_2,Negative
6568_2,Negative
6569_1,Negative
656_4,Negative
6570_1,Negative
6571_4,Negative
6572_3,Negative
6573_1,Negative
6574_3,Negative
6575_1,Negative
6576_1,Negative
6577_1,Negative
6578_4,Negative
6579_3,Negative
657_1,Negative
6580_2,Negative
6581_1,Negative
6582_1,Positive
6583_1,Negative
6584_1,Negative
6585_1,Negative
6586_1,Negative
6587_4,Negative
6588_3,Negative
6589_2,Negative
658_3,Negative
6590_3,Positive
6591_2,Negative
6592_1,Positive
6593_4,Negative
6594_4,Negative
6595_1,Negative
6596_1,Negative
6597_2,Negative
6598_1,Negative
6599_3,Negative
659_1,Negative
65_2,Negative
6600_1,Negative
6601_2,Negative
6602_1,Negative
6603_4,Negative
6604_1,Negative
6605_1,Negative
6606_4,Positive
6607_2,Negative
6608_1,Negative
6609_2,Negative
660_2,Negative
6610_4,Positive
6611_2,Negative
6612_1,Negative
6613_2,Negative
6614_2,Negative
6615_1,Negative
6616_2,Negative
6617_3,Negative
6618_1,Negative
6619_1,Negative
661_1,Negative
6620_1,Negative
6621_4,Negative
6622_2,Negative
6623_1,Negative
6624_4,Negative
6625_1,Negative
6626_1,Negative
6627_2,Negative
6628_1,Negative
6629_1,Negative
662_4,Negative
6630_1,Negative
6631_2,Negative
6632_1,Negative
6633_1,Negative
6634_1,Negative
6635_1,Negative
6636_1,Negative
6637_1,Positive
6638_1,Negative
6639_2,Negative
663_1,Negative
6640_1,Negative
6641_3,Negative
6642_2,Negative
6643_2,Negative
6644_1,Negative
6645_1,Positive
6646_1,Negative
6647_1,Negative
6648_2,Negative
6649_3,Negative
664_3,Negative
6650_1,Negative
6651_1,Negative
6652_2,Negative
6653_4,Negative
6654_3,Negative
6655_2,Negative
6656_1,Negative
6657_3,Negative
6658_1,Negative
6659_2,Negative
665_1,Negative
6660_2,Negative
6661_3,Negative
6662_2,Negative
6663_3,Negative
6664_4,Negative
6665_1,Negative
6666_2,Negative
6667_2,Positive
6668_1,Negative
6669_1,Negative
666_4,Negative
6670_3,Negative
6671_4,Negative
6672_4,Negative
6673_3,Negative
6674_2,Negative
6675_3,Negative
6676_3,Positive
6677_2,Negative
6678_1,Negative
6679_4,Negative
667_4,Negative
6680_3,Negative
6681_3,Negative
6682_3,Negative
6683_3,Negative
6684_3,Negative
6685_1,Negative
6686_2,Negative
6687_1,Negative
6688_1,Negative
6689_1,Negative
668_4,Negative
6690_2,Negative
6691_3,Negative
6692_4,Negative
6693_1,Negative
6694_1,Negative
6695_2,Negative
6696_2,Negative
6697_4,Negative
6698_3,Negative
6699_1,Negative
669_2,Negative
66_3,Negative
6700_1,Negative
6701_4,Negative
6702_2,Negative
6703_1,Negative
6704_1,Negative
6705_1,Negative
6706_4,Negative
6707_4,Negative
6708_4,Negative
6709_4,Negative
670_3,Negative
6710_1,Negative
6711_1,Negative
6712_2,Positive
6713_1,Positive
6714_4,Negative
6715_1,Negative
6716_1,Negative
6717_1,Negative
6718_1,Negative
6719_3,Negative
671_3,Negative
6720_2,Negative
6721_1,Negative
6722_1,Negative
6723_1,Negative
6724_1,Negative
6725_4,Negative
6726_1,Negative
6727_1,Negative
6728_1,Negative
6729_1,Negative
672_4,Positive
6730_1,Negative
6731_3,Positive
6732_3,Negative
6733_1,Negative
6734_2,Positive
6735_1,Negative
6736_2,Negative
6737_3,Negative
6738_2,Negative
6739_3,Negative
673_2,Negative
6740_1,Negative
6741_2,Negative
6742_1,Negative
6743_1,Negative
6744_2,Negative
6745_4,Negative
6746_1,Negative
6747_1,Negative
6748_3,Negative
6749_3,Negative
674_3,Negative
6750_4,Positive
6751_1,Negative
6752_1,Negative
6753_1,Negative
6754_1,Negative
6755_1,Negative
6756_4,Positive
6757_4,Negative
6758_3,Negative
6759_4,Negative
675_2,Negative
6760_2,Negative
6761_3,Positive
6762_3,Negative
6763_3,Negative
6764_4,Positive
6765_3,Negative
6766_1,Negative
6767_1,Negative
6768_4,Positive
6769_4,Negative
676_1,Negative
6770_1,Negative
6771_4,Negative
6772_4,Positive
6773_4,Negative
6774_4,Negative
6775_2,Negative
6776_4,Positive
6777_1,Negative
6778_4,Negative
6779_1,Negative
677_1,Negative
6780_1,Negative
6781_1,Negative
6782_3,Positive
6783_4,Negative
6784_4,Negative
6785_3,Negative
6786_4,Negative
6787_4,Negative
6788_1,Positive
6789_3,Negative
678_1,Negative
6790_1,Negative
6791_1,Negative
6792_1,Negative
6793_1,Negative
6794_1,Negative
6795_1,Negative
6796_1,Negative
6797_3,Negative
6798_3,Negative
6799_4,Negative
679_4,Positive
67_3,Negative
6800_4,Negative
6801_3,Negative
6802_1,Negative
6803_1,Negative
6804_1,Negative
6805_1,Negative
6806_1,Negative
6807_1,Positive
6808_4,Negative
6809_4,Negative
680_2,Negative
6810_3,Negative
6811_4,Negative
6812_1,Negative
6813_2,Negative
6814_3,Negative
6815_1,Negative
6816_2,Positive
6817_2,Negative
6818_1,Negative
6819_3,Negative
681_3,Negative
6820_2,Negative
6821_1,Positive
6822_1,Positive
6823_4,Negative
6824_1,Negative
6825_3,Negative
6826_3,Negative
6827_2,Negative
6828_2,Negative
6829_3,Negative
682_4,Positive
6830_3,Negative
6831_4,Negative
6832_4,Negative
6833_4,Positive
6834_3,Negative
6835_1,Negative
6836_1,Negative
6837_3,Negative
6838_1,Negative
6839_1,Negative
683_2,Negative
6840_1,Negative
6841_1,Negative
6842_1,Positive
6843_4,Positive
6844_2,Negative
6845_3,Negative
6846_1,Negative
6847_3,Positive
6848_4,Negative
6849_1,Negative
684_1,Negative
6850_2,Negative
6851_1,Positive
6852_4,Negative
6853_3,Negative
6854_1,Negative
6855_1,Negative
6856_2,Negative
6857_2,Negative
6858_3,Negative
6859_1,Negative
685_1,Negative
6860_1,Negative
6861_1,Negative
6862_1,Negative
6863_1,Negative
6864_2,Negative
6865_2,Negative
6866_1,Negative
6867_1,Positive
6868_4,Negative
6869_4,Negative
686_4,Positive
6870_4,Negative
6871_3,Positive
6872_4,Negative
6873_2,Negative
6874_1,Negative
6875_1,Negative
6876_3,Negative
6877_3,Negative
6878_4,Negative
6879_3,Negative
687_3,Negative
6880_4,Negative
6881_4,Negative
6882_4,Negative
6883_4,Negative
6884_1,Negative
6885_3,Negative
6886_1,Negative
6887_1,Negative
6888_3,Positive
6889_4,Negative
688_4,Negative
6890_2,Negative
6891_1,Negative
6892_2,Negative
6893_1,Negative
6894_2,Negative
6895_1,Negative
6896_4,Negative
6897_2,Negative
6898_1,Negative
6899_4,Negative
689_3,Negative
68_1,Negative
6900_1,Negative
6901_1,Negative
6902_1,Negative
6903_2,Negative
6904_4,Negative
6905_1,Negative
6906_3,Negative
6907_2,Negative
6908_1,Negative
6909_1,Negative
690_3,Negative
6910_3,Negative
6911_4,Negative
6912_4,Negative
6913_1,Negative
6914_4,Negative
6915_2,Negative
6916_3,Negative
6917_4,Negative
6918_4,Negative
6919_4,Negative
691_2,Negative
6920_1,Negative
6921_2,Negative
6922_3,Negative
6923_2,Negative
6924_1,Negative
6925_4,Negative
6926_4,Negative
6927_1,Negative
6928_1,Positive
6929_3,Negative
692_4,Negative
6930_3,Negative
6931_1,Negative
6932_2,Negative
6933_4,Negative
6934_3,Positive
6935_4,Positive
6936_3,Negative
6937_4,Negative
6938_2,Negative
6939_1,Negative
693_4,Negative
6940_1,Negative
6941_1,Negative
6942_4,Negative
6943_4,Negative
6944_1,Negative
6945_1,Negative
6946_1,Negative
6947_1,Negative
6948_3,Negative
6949_1,Negative
694_4,Negative
6950_1,Negative
6951_1,Negative
6952_4,Negative
6953_1,Negative
6954_2,Negative
6955_4,Negative
6956_4,Negative
6957_3,Negative
6958_2,Negative
6959_3,Negative
695_4,Negative
6960_4,Negative
6961_3,Negative
6962_4,Negative
6963_4,Negative
6964_2,Positive
6965_3,Negative
6966_4,Negative
6967_3,Negative
6968_4,Negative
6969_4,Negative
696_4,Negative
6970_1,Negative
6971_2,Negative
6972_1,Negative
6973_1,Negative
6974_1,Negative
6975_1,Negative
6976_2,Negative
6977_1,Negative
6978_1,Negative
6979_1,Negative
697_4,Negative
6980_1,Negative
6981_4,Negative
6982_1,Negative
6983_4,Negative
6984_1,Negative
6985_1,Negative
6986_2,Negative
6987_2,Negative
6988_1,Negative
6989_2,Negative
698_1,Negative
6990_4,Negative
6991_2,Negative
6992_1,Negative
6993_2,Negative
6994_4,Negative
6995_2,Negative
6996_3,Negative
6997_3,Negative
6998_1,Negative
6999_4,Negative
699_1,Negative
69_4,Negative
6_3,Negative
7000_2,Negative
7001_4,Positive
7002_2,Negative
7003_1,Negative
7004_4,Negative
7005_1,Negative
7006_4,Negative
7007_3,Negative
7008_4,Negative
7009_1,Negative
700_4,Negative
7010_4,Negative
7011_2,Positive
7012_4,Negative
7013_1,Negative
7014_3,Negative
7015_4,Positive
7016_3,Negative
7017_2,Positive
7018_3,Negative
7019_1,Positive
701_4,Negative
7020_1,Negative
7021_1,Positive
7022_1,Negative
7023_2,Negative
7024_1,Negative
7025_1,Negative
7026_1,Negative
7027_1,Negative
7028_2,Negative
7029_3,Negative
702_1,Negative
7030_1,Negative
7031_3,Negative
7032_1,Negative
7033_2,Negative
7034_3,Negative
7035_2,Negative
7036_1,Negative
7037_3,Negative
7038_3,Negative
7039_4,Negative
703_2,Negative
7040_3,Negative
7041_1,Negative
7042_1,Negative
7043_2,Negative
7044_1,Negative
7045_1,Negative
7046_3,Negative
7047_3,Negative
7048_3,Negative
7049_3,Negative
704_2,Negative
7050_4,Positive
7051_4,Negative
7052_1,Negative
7053_1,Negative
7054_1,Negative
7055_2,Negative
7056_4,Positive
7057_4,Negative
7058_2,Negative
7059_3,Negative
705_2,Negative
7060_3,Negative
7061_2,Negative
7062_4,Negative
7063_3,Negative
7064_4,Negative
7065_3,Negative
7066_1,Negative
7067_1,Negative
7068_1,Negative
7069_1,Negative
706_1,Positive
7070_2,Negative
7071_1,Negative
7072_1,Negative
7073_4,Negative
7074_1,Negative
7075_3,Negative
7076_4,Negative
7077_4,Negative
7078_2,Negative
7079_3,Negative
707_3,Negative
7080_3,Negative
7081_4,Negative
7082_1,Negative
7083_3,Negative
7084_4,Negative
7085_1,Negative
7086_4,Positive
7087_4,Negative
7088_3,Negative
7089_3,Positive
708_3,Positive
7090_3,Negative
7091_4,Negative
7092_1,Negative
7093_1,Negative
7094_2,Negative
7095_1,Negative
7096_1,Negative
7097_1,Positive
7098_1,Positive
7099_4,Negative
709_4,Negative
70_1,Negative
7100_3,Negative
7101_3,Negative
7102_1,Negative
7103_1,Negative
7104_1,Negative
7105_1,Negative
7106_3,Negative
7107_3,Negative
7108_1,Negative
7109_2,Negative
710_3,Negative
7110_3,Negative
7111_3,Negative
7112_4,Negative
7113_2,Positive
7114_1,Negative
7115_4,Negative
7116_4,Positive
7117_1,Negative
7118_2,Negative
7119_2,Negative
711_4,Negative
7120_1,Negative
7121_3,Negative
7122_1,Negative
7123_1,Negative
7124_2,Negative
7125_2,Negative
7126_1,Negative
7127_1,Negative
7128_2,Negative
7129_1,Negative
712_3,Positive
7130_1,Negative
7131_1,Negative
7132_3,Negative
7133_2,Negative
7134_3,Negative
7135_3,Negative
7136_3,Negative
7137_3,Negative
7138_1,Negative
7139_4,Negative
713_1,Negative
7140_4,Negative
7141_1,Negative
7142_4,Negative
7143_3,Negative
7144_4,Positive
7145_4,Negative
7146_1,Negative
7147_1,Negative
7148_1,Negative
7149_3,Positive
714_4,Negative
7150_4,Positive
7151_1,Negative
7152_1,Negative
7153_2,Negative
7154_1,Negative
7155_2,Negative
7156_4,Negative
7157_1,Negative
7158_1,Positive
7159_4,Negative
715_4,Negative
7160_2,Negative
7161_4,Negative
7162_4,Negative
7163_4,Negative
7164_1,Negative
7165_3,Negative
7166_4,Negative
7167_2,Negative
7168_3,Negative
7169_4,Negative
716_2,Positive
7170_2,Negative
7171_3,Negative
7172_3,Negative
7173_3,Negative
7174_2,Positive
7175_3,Negative
7176_4,Negative
7177_4,Negative
7178_1,Negative
7179_2,Negative
717_4,Negative
7180_4,Negative
7181_4,Negative
7182_1,Negative
7183_1,Negative
7184_1,Negative
7185_3,Negative
7186_2,Positive
7187_3,Negative
7188_4,Negative
7189_2,Positive
718_3,Negative
7190_4,Negative
7191_3,Positive
7192_3,Negative
7193_1,Negative
7194_2,Negative
7195_1,Negative
7196_4,Negative
7197_2,Negative
7198_1,Negative
7199_2,Negative
719_1,Negative
71_4,Negative
7200_1,Negative
7201_1,Negative
7202_1,Negative
7203_1,Negative
7204_1,Negative
7205_1,Negative
7206_3,Negative
7207_1,Negative
7208_1,Negative
7209_2,Negative
720_1,Negative
7210_4,Negative
7211_1,Negative
7212_2,Negative
7213_1,Negative
7214_2,Negative
7215_3,Negative
7216_3,Negative
7217_2,Negative
7218_1,Negative
7219_4,Negative
721_4,Negative
7220_1,Negative
7221_3,Negative
7222_3,Negative
7223_4,Negative
7224_2,Negative
7225_4,Negative
7226_4,Negative
7227_4,Positive
7228_1,Negative
7229_3,Negative
722_3,Negative
7230_1,Negative
7231_1,Negative
7232_1,Negative
7233_2,Negative
7234_1,Negative
7235_3,Negative
7236_4,Negative
7237_4,Negative
7238_4,Negative
7239_4,Negative
723_2,Negative
7240_2,Negative
7241_2,Negative
7242_2,Negative
7243_2,Negative
7244_1,Negative
7245_1,Negative
7246_3,Negative
7247_4,Negative
7248_3,Positive
7249_2,Negative
724_3,Negative
7250_2,Negative
7251_1,Negative
7252_2,Negative
7253_1,Negative
7254_2,Negative
7255_2,Negative
7256_4,Negative
7257_4,Negative
7258_4,Negative
7259_2,Negative
725_2,Negative
7260_2,Positive
7261_4,Negative
7262_4,Negative
7263_2,Negative
7264_4,Negative
7265_1,Negative
7266_2,Negative
7267_1,Negative
7268_1,Negative
7269_1,Negative
726_1,Negative
7270_1,Negative
7271_1,Negative
7272_1,Negative
7273_3,Negative
7274_1,Negative
7275_3,Negative
7276_1,Negative
7277_2,Negative
7278_1,Negative
7279_3,Negative
727_3,Negative
7280_3,Negative
7281_4,Negative
7282_3,Negative
7283_4,Negative
7284_1,Negative
7285_1,Negative
7286_3,Negative
7287_4,Negative
7288_4,Negative
7289_1,Negative
728_1,Negative
7290_1,Negative
7291_3,Negative
7292_3,Negative
7293_4,Negative
7294_2,Negative
7295_1,Negative
7296_1,Negative
7297_1,Negative
7298_1,Negative
7299_1,Negative
729_1,Negative
72_4,Negative
7300_1,Negative
7301_1,Negative
7302_1,Negative
7303_1,Negative
7304_1,Negative
7305_1,Negative
7306_1,Negative
7307_1,Negative
7308_3,Positive
7309_3,Negative
730_1,Negative
7310_3,Positive
7311_1,Negative
7312_3,Negative
7313_4,Negative
7314_1,Negative
7315_3,Negative
7316_2,Negative
7317_2,Negative
7318_2,Negative
7319_2,Negative
731_4,Negative
7320_2,Negative
7321_2,Negative
7322_3,Positive
7323_1,Negative
7324_4,Negative
7325_4,Negative
7326_1,Negative
7327_1,Negative
7328_1,Negative
7329_2,Negative
732_3,Negative
7330_1,Negative
7331_1,Negative
7332_1,Negative
7333_1,Negative
7334_4,Negative
7335_3,Positive
7336_3,Negative
7337_1,Negative
7338_1,Negative
7339_4,Negative
733_1,Negative
7340_3,Negative
7341_3,Negative
7342_2,Negative
7343_1,Negative
7344_1,Negative
7345_4,Negative
7346_3,Negative
7347_1,Negative
7348_1,Negative
7349_1,Negative
734_1,Negative
7350_1,Negative
7351_1,Negative
7352_3,Negative
7353_3,Negative
7354_4,Negative
7355_2,Negative
7356_4,Negative
7357_4,Negative
7358_1,Negative
7359_1,Negative
735_1,Negative
7360_1,Negative
7361_1,Negative
7362_4,Negative
7363_3,Positive
7364_1,Negative
7365_4,Negative
7366_2,Negative
7367_2,Negative
7368_3,Negative
7369_3,Negative
736_2,Negative
7370_2,Negative
7371_1,Negative
7372_1,Negative
7373_2,Negative
7374_2,Negative
7375_1,Negative
7376_2,Negative
7377_3,Positive
7378_4,Positive
7379_1,Negative
737_1,Negative
7380_1,Positive
7381_1,Negative
7382_1,Negative
7383_1,Positive
7384_1,Negative
7385_2,Negative
7386_4,Negative
7387_3,Negative
7388_2,Negative
7389_4,Negative
738_1,Negative
7390_3,Negative
7391_2,Negative
7392_1,Negative
7393_3,Negative
7394_1,Negative
7395_4,Negative
7396_1,Negative
7397_3,Negative
7398_4,Negative
7399_2,Negative
739_1,Negative
73_4,Negative
7400_1,Negative
7401_4,Negative
7402_2,Negative
7403_2,Negative
7404_3,Negative
7405_4,Negative
7406_1,Negative
7407_4,Negative
7408_3,Negative
7409_3,Negative
740_3,Negative
7410_2,Negative
7411_4,Negative
7412_3,Negative
7413_4,Negative
7414_4,Negative
7415_1,Negative
7416_3,Negative
7417_1,Negative
7418_2,Negative
7419_3,Negative
741_1,Negative
7420_2,Negative
7421_1,Negative
7422_1,Negative
7423_3,Negative
7424_3,Negative
7425_1,Negative
7426_1,Negative
7427_1,Negative
7428_1,Negative
7429_1,Negative
742_2,Negative
7430_1,Negative
7431_2,Negative
7432_4,Negative
7433_2,Negative
7434_2,Negative
7435_2,Negative
7436_4,Negative
7437_3,Negative
7438_3,Negative
7439_3,Negative
743_2,Negative
7440_1,Negative
7441_4,Negative
7442_3,Negative
7443_1,Positive
7444_4,Negative
7445_1,Negative
7446_3,Negative
7447_3,Negative
7448_4,Negative
7449_1,Negative
744_1,Negative
7450_4,Positive
7451_4,Negative
7452_1,Positive
7453_1,Negative
7454_1,Negative
7455_1,Negative
7456_1,Negative
7457_1,Negative
7458_1,Negative
7459_3,Negative
745_1,Negative
7460_1,Negative
7461_3,Negative
7462_4,Negative
7463_2,Negative
7464_1,Negative
7465_1,Negative
7466_3,Negative
7467_4,Negative
7468_4,Negative
7469_1,Negative
746_1,Negative
7470_4,Negative
7471_1,Negative
7472_3,Negative
7473_1,Negative
7474_4,Negative
7475_1,Negative
7476_4,Negative
7477_3,Negative
7478_1,Negative
7479_1,Negative
747_3,Negative
7480_1,Negative
7481_1,Negative
7482_1,Negative
7483_1,Negative
7484_1,Negative
7485_2,Negative
7486_2,Negative
7487_1,Negative
7488_4,Negative
7489_2,Negative
748_1,Negative
7490_3,Negative
7491_3,Negative
7492_2,Negative
7493_1,Negative
7494_2,Negative
7495_4,Negative
7496_1,Negative
7497_1,Negative
7498_1,Negative
7499_2,Negative
749_1,Negative
74_4,Negative
7500_1,Negative
7501_3,Negative
7502_3,Negative
7503_2,Negative
7504_3,Negative
7505_4,Negative
7506_1,Negative
7507_1,Negative
7508_1,Negative
7509_1,Negative
750_2,Negative
7510_1,Negative
7511_1,Negative
7512_1,Negative
7513_2,Negative
7514_1,Negative
7515_4,Negative
7516_4,Negative
7517_1,Negative
7518_4,Negative
7519_1,Negative
751_1,Negative
7520_1,Negative
7521_1,Negative
7522_1,Negative
7523_1,Negative
7524_1,Negative
7525_1,Negative
7526_1,Negative
7527_1,Negative
7528_1,Negative
7529_3,Negative
752_4,Negative
7530_1,Negative
7531_1,Negative
7532_1,Negative
7533_2,Negative
7534_4,Negative
7535_4,Negative
7536_1,Positive
7537_3,Negative
7538_4,Negative
7539_2,Negative
753_2,Negative
7540_2,Negative
7541_3,Negative
7542_3,Negative
7543_1,Negative
7544_1,Negative
7545_1,Negative
7546_1,Negative
7547_1,Negative
7548_1,Negative
7549_2,Negative
754_2,Negative
7550_1,Negative
7551_1,Negative
7552_4,Negative
7553_1,Negative
7554_2,Negative
7555_3,Negative
7556_1,Negative
7557_4,Negative
7558_1,Negative
7559_1,Negative
755_1,Negative
7560_3,Negative
7561_4,Positive
7562_3,Negative
7563_1,Negative
7564_3,Negative
7565_3,Negative
7566_1,Negative
7567_1,Negative
7568_3,Negative
7569_4,Positive
756_1,Negative
7570_2,Negative
7571_1,Negative
7572_1,Negative
7573_3,Negative
7574_3,Negative
7575_1,Negative
7576_1,Negative
7577_3,Negative
7578_2,Positive
7579_4,Negative
757_1,Negative
7580_3,Negative
7581_3,Negative
7582_1,Negative
7583_4,Negative
7584_3,Negative
7585_3,Positive
7586_4,Negative
7587_4,Negative
7588_4,Negative
7589_4,Negative
758_3,Negative
7590_1,Negative
7591_2,Negative
7592_4,Negative
7593_3,Negative
7594_2,Negative
7595_2,Negative
7596_2,Negative
7597_3,Negative
7598_2,Negative
7599_3,Negative
759_1,Negative
75_1,Negative
7600_1,Negative
7601_2,Negative
7602_1,Negative
7603_1,Negative
7604_4,Negative
7605_2,Negative
7606_1,Negative
7607_2,Negative
7608_2,Negative
7609_1,Negative
760_1,Negative
7610_1,Negative
7611_2,Negative
7612_4,Negative
7613_2,Positive
7614_4,Negative
7615_1,Negative
7616_3,Negative
7617_1,Negative
7618_3,Positive
7619_4,Positive
761_2,Negative
7620_1,Negative
7621_1,Negative
7622_1,Negative
7623_3,Negative
7624_4,Negative
7625_3,Negative
7626_2,Negative
7627_1,Negative
7628_1,Negative
7629_4,Negative
762_3,Negative
7630_1,Negative
7631_2,Negative
7632_2,Negative
7633_2,Negative
7634_2,Negative
7635_1,Negative
7636_1,Negative
7637_4,Positive
7638_3,Negative
7639_3,Negative
763_2,Negative
7640_4,Negative
7641_2,Negative
7642_3,Negative
7643_3,Negative
7644_4,Negative
7645_1,Negative
7646_1,Negative
7647_1,Negative
7648_1,Negative
7649_3,Negative
764_2,Negative
7650_3,Negative
7651_3,Negative
7652_3,Negative
7653_3,Negative
7654_4,Negative
7655_4,Negative
7656_3,Negative
7657_2,Negative
7658_1,Negative
7659_3,Negative
765_2,Negative
7660_1,Negative
7661_1,Negative
7662_1,Negative
7663_1,Negative
7664_1,Negative
7665_2,Negative
7666_4,Negative
7667_1,Negative
7668_1,Negative
7669_1,Negative
766_2,Negative
7670_2,Negative
7671_3,Negative
7672_3,Negative
7673_1,Negative
7674_2,Negative
7675_3,Negative
7676_3,Negative
7677_2,Negative
7678_2,Negative
7679_2,Negative
767_1,Negative
7680_1,Negative
7681_3,Negative
7682_3,Negative
7683_4,Negative
7684_3,Negative
7685_4,Negative
7686_1,Negative
7687_1,Negative
7688_2,Negative
7689_2,Negative
768_2,Negative
7690_3,Negative
7691_1,Negative
7692_1,Negative
7693_1,Negative
7694_3,Negative
7695_1,Negative
7696_1,Positive
7697_4,Negative
7698_4,Positive
7699_1,Negative
769_3,Positive
76_4,Positive
7700_1,Positive
7701_1,Negative
7702_2,Negative
7703_4,Negative
7704_2,Negative
7705_1,Negative
7706_1,Negative
7707_4,Negative
7708_1,Negative
7709_2,Negative
770_3,Negative
7710_1,Negative
7711_1,Negative
7712_3,Negative
7713_1,Negative
7714_1,Negative
7715_1,Negative
7716_3,Negative
7717_3,Negative
7718_2,Negative
7719_3,Negative
771_4,Negative
7720_1,Negative
7721_4,Negative
7722_1,Negative
7723_1,Negative
7724_2,Negative
7725_3,Negative
7726_3,Negative
7727_4,Negative
7728_1,Negative
7729_1,Negative
772_1,Negative
7730_1,Negative
7731_1,Negative
7732_2,Negative
7733_3,Negative
7734_1,Negative
7735_1,Negative
7736_1,Negative
7737_1,Negative
7738_4,Negative
7739_1,Negative
773_1,Negative
7740_2,Negative
7741_4,Negative
7742_1,Negative
7743_1,Negative
7744_1,Negative
7745_1,Negative
7746_2,Positive
7747_1,Negative
7748_2,Negative
7749_1,Negative
774_4,Negative
7750_3,Negative
7751_1,Negative
7752_3,Negative
7753_4,Negative
7754_3,Negative
7755_3,Negative
7756_1,Negative
7757_4,Negative
7758_4,Negative
7759_1,Negative
775_1,Negative
7760_2,Negative
7761_1,Negative
7762_1,Negative
7763_1,Positive
7764_2,Negative
7765_3,Negative
7766_1,Negative
7767_4,Negative
7768_1,Negative
7769_1,Negative
776_1,Positive
7770_3,Negative
7771_1,Negative
7772_2,Negative
7773_2,Negative
7774_1,Negative
7775_2,Positive
7776_1,Negative
7777_3,Negative
7778_3,Negative
7779_3,Negative
777_2,Negative
7780_2,Negative
7781_1,Negative
7782_1,Negative
7783_1,Negative
7784_1,Negative
7785_3,Negative
7786_2,Negative
7787_3,Negative
7788_1,Negative
7789_1,Negative
778_1,Negative
7790_3,Negative
7791_4,Negative
7792_3,Negative
7793_4,Negative
7794_1,Negative
7795_1,Negative
7796_1,Negative
7797_1,Negative
7798_1,Negative
7799_2,Positive
779_1,Negative
77_2,Negative
7800_3,Negative
7801_1,Negative
7802_2,Positive
7803_2,Negative
7804_4,Negative
7805_1,Negative
7806_2,Negative
7807_2,Negative
7808_1,Negative
7809_2,Positive
780_3,Negative
7810_1,Negative
7811_4,Negative
7812_1,Negative
7813_3,Negative
7814_1,Negative
7815_1,Negative
7816_1,Negative
7817_2,Negative
7818_2,Negative
7819_1,Negative
781_4,Negative
7820_1,Negative
7821_1,Negative
7822_1,Negative
7823_1,Negative
7824_1,Negative
7825_1,Negative
7826_1,Negative
7827_4,Negative
7828_1,Negative
7829_4,Positive
782_3,Negative
7830_1,Negative
7831_2,Negative
7832_2,Negative
7833_3,Negative
7834_3,Negative
7835_1,Negative
7836_4,Positive
7837_4,Negative
7838_4,Positive
7839_2,Negative
783_1,Negative
7840_4,Negative
7841_4,Negative
7842_1,Negative
7843_4,Negative
7844_3,Negative
7845_2,Negative
7846_4,Positive
7847_2,Negative
7848_2,Negative
7849_4,Positive
784_4,Negative
7850_4,Negative
7851_4,Positive
7852_4,Negative
7853_1,Negative
7854_1,Negative
7855_1,Negative
7856_1,Negative
7857_3,Negative
7858_3,Negative
7859_1,Negative
785_2,Negative
7860_3,Negative
7861_3,Negative
7862_1,Negative
7863_1,Negative
7864_2,Negative
7865_1,Negative
7866_1,Negative
7867_2,Negative
7868_1,Negative
7869_1,Negative
786_3,Negative
7870_1,Negative
7871_1,Negative
7872_1,Negative
7873_1,Negative
7874_1,Negative
7875_4,Negative
7876_1,Negative
7877_4,Negative
7878_3,Negative
7879_3,Negative
787_1,Negative
7880_2,Negative
7881_3,Negative
7882_3,Positive
7883_1,Negative
7884_3,Negative
7885_1,Negative
7886_3,Positive
7887_3,Negative
7888_4,Positive
7889_3,Positive
788_1,Negative
7890_2,Negative
7891_1,Negative
7892_1,Negative
7893_1,Negative
7894_1,Negative
7895_1,Negative
7896_1,Negative
7897_1,Negative
7898_1,Negative
7899_1,Negative
789_1,Negative
78_1,Negative
7900_1,Negative
7901_1,Negative
7902_1,Negative
7903_1,Negative
7904_1,Negative
7905_4,Negative
7906_2,Negative
7907_1,Negative
7908_1,Negative
7909_2,Negative
790_1,Negative
7910_2,Negative
7911_2,Negative
7912_2,Negative
7913_1,Negative
7914_1,Negative
7915_2,Negative
7916_3,Negative
7917_1,Negative
7918_3,Negative
7919_2,Negative
791_4,Negative
7920_2,Negative
7921_3,Negative
7922_3,Positive
7923_4,Negative
7924_2,Positive
7925_2,Negative
7926_4,Negative
7927_3,Negative
7928_4,Negative
7929_1,Negative
792_2,Negative
7930_3,Negative
7931_3,Negative
7932_4,Negative
7933_1,Negative
7934_1,Negative
7935_3,Negative
7936_1,Negative
7937_1,Negative
7938_1,Negative
7939_1,Negative
793_1,Negative
7940_1,Negative
7941_1,Negative
7942_3,Negative
7943_2,Negative
7944_1,Negative
7945_2,Positive
7946_3,Negative
7947_4,Positive
7948_3,Negative
7949_3,Negative
794_1,Negative
7950_3,Negative
7951_3,Negative
7952_1,Negative
7953_1,Negative
7954_2,Negative
7955_1,Negative
7956_1,Negative
7957_1,Negative
7958_4,Negative
7959_2,Negative
795_3,Negative
7960_2,Negative
7961_4,Negative
7962_1,Negative
7963_3,Negative
7964_1,Negative
7965_4,Negative
7966_3,Negative
7967_4,Negative
7968_4,Positive
7969_3,Negative
796_4,Negative
7970_3,Negative
7971_3,Negative
7972_1,Negative
7973_4,Negative
7974_1,Negative
7975_1,Negative
7976_3,Negative
7977_1,Negative
7978_3,Negative
7979_3,Positive
797_1,Negative
7980_3,Negative
7981_4,Negative
7982_1,Negative
7983_4,Negative
7984_2,Negative
7985_1,Negative
7986_1,Negative
7987_1,Negative
7988_1,Positive
7989_3,Negative
798_1,Negative
7990_1,Negative
7991_1,Negative
7992_1,Negative
7993_1,Negative
7994_2,Negative
7995_2,Negative
7996_3,Negative
7997_1,Negative
7998_4,Negative
7999_1,Negative
799_4,Negative
79_2,Negative
7_1,Negative
8000_3,Negative
8001_1,Negative
8002_3,Negative
8003_3,Negative
8004_1,Negative
8005_4,Negative
8006_2,Negative
8007_1,Negative
8008_4,Negative
8009_2,Negative
800_3,Negative
8010_4,Negative
8011_1,Negative
8012_4,Negative
8013_3,Negative
8014_4,Positive
8015_2,Negative
8016_1,Negative
8017_3,Negative
8018_1,Negative
8019_1,Negative
801_2,Negative
8020_2,Negative
8021_1,Negative
8022_3,Negative
8023_4,Negative
8024_2,Negative
8025_1,Negative
8026_3,Negative
8027_1,Negative
8028_1,Negative
8029_1,Negative
802_1,Negative
8030_1,Negative
8031_1,Negative
8032_1,Negative
8033_1,Negative
8034_3,Negative
8035_3,Negative
8036_4,Negative
8037_1,Negative
8038_2,Positive
8039_3,Negative
803_3,Negative
8040_4,Negative
8041_3,Negative
8042_1,Negative
8043_2,Negative
8044_2,Negative
8045_1,Negative
8046_1,Negative
8047_1,Negative
8048_1,Negative
8049_3,Negative
804_1,Negative
8050_1,Negative
8051_4,Negative
8052_4,Positive
8053_3,Negative
8054_1,Negative
8055_2,Negative
8056_2,Negative
8057_4,Positive
8058_1,Negative
8059_3,Negative
805_1,Negative
8060_3,Negative
8061_3,Negative
8062_3,Negative
8063_3,Negative
8064_1,Negative
8065_4,Negative
8066_3,Negative
8067_1,Negative
8068_2,Negative
8069_4,Positive
806_1,Negative
8070_2,Negative
8071_2,Positive
8072_4,Positive
8073_4,Negative
8074_4,Positive
8075_2,Negative
8076_1,Negative
8077_1,Negative
8078_3,Negative
8079_1,Negative
807_3,Negative
8080_4,Negative
8081_2,Negative
8082_1,Negative
8083_1,Negative
8084_2,Negative
8085_1,Negative
8086_1,Negative
8087_1,Negative
8088_4,Negative
8089_1,Positive
808_3,Negative
8090_1,Negative
8091_1,Negative
8092_4,Negative
8093_2,Negative
8094_2,Negative
8095_4,Negative
8096_1,Negative
8097_2,Negative
8098_3,Negative
8099_2,Negative
809_1,Negative
80_4,Negative
8100_2,Negative
8101_2,Negative
8102_4,Positive
8103_4,Negative
8104_4,Negative
8105_3,Negative
8106_3,Negative
8107_2,Negative
8108_1,Negative
8109_1,Negative
810_1,Positive
8110_2,Negative
8111_1,Negative
8112_1,Negative
8113_2,Negative
8114_3,Negative
8115_3,Negative
8116_4,Negative
8117_4,Negative
8118_1,Negative
8119_4,Negative
811_1,Negative
8120_4,Positive
8121_1,Negative
8122_1,Negative
8123_1,Negative
8124_3,Negative
8125_2,Negative
8126_3,Positive
8127_3,Negative
8128_4,Negative
8129_4,Negative
812_3,Negative
8130_4,Positive
8131_1,Negative
8132_3,Negative
8133_4,Negative
8134_2,Negative
8135_1,Negative
8136_4,Positive
8137_1,Negative
8138_2,Negative
8139_4,Negative
813_1,Negative
8140_4,Negative
8141_4,Negative
8142_3,Negative
8143_4,Negative
8144_3,Negative
8145_3,Negative
8146_4,Negative
8147_4,Negative
8148_2,Negative
8149_1,Negative
814_4,Negative
8150_1,Negative
8151_2,Negative
8152_1,Negative
8153_2,Negative
8154_1,Negative
8155_1,Negative
8156_1,Negative
8157_1,Negative
8158_3,Negative
8159_4,Negative
815_3,Negative
8160_3,Negative
8161_3,Negative
8162_2,Negative
8163_1,Negative
8164_2,Negative
8165_2,Negative
8166_1,Negative
8167_1,Negative
8168_1,Negative
8169_2,Negative
816_3,Positive
8170_1,Negative
8171_1,Positive
8172_4,Negative
8173_1,Negative
8174_4,Negative
8175_4,Negative
8176_4,Negative
8177_1,Negative
8178_3,Negative
8179_2,Negative
817_1,Negative
8180_3,Negative
8181_3,Negative
8182_1,Negative
8183_3,Positive
8184_4,Negative
8185_4,Negative
8186_4,Positive
8187_1,Negative
8188_1,Negative
8189_1,Negative
818_1,Negative
8190_2,Negative
8191_3,Negative
8192_4,Positive
8193_1,Negative
8194_1,Negative
8195_1,Negative
8196_1,Negative
8197_3,Negative
8198_1,Negative
8199_1,Negative
819_1,Negative
81_3,Negative
8200_2,Negative
8201_3,Negative
8202_2,Negative
8203_3,Negative
8204_1,Negative
8205_1,Negative
8206_1,Negative
8207_1,Negative
8208_3,Negative
8209_1,Negative
820_1,Negative
8210_4,Negative
8211_3,Positive
8212_2,Negative
8213_2,Negative
8214_2,Negative
8215_3,Negative
8216_2,Negative
8217_3,Negative
8218_1,Negative
8219_3,Negative
821_1,Negative
8220_1,Negative
8221_2,Positive
8222_1,Negative
8223_1,Negative
8224_1,Negative
8225_1,Negative
8226_1,Negative
8227_2,Negative
8228_2,Negative
8229_3,Negative
822_1,Negative
8230_3,Negative
8231_1,Negative
8232_1,Negative
8233_2,Negative
8234_2,Negative
8235_3,Negative
8236_4,Negative
8237_1,Negative
8238_1,Negative
8239_1,Negative
823_1,Negative
8240_1,Negative
8241_1,Negative
8242_4,Negative
8243_3,Negative
8244_3,Negative
8245_4,Negative
8246_2,Negative
8247_2,Negative
8248_3,Positive
8249_1,Negative
824_4,Negative
8250_1,Positive
8251_1,Negative
8252_4,Negative
8253_1,Negative
8254_2,Negative
8255_1,Negative
8256_4,Negative
8257_2,Negative
8258_4,Negative
8259_2,Negative
825_1,Negative
8260_1,Negative
8261_1,Negative
8262_4,Negative
8263_4,Negative
8264_3,Negative
8265_1,Negative
8266_2,Negative
8267_3,Negative
8268_4,Negative
8269_3,Negative
826_3,Negative
8270_1,Negative
8271_1,Negative
8272_1,Negative
8273_3,Negative
8274_1,Negative
8275_2,Negative
8276_3,Negative
8277_3,Negative
8278_1,Negative
8279_2,Negative
827_1,Negative
8280_4,Negative
8281_3,Negative
8282_4,Negative
8283_4,Negative
8284_4,Negative
8285_4,Negative
8286_4,Negative
8287_2,Negative
8288_4,Negative
8289_4,Negative
828_3,Negative
8290_4,Negative
8291_4,Negative
8292_1,Negative
8293_1,Negative
8294_4,Negative
8295_3,Negative
8296_2,Negative
8297_2,Negative
8298_2,Positive
8299_2,Negative
829_2,Negative
82_3,Negative
8300_3,Negative
8301_4,Negative
8302_2,Negative
8303_4,Negative
8304_3,Negative
8305_3,Positive
8306_4,Negative
8307_2,Positive
8308_1,Negative
8309_4,Negative
830_4,Negative
8310_1,Negative
8311_2,Negative
8312_4,Negative
8313_1,Negative
8314_2,Negative
8315_4,Negative
8316_3,Negative
8317_2,Negative
8318_4,Negative
8319_4,Negative
831_4,Negative
8320_4,Negative
8321_1,Negative
8322_4,Negative
8323_4,Negative
8324_2,Negative
8325_2,Negative
8326_4,Positive
8327_4,Negative
8328_3,Negative
8329_2,Negative
832_4,Negative
8330_3,Positive
8331_3,Negative
8332_3,Positive
8333_3,Negative
8334_3,Positive
8335_1,Positive
8336_2,Negative
8337_4,Negative
8338_1,Negative
8339_3,Negative
833_3,Negative
8340_4,Positive
8341_2,Negative
8342_2,Negative
8343_4,Negative
8344_1,Negative
8345_4,Negative
8346_1,Negative
8347_1,Negative
8348_2,Negative
8349_2,Negative
834_4,Negative
8350_3,Negative
8351_3,Negative
8352_2,Negative
8353_4,Negative
8354_4,Negative
8355_1,Negative
8356_3,Positive
8357_2,Negative
8358_4,Negative
8359_3,Negative
835_4,Negative
8360_3,Negative
8361_2,Negative
8362_3,Positive
8363_2,Negative
8364_4,Positive
8365_1,Negative
8366_3,Negative
8367_4,Negative
8368_2,Negative
8369_3,Negative
836_4,Negative
8370_1,Negative
8371_1,Negative
8372_1,Negative
8373_3,Negative
8374_1,Negative
8375_4,Negative
8376_3,Negative
8377_3,Negative
8378_4,Negative
8379_3,Negative
837_4,Negative
8380_4,Negative
8381_4,Negative
8382_2,Negative
8383_1,Negative
8384_1,Negative
8385_1,Negative
8386_1,Negative
8387_1,Negative
8388_1,Negative
8389_1,Negative
838_4,Negative
8390_1,Negative
8391_2,Negative
8392_3,Negative
8393_1,Negative
8394_1,Negative
8395_1,Negative
8396_2,Negative
8397_1,Negative
8398_1,Negative
8399_4,Negative
839_4,Negative
83_1,Negative
8400_2,Negative
8401_3,Negative
8402_3,Negative
8403_4,Positive
8404_1,Negative
8405_2,Negative
8406_1,Negative
8407_4,Negative
8408_2,Negative
8409_3,Negative
840_2,Negative
8410_2,Negative
8411_2,Negative
8412_1,Negative
8413_3,Negative
8414_3,Negative
8415_2,Positive
8416_3,Negative
8417_1,Negative
8418_2,Negative
8419_1,Negative
841_1,Negative
8420_4,Negative
8421_1,Negative
8422_3,Negative
8423_2,Negative
8424_2,Negative
8425_3,Negative
8426_4,Negative
8427_4,Negative
8428_2,Negative
8429_3,Negative
842_1,Negative
8430_2,Negative
8431_4,Negative
8432_3,Negative
8433_1,Negative
8434_2,Negative
8435_1,Negative
8436_1,Negative
8437_1,Negative
8438_1,Negative
8439_1,Negative
843_1,Negative
8440_1,Negative
8441_4,Negative
8442_2,Negative
8443_1,Negative
8444_4,Negative
8445_1,Negative
8446_3,Negative
8447_2,Negative
8448_2,Negative
8449_1,Negative
844_1,Negative
8450_1,Negative
8451_4,Negative
8452_2,Negative
8453_2,Negative
8454_1,Negative
8455_1,Negative
8456_1,Negative
8457_3,Negative
8458_2,Negative
8459_3,Negative
845_2,Negative
8460_2,Negative
8461_4,Negative
8462_4,Negative
8463_1,Negative
8464_2,Negative
8465_1,Negative
8466_3,Negative
8467_1,Negative
8468_1,Negative
8469_2,Positive
846_2,Negative
8470_1,Negative
8471_2,Negative
8472_1,Negative
8473_4,Positive
8474_1,Negative
8475_1,Negative
8476_1,Negative
8477_1,Negative
8478_1,Negative
8479_3,Negative
847_2,Negative
8480_1,Negative
8481_1,Negative
8482_1,Negative
8483_1,Negative
8484_2,Negative
8485_1,Negative
8486_1,Negative
8487_1,Negative
8488_4,Negative
8489_2,Negative
848_2,Negative
8490_1,Negative
8491_1,Negative
8492_1,Negative
8493_1,Negative
8494_1,Negative
8495_1,Negative
8496_1,Negative
8497_1,Negative
8498_1,Negative
8499_1,Negative
849_1,Negative
84_3,Negative
8500_1,Negative
8501_1,Negative
8502_4,Negative
8503_3,Negative
8504_2,Negative
8505_3,Negative
8506_1,Negative
8507_1,Negative
8508_3,Positive
8509_2,Positive
850_4,Negative
8510_4,Negative
8511_3,Negative
8512_4,Negative
8513_2,Negative
8514_1,Negative
8515_2,Negative
8516_1,Negative
8517_1,Negative
8518_2,Negative
8519_3,Negative
851_1,Negative
8520_1,Negative
8521_1,Negative
8522_2,Negative
8523_1,Negative
8524_1,Negative
8525_2,Negative
8526_2,Negative
8527_4,Negative
8528_1,Negative
8529_2,Negative
852_4,Negative
8530_3,Negative
8531_2,Negative
8532_3,Negative
8533_4,Negative
8534_2,Negative
8535_2,Negative
8536_4,Negative
8537_1,Negative
8538_3,Negative
8539_2,Negative
853_1,Negative
8540_2,Negative
8541_2,Negative
8542_4,Negative
8543_1,Negative
8544_4,Negative
8545_3,Negative
8546_4,Negative
8547_3,Negative
8548_2,Negative
8549_3,Negative
854_1,Negative
8550_4,Positive
8551_2,Negative
8552_1,Negative
8553_2,Negative
8554_4,Negative
8555_3,Negative
8556_1,Negative
8557_3,Negative
8558_4,Negative
8559_1,Negative
855_4,Negative
8560_1,Negative
8561_1,Negative
8562_2,Negative
8563_1,Negative
8564_1,Negative
8565_1,Negative
8566_2,Negative
8567_1,Negative
8568_4,Negative
8569_2,Negative
856_3,Negative
8570_3,Negative
8571_1,Negative
8572_4,Negative
8573_3,Negative
8574_4,Negative
8575_2,Negative
8576_3,Negative
8577_3,Negative
8578_3,Negative
8579_2,Negative
857_1,Negative
8580_1,Negative
8581_3,Negative
8582_1,Negative
8583_4,Negative
8584_4,Negative
8585_4,Positive
8586_3,Negative
8587_2,Positive
8588_1,Negative
8589_1,Negative
858_4,Positive
8590_1,Negative
8591_4,Positive
8592_2,Negative
8593_1,Negative
8594_3,Negative
8595_4,Positive
8596_4,Negative
8597_2,Negative
8598_1,Negative
8599_4,Negative
859_1,Negative
85_2,Negative
8600_3,Negative
8601_2,Negative
8602_1,Negative
8603_1,Negative
8604_1,Negative
8605_3,Negative
8606_3,Negative
8607_4,Positive
8608_1,Negative
8609_4,Negative
860_4,Negative
8610_1,Negative
8611_1,Negative
8612_2,Negative
8613_1,Positive
8614_1,Negative
8615_4,Negative
8616_4,Negative
8617_4,Negative
8618_2,Negative
8619_3,Negative
861_4,Negative
8620_4,Negative
8621_2,Positive
8622_2,Negative
8623_4,Negative
8624_1,Negative
8625_2,Negative
8626_1,Negative
8627_3,Negative
8628_4,Negative
8629_1,Negative
862_3,Negative
8630_1,Negative
8631_1,Positive
8632_2,Negative
8633_1,Negative
8634_1,Negative
8635_3,Negative
8636_1,Negative
8637_3,Positive
8638_1,Negative
8639_4,Negative
863_4,Negative
8640_2,Negative
8641_1,Negative
8642_1,Negative
8643_4,Negative
8644_4,Negative
8645_1,Negative
8646_1,Negative
8647_4,Negative
8648_3,Negative
8649_3,Negative
864_2,Negative
8650_3,Negative
8651_1,Negative
8652_1,Negative
8653_2,Negative
8654_3,Negative
8655_1,Negative
8656_1,Negative
8657_1,Negative
8658_1,Negative
8659_1,Negative
865_3,Negative
8660_1,Negative
8661_1,Negative
8662_4,Negative
8663_1,Negative
8664_4,Positive
8665_4,Negative
8666_4,Negative
8667_3,Negative
8668_2,Negative
8669_1,Negative
866_2,Negative
8670_3,Negative
8671_3,Negative
8672_1,Negative
8673_2,Negative
8674_1,Negative
8675_4,Negative
8676_4,Positive
8677_1,Positive
8678_1,Negative
8679_4,Positive
867_2,Negative
8680_1,Negative
8681_4,Negative
8682_1,Negative
8683_4,Positive
8684_2,Negative
8685_4,Negative
8686_4,Negative
8687_3,Negative
8688_3,Negative
8689_3,Negative
868_4,Negative
8690_3,Negative
8691_1,Negative
8692_1,Negative
8693_2,Negative
8694_2,Negative
8695_2,Negative
8696_2,Negative
8697_2,Negative
8698_1,Negative
8699_1,Negative
869_1,Negative
86_3,Negative
8700_1,Negative
8701_1,Negative
8702_2,Negative
8703_1,Negative
8704_1,Negative
8705_1,Negative
8706_2,Negative
8707_3,Negative
8708_1,Negative
8709_2,Negative
870_4,Negative
8710_3,Positive
8711_2,Negative
8712_1,Negative
8713_1,Negative
8714_2,Negative
8715_1,Negative
8716_3,Negative
8717_2,Negative
8718_4,Negative
8719_1,Negative
871_1,Negative
8720_1,Negative
8721_1,Negative
8722_1,Negative
8723_1,Negative
8724_1,Negative
8725_1,Negative
8726_1,Negative
8727_1,Negative
8728_1,Positive
8729_4,Negative
872_1,Negative
8730_1,Negative
8731_4,Negative
8732_4,Negative
8733_3,Negative
8734_4,Negative
8735_3,Negative
8736_2,Positive
8737_1,Negative
8738_4,Negative
8739_3,Negative
873_3,Negative
8740_2,Negative
8741_2,Negative
8742_3,Positive
8743_1,Negative
8744_2,Negative
8745_2,Negative
8746_4,Negative
8747_3,Negative
8748_2,Negative
8749_1,Negative
874_4,Negative
8750_4,Negative
8751_4,Negative
8752_4,Negative
8753_4,Positive
8754_3,Positive
8755_2,Negative
8756_1,Negative
8757_4,Negative
8758_4,Negative
8759_3,Negative
875_4,Negative
8760_1,Negative
8761_3,Negative
8762_3,Positive
8763_4,Negative
8764_1,Negative
8765_1,Negative
8766_2,Negative
8767_1,Negative
8768_1,Negative
8769_1,Negative
876_3,Negative
8770_2,Negative
8771_3,Negative
8772_1,Negative
8773_1,Negative
8774_1,Negative
8775_1,Negative
8776_4,Positive
8777_1,Negative
8778_1,Negative
8779_1,Negative
877_1,Negative
8780_1,Negative
8781_2,Negative
8782_4,Negative
8783_1,Negative
8784_2,Negative
8785_4,Negative
8786_4,Positive
8787_4,Negative
8788_2,Negative
8789_4,Negative
878_2,Negative
8790_1,Negative
8791_4,Negative
8792_3,Negative
8793_1,Negative
8794_1,Negative
8795_2,Negative
8796_3,Negative
8797_4,Negative
8798_1,Negative
8799_3,Negative
879_3,Negative
87_1,Negative
8800_4,Negative
8801_1,Negative
8802_1,Negative
8803_3,Negative
8804_4,Negative
8805_2,Negative
8806_1,Negative
8807_1,Negative
8808_1,Negative
8809_4,Negative
880_3,Negative
8810_1,Negative
8811_1,Negative
8812_1,Negative
8813_1,Negative
8814_1,Negative
8815_4,Negative
8816_3,Negative
8817_1,Negative
8818_4,Negative
8819_3,Negative
881_4,Negative
8820_2,Positive
8821_4,Negative
8822_4,Negative
8823_4,Negative
8824_4,Negative
8825_2,Negative
8826_4,Negative
8827_1,Negative
8828_4,Positive
8829_4,Negative
882_2,Negative
8830_4,Positive
8831_1,Negative
8832_1,Negative
8833_1,Negative
8834_1,Negative
8835_2,Negative
8836_4,Negative
8837_4,Negative
8838_4,Negative
8839_4,Negative
883_4,Negative
8840_1,Negative
8841_4,Negative
8842_1,Negative
8843_4,Negative
8844_2,Negative
8845_4,Positive
8846_1,Negative
8847_1,Negative
8848_1,Negative
8849_2,Negative
884_1,Negative
8850_2,Negative
8851_3,Negative
8852_3,Negative
8853_1,Negative
8854_3,Positive
8855_2,Negative
8856_4,Negative
8857_4,Negative
8858_1,Negative
8859_1,Negative
885_3,Negative
8860_1,Negative
8861_3,Negative
8862_1,Negative
8863_4,Negative
8864_1,Negative
8865_1,Negative
8866_1,Negative
8867_2,Negative
8868_1,Negative
8869_1,Negative
886_2,Negative
8870_4,Negative
8871_2,Negative
8872_4,Negative
8873_4,Negative
8874_3,Negative
8875_2,Negative
8876_1,Negative
8877_3,Negative
8878_3,Negative
8879_4,Negative
887_2,Positive
8880_3,Negative
8881_4,Positive
8882_3,Negative
8883_3,Negative
8884_3,Negative
8885_3,Negative
8886_1,Negative
8887_1,Negative
8888_4,Negative
8889_1,Negative
888_1,Negative
8890_3,Negative
8891_2,Negative
8892_2,Negative
8893_4,Negative
8894_2,Negative
8895_1,Negative
8896_1,Negative
8897_1,Negative
8898_2,Negative
8899_4,Negative
889_3,Negative
88_3,Negative
8900_1,Negative
8901_1,Negative
8902_1,Negative
8903_3,Negative
8904_2,Negative
8905_2,Negative
8906_1,Negative
8907_1,Negative
8908_1,Negative
8909_3,Negative
890_1,Negative
8910_1,Negative
8911_1,Negative
8912_2,Negative
8913_1,Negative
8914_1,Negative
8915_1,Negative
8916_3,Negative
8917_4,Negative
8918_4,Negative
8919_3,Negative
891_1,Negative
8920_3,Negative
8921_1,Negative
8922_3,Negative
8923_2,Negative
8924_1,Negative
8925_4,Negative
8926_3,Negative
8927_3,Negative
8928_2,Negative
8929_1,Negative
892_1,Negative
8930_2,Negative
8931_1,Negative
8932_1,Negative
8933_4,Positive
8934_1,Negative
8935_1,Negative
8936_1,Negative
8937_3,Negative
8938_3,Negative
8939_2,Negative
893_1,Negative
8940_3,Negative
8941_3,Positive
8942_1,Negative
8943_3,Negative
8944_3,Negative
8945_4,Negative
8946_1,Negative
8947_4,Negative
8948_1,Positive
8949_3,Negative
894_1,Positive
8950_1,Negative
8951_1,Negative
8952_1,Negative
8953_1,Negative
8954_1,Negative
8955_1,Negative
8956_1,Negative
8957_1,Negative
8958_1,Negative
8959_1,Negative
895_1,Negative
8960_1,Negative
8961_4,Negative
8962_1,Negative
8963_4,Negative
8964_3,Negative
8965_1,Negative
8966_4,Positive
8967_1,Negative
8968_3,Negative
8969_3,Negative
896_1,Negative
8970_1,Negative
8971_4,Positive
8972_2,Negative
8973_2,Negative
8974_3,Negative
8975_3,Negative
8976_1,Negative
8977_4,Negative
8978_4,Negative
8979_1,Negative
897_1,Negative
8980_3,Positive
8981_4,Positive
8982_1,Negative
8983_4,Positive
8984_1,Negative
8985_1,Negative
8986_2,Negative
8987_2,Negative
8988_1,Negative
8989_4,Negative
898_3,Negative
8990_1,Negative
8991_3,Negative
8992_2,Negative
8993_1,Negative
8994_1,Negative
8995_3,Negative
8996_4,Negative
8997_2,Negative
8998_4,Negative
8999_2,Negative
899_3,Negative
89_3,Negative
8_2,Negative
9000_2,Negative
9001_1,Negative
9002_1,Negative
9003_1,Negative
9004_4,Negative
9005_3,Negative
9006_3,Negative
9007_2,Negative
9008_2,Negative
9009_3,Negative
900_1,Negative
9010_2,Negative
9011_3,Negative
9012_4,Negative
9013_2,Negative
9014_2,Negative
9015_2,Negative
9016_3,Negative
9017_4,Negative
9018_3,Negative
9019_3,Negative
901_1,Negative
9020_3,Negative
9021_3,Negative
9022_2,Negative
9023_3,Negative
9024_3,Negative
9025_3,Negative
9026_4,Negative
9027_1,Negative
9028_2,Negative
9029_4,Negative
902_3,Negative
9030_1,Negative
9031_2,Negative
9032_4,Negative
9033_4,Negative
9034_4,Negative
9035_1,Negative
9036_1,Negative
9037_3,Positive
9038_4,Negative
9039_4,Negative
903_4,Negative
9040_1,Negative
9041_1,Negative
9042_1,Negative
9043_3,Negative
9044_3,Negative
9045_1,Negative
9046_1,Negative
9047_1,Negative
9048_4,Negative
9049_4,Negative
904_3,Negative
9050_3,Negative
9051_4,Negative
9052_3,Negative
9053_4,Negative
9054_1,Negative
9055_4,Negative
9056_4,Negative
9057_4,Positive
9058_2,Negative
9059_1,Negative
905_3,Negative
9060_3,Negative
9061_4,Negative
9062_3,Negative
9063_3,Negative
9064_3,Negative
9065_4,Negative
9066_3,Negative
9067_4,Negative
9068_3,Negative
9069_3,Negative
906_4,Positive
9070_4,Negative
9071_3,Positive
9072_4,Negative
9073_4,Positive
9074_3,Negative
9075_4,Negative
9076_3,Negative
9077_3,Negative
9078_2,Negative
9079_4,Negative
907_3,Negative
9080_1,Negative
9081_2,Negative
9082_1,Negative
9083_2,Negative
9084_2,Negative
9085_4,Negative
9086_3,Negative
9087_2,Negative
9088_4,Negative
9089_3,Negative
908_3,Negative
9090_1,Negative
9091_1,Negative
9092_3,Negative
9093_4,Negative
9094_4,Negative
9095_3,Negative
9096_3,Positive
9097_3,Negative
9098_3,Negative
9099_1,Negative
909_4,Negative
90_2,Negative
9100_2,Negative
9101_2,Negative
9102_1,Negative
9103_1,Negative
9104_2,Negative
9105_1,Negative
9106_1,Negative
9107_2,Negative
9108_1,Negative
9109_2,Negative
910_4,Negative
9110_4,Negative
9111_1,Negative
9112_3,Negative
9113_1,Negative
9114_1,Negative
9115_3,Negative
9116_3,Negative
9117_4,Negative
9118_1,Negative
9119_1,Negative
911_1,Negative
9120_3,Negative
9121_3,Positive
9122_2,Negative
9123_3,Negative
9124_2,Negative
9125_4,Negative
9126_4,Negative
9127_2,Negative
9128_1,Negative
9129_1,Negative
912_1,Negative
9130_4,Negative
9131_1,Positive
9132_2,Negative
9133_3,Positive
9134_1,Negative
9135_3,Negative
9136_1,Negative
9137_1,Negative
9138_1,Negative
9139_2,Negative
913_1,Negative
9140_2,Negative
9141_2,Negative
9142_4,Positive
9143_1,Negative
9144_4,Negative
9145_3,Negative
9146_3,Negative
9147_2,Negative
9148_3,Negative
9149_3,Negative
914_1,Negative
9150_4,Negative
9151_2,Positive
9152_2,Negative
9153_1,Negative
9154_2,Positive
9155_3,Negative
9156_3,Positive
9157_3,Negative
9158_4,Negative
9159_3,Positive
915_4,Negative
9160_4,Positive
9161_1,Negative
9162_2,Negative
9163_3,Negative
9164_4,Negative
9165_2,Negative
9166_4,Negative
9167_3,Negative
9168_1,Negative
9169_1,Negative
916_3,Negative
9170_3,Negative
9171_3,Negative
9172_1,Negative
9173_3,Negative
9174_1,Negative
9175_1,Negative
9176_1,Negative
9177_1,Negative
9178_2,Negative
9179_3,Negative
917_4,Negative
9180_3,Negative
9181_1,Negative
9182_3,Positive
9183_3,Negative
9184_1,Negative
9185_1,Negative
9186_2,Negative
9187_1,Negative
9188_3,Positive
9189_2,Negative
918_4,Negative
9190_4,Negative
9191_1,Negative
9192_1,Negative
9193_1,Negative
9194_1,Negative
9195_4,Negative
9196_1,Negative
9197_1,Negative
9198_1,Negative
9199_1,Negative
919_4,Negative
91_4,Negative
9200_3,Positive
9201_2,Negative
9202_2,Negative
9203_1,Negative
9204_2,Negative
9205_1,Negative
9206_3,Negative
9207_4,Negative
9208_2,Negative
9209_3,Negative
920_1,Negative
9210_1,Negative
9211_3,Negative
9212_2,Negative
9213_1,Negative
9214_1,Negative
9215_1,Negative
9216_1,Negative
9217_1,Negative
9218_3,Negative
9219_1,Negative
921_1,Negative
9220_4,Positive
9221_4,Positive
9222_1,Negative
9223_2,Negative
9224_1,Negative
9225_1,Negative
9226_1,Negative
9227_1,Negative
9228_4,Negative
9229_1,Negative
922_3,Negative
9230_3,Negative
9231_1,Negative
9232_1,Negative
9233_4,Negative
9234_1,Negative
9235_4,Negative
9236_1,Negative
9237_4,Negative
9238_3,Negative
9239_4,Negative
923_4,Negative
9240_2,Negative
9241_3,Negative
9242_1,Negative
9243_1,Negative
9244_4,Negative
9245_1,Negative
9246_4,Negative
9247_2,Negative
9248_1,Negative
9249_1,Negative
924_4,Negative
9250_1,Negative
9251_2,Positive
9252_3,Negative
9253_4,Positive
9254_3,Negative
9255_4,Positive
9256_2,Negative
9257_4,Negative
9258_1,Negative
9259_1,Negative
925_2,Negative
9260_4,Positive
9261_2,Negative
9262_3,Negative
9263_4,Negative
9264_1,Negative
9265_3,Negative
9266_2,Negative
9267_4,Positive
9268_2,Negative
9269_1,Negative
926_4,Negative
9270_4,Negative
9271_1,Negative
9272_4,Negative
9273_1,Negative
9274_3,Negative
9275_3,Negative
9276_4,Negative
9277_4,Negative
9278_1,Negative
9279_4,Negative
927_3,Negative
9280_3,Negative
9281_2,Negative
9282_4,Negative
9283_3,Negative
9284_3,Negative
9285_1,Negative
9286_1,Negative
9287_1,Negative
9288_4,Negative
9289_1,Negative
928_1,Negative
9290_1,Negative
9291_4,Negative
9292_4,Negative
9293_4,Negative
9294_3,Negative
9295_3,Negative
9296_1,Negative
9297_1,Negative
9298_1,Negative
9299_1,Negative
929_2,Negative
92_1,Negative
9300_3,Negative
9301_3,Negative
9302_4,Negative
9303_3,Negative
9304_1,Negative
9305_3,Negative
9306_1,Negative
9307_3,Positive
9308_1,Negative
9309_2,Negative
930_3,Negative
9310_1,Negative
9311_1,Negative
9312_1,Negative
9313_4,Negative
9314_2,Negative
9315_2,Positive
9316_4,Negative
9317_2,Negative
9318_3,Negative
9319_1,Negative
931_4,Negative
9320_1,Negative
9321_2,Negative
9322_1,Negative
9323_2,Negative
9324_4,Negative
9325_1,Negative
9326_3,Negative
9327_4,Negative
9328_2,Negative
9329_1,Negative
932_2,Negative
9330_1,Negative
9331_1,Negative
9332_3,Negative
9333_4,Negative
9334_3,Negative
9335_4,Negative
9336_3,Positive
9337_4,Negative
9338_1,Negative
9339_3,Negative
933_3,Negative
9340_3,Positive
9341_2,Negative
9342_1,Negative
9343_3,Positive
9344_1,Negative
9345_1,Negative
9346_2,Negative
9347_2,Negative
9348_3,Negative
9349_1,Negative
934_1,Negative
9350_3,Negative
9351_3,Negative
9352_4,Negative
9353_4,Positive
9354_4,Positive
9355_4,Negative
9356_1,Negative
9357_2,Negative
9358_1,Positive
9359_3,Negative
935_4,Negative
9360_1,Negative
9361_2,Negative
9362_2,Negative
9363_2,Negative
9364_4,Negative
9365_1,Negative
9366_1,Negative
9367_4,Negative
9368_4,Negative
9369_2,Negative
936_2,Negative
9370_1,Negative
9371_1,Negative
9372_1,Negative
9373_1,Negative
9374_1,Negative
9375_4,Negative
9376_3,Negative
9377_1,Negative
9378_1,Negative
9379_2,Negative
937_4,Negative
9380_2,Negative
9381_4,Negative
9382_4,Negative
9383_3,Negative
9384_2,Negative
9385_1,Negative
9386_1,Negative
9387_1,Negative
9388_2,Negative
9389_1,Negative
938_1,Negative
9390_1,Negative
9391_1,Negative
9392_1,Negative
9393_4,Negative
9394_1,Negative
9395_2,Negative
9396_1,Negative
9397_1,Negative
9398_3,Negative
9399_1,Negative
939_4,Negative
93_1,Negative
9400_1,Positive
9401_1,Negative
9402_1,Negative
9403_1,Negative
9404_1,Negative
9405_3,Negative
9406_1,Negative
9407_3,Negative
9408_4,Negative
9409_1,Negative
940_3,Negative
9410_1,Negative
9411_1,Negative
9412_2,Negative
9413_1,Negative
9414_1,Negative
9415_3,Negative
9416_3,Negative
9417_2,Negative
9418_2,Negative
9419_1,Negative
941_2,Negative
9420_3,Negative
9421_1,Negative
9422_3,Negative
9423_1,Negative
9424_1,Negative
9425_2,Negative
9426_2,Negative
9427_4,Negative
9428_2,Positive
9429_4,Negative
942_1,Negative
9430_3,Negative
9431_3,Negative
9432_4,Positive
9433_1,Negative
9434_1,Negative
9435_1,Negative
9436_1,Negative
9437_3,Negative
9438_4,Negative
9439_1,Negative
943_3,Negative
9440_1,Negative
9441_1,Negative
9442_1,Negative
9443_1,Negative
9444_1,Negative
9445_1,Negative
9446_1,Negative
9447_4,Negative
9448_2,Negative
9449_4,Negative
944_2,Negative
9450_1,Negative
9451_1,Negative
9452_2,Negative
9453_1,Negative
9454_1,Negative
9455_1,Negative
9456_4,Negative
9457_1,Negative
9458_1,Negative
9459_4,Positive
945_2,Negative
9460_1,Negative
9461_1,Positive
9462_2,Negative
9463_2,Negative
9464_1,Negative
9465_1,Negative
9466_1,Negative
9467_4,Positive
9468_2,Negative
9469_4,Negative
946_1,Negative
9470_4,Negative
9471_2,Positive
9472_3,Negative
9473_1,Negative
9474_4,Negative
9475_4,Negative
9476_3,Positive
9477_1,Negative
9478_1,Negative
9479_1,Negative
947_3,Negative
9480_3,Negative
9481_4,Negative
9482_1,Negative
9483_2,Negative
9484_2,Negative
9485_3,Negative
9486_3,Negative
9487_1,Negative
9488_4,Negative
9489_2,Negative
948_1,Negative
9490_4,Negative
9491_3,Positive
9492_4,Negative
9493_4,Negative
9494_1,Negative
9495_2,Negative
9496_1,Negative
9497_3,Negative
9498_1,Negative
9499_2,Negative
949_3,Negative
94_2,Negative
9500_2,Negative
9501_4,Negative
9502_4,Negative
9503_4,Negative
9504_3,Negative
9505_3,Negative
9506_3,Negative
9507_4,Negative
9508_1,Negative
9509_3,Negative
950_1,Negative
9510_3,Negative
9511_1,Negative
9512_1,Negative
9513_2,Negative
9514_1,Negative
9515_1,Negative
9516_1,Negative
9517_2,Negative
9518_1,Negative
9519_1,Negative
951_1,Positive
9520_1,Negative
9521_1,Negative
9522_1,Negative
9523_1,Negative
9524_3,Negative
9525_2,Negative
9526_3,Negative
9527_3,Negative
9528_1,Positive
9529_2,Negative
952_1,Positive
9530_1,Positive
9531_1,Negative
9532_1,Negative
9533_4,Negative
9534_4,Negative
9535_2,Negative
9536_1,Negative
9537_1,Negative
9538_1,Negative
9539_1,Negative
953_2,Negative
9540_1,Negative
9541_1,Negative
9542_1,Negative
9543_1,Negative
9544_1,Negative
9545_4,Negative
9546_2,Negative
9547_1,Negative
9548_1,Negative
9549_4,Negative
954_4,Negative
9550_1,Negative
9551_2,Negative
9552_2,Negative
9553_2,Negative
9554_3,Negative
9555_4,Negative
9556_1,Negative
9557_4,Negative
9558_3,Negative
9559_4,Negative
955_4,Negative
9560_3,Negative
9561_2,Negative
9562_4,Positive
9563_2,Negative
9564_3,Negative
9565_3,Negative
9566_4,Negative
9567_1,Negative
9568_4,Negative
9569_3,Negative
956_3,Negative
9570_2,Negative
9571_2,Negative
9572_4,Negative
9573_4,Negative
9574_1,Negative
9575_3,Negative
9576_3,Negative
9577_3,Negative
9578_3,Negative
9579_2,Negative
957_2,Negative
9580_1,Negative
9581_3,Negative
9582_4,Negative
9583_2,Negative
9584_1,Negative
9585_2,Negative
9586_2,Negative
9587_2,Negative
9588_3,Negative
9589_4,Negative
958_4,Negative
9590_1,Negative
9591_4,Negative
9592_2,Negative
9593_1,Negative
9594_1,Negative
9595_3,Negative
9596_2,Negative
9597_3,Negative
9598_2,Negative
9599_2,Negative
959_4,Negative
95_3,Positive
9600_1,Negative
9601_1,Negative
9602_1,Negative
9603_1,Negative
9604_3,Negative
9605_2,Negative
9606_4,Negative
9607_1,Positive
9608_1,Negative
9609_1,Negative
960_3,Negative
9610_1,Negative
9611_1,Negative
9612_2,Negative
9613_1,Negative
9614_3,Negative
9615_2,Negative
9616_4,Negative
9617_4,Negative
9618_1,Negative
9619_1,Negative
961_1,Negative
9620_1,Negative
9621_2,Negative
9622_4,Negative
9623_2,Negative
9624_1,Negative
9625_2,Negative
9626_4,Negative
9627_2,Negative
9628_4,Negative
9629_3,Negative
962_4,Negative
9630_1,Negative
9631_4,Negative
9632_3,Negative
9633_4,Positive
9634_4,Negative
9635_3,Negative
9636_2,Negative
9637_1,Negative
9638_3,Positive
9639_2,Negative
963_2,Negative
9640_1,Negative
9641_4,Negative
9642_4,Negative
9643_3,Negative
9644_4,Negative
9645_4,Negative
9646_1,Negative
9647_1,Negative
9648_3,Negative
9649_3,Negative
964_3,Negative
9650_4,Negative
9651_3,Negative
9652_3,Negative
9653_3,Negative
9654_1,Negative
9655_3,Negative
9656_3,Negative
9657_4,Negative
9658_1,Negative
9659_1,Negative
965_3,Negative
9660_1,Negative
9661_3,Negative
9662_1,Negative
9663_3,Negative
9664_2,Negative
9665_4,Positive
9666_1,Negative
9667_3,Negative
9668_3,Negative
9669_2,Negative
966_4,Negative
9670_3,Positive
9671_3,Negative
9672_1,Negative
9673_1,Negative
9674_1,Negative
9675_1,Negative
9676_1,Negative
9677_1,Negative
9678_2,Negative
9679_1,Negative
967_2,Negative
9680_1,Negative
9681_1,Negative
9682_1,Negative
9683_1,Negative
9684_1,Negative
9685_1,Negative
9686_1,Negative
9687_1,Negative
9688_3,Negative
9689_1,Negative
968_2,Negative
9690_2,Negative
9691_1,Negative
9692_1,Negative
9693_3,Negative
9694_3,Negative
9695_1,Negative
9696_2,Negative
9697_1,Negative
9698_1,Negative
9699_1,Negative
969_4,Negative
96_1,Negative
9700_4,Positive
9701_4,Negative
9702_1,Negative
9703_1,Positive
9704_1,Negative
9705_1,Negative
9706_1,Negative
9707_1,Negative
9708_2,Negative
9709_1,Negative
970_4,Negative
9710_2,Negative
9711_1,Negative
9712_2,Negative
9713_3,Negative
9714_3,Negative
9715_2,Negative
9716_1,Negative
9717_3,Negative
9718_4,Negative
9719_1,Negative
971_3,Negative
9720_2,Negative
9721_4,Negative
9722_4,Negative
9723_2,Negative
9724_1,Negative
9725_1,Negative
9726_3,Negative
9727_2,Negative
9728_2,Negative
9729_1,Negative
972_1,Positive
9730_1,Negative
9731_3,Negative
9732_1,Negative
9733_4,Negative
9734_4,Negative
9735_3,Negative
9736_4,Negative
9737_4,Negative
9738_4,Negative
9739_3,Negative
973_4,Negative
9740_3,Negative
9741_2,Negative
9742_2,Negative
9743_1,Negative
9744_1,Negative
9745_1,Negative
9746_1,Negative
9747_1,Negative
9748_1,Negative
9749_4,Negative
974_4,Negative
9750_3,Negative
9751_1,Negative
9752_1,Negative
9753_1,Negative
9754_4,Negative
9755_4,Positive
9756_4,Positive
9757_3,Negative
9758_1,Negative
9759_1,Negative
975_4,Negative
9760_2,Negative
9761_2,Negative
9762_2,Negative
9763_3,Negative
9764_4,Positive
9765_1,Negative
9766_3,Positive
9767_1,Negative
9768_1,Negative
9769_3,Negative
976_3,Positive
9770_4,Positive
9771_4,Negative
9772_1,Negative
9773_3,Negative
9774_1,Negative
9775_4,Negative
9776_1,Negative
9777_1,Positive
9778_1,Negative
9779_2,Negative
977_4,Negative
9780_4,Negative
9781_4,Negative
9782_4,Negative
9783_3,Negative
9784_3,Negative
9785_3,Negative
9786_1,Negative
9787_1,Negative
9788_1,Negative
9789_1,Negative
978_1,Negative
9790_4,Negative
9791_2,Positive
9792_3,Negative
9793_3,Negative
9794_4,Negative
9795_1,Negative
9796_2,Negative
9797_4,Negative
9798_2,Negative
9799_2,Negative
979_3,Negative
97_1,Negative
9800_1,Negative
9801_2,Negative
9802_3,Negative
9803_3,Negative
9804_1,Negative
9805_4,Negative
9806_3,Negative
9807_2,Negative
9808_3,Negative
9809_4,Negative
980_2,Negative
9810_1,Negative
9811_3,Negative
9812_1,Negative
9813_1,Negative
9814_1,Negative
9815_3,Negative
9816_3,Negative
9817_2,Negative
9818_3,Negative
9819_4,Positive
981_1,Negative
9820_2,Negative
9821_3,Negative
9822_1,Negative
9823_4,Negative
9824_1,Negative
9825_2,Negative
9826_4,Negative
9827_4,Negative
9828_4,Negative
9829_2,Negative
982_4,Negative
9830_2,Negative
9831_1,Negative
9832_3,Negative
9833_4,Negative
9834_1,Negative
9835_4,Negative
9836_3,Positive
9837_4,Negative
9838_4,Negative
9839_3,Negative
983_4,Positive
9840_2,Positive
9841_4,Negative
9842_1,Negative
9843_2,Negative
9844_4,Positive
9845_3,Negative
9846_3,Negative
9847_1,Negative
9848_4,Negative
9849_1,Negative
984_3,Negative
9850_2,Negative
9851_2,Negative
9852_4,Negative
9853_1,Negative
9854_3,Negative
9855_2,Negative
9856_4,Negative
9857_3,Negative
9858_4,Negative
9859_4,Negative
985_4,Negative
9860_4,Negative
9861_1,Negative
9862_3,Positive
9863_4,Negative
9864_4,Positive
9865_2,Negative
9866_2,Negative
9867_2,Negative
9868_1,Negative
9869_1,Negative
986_3,Negative
9870_1,Negative
9871_1,Negative
9872_1,Negative
9873_2,Negative
9874_3,Negative
9875_4,Negative
9876_2,Negative
9877_1,Negative
9878_1,Positive
9879_2,Negative
987_4,Negative
9880_1,Negative
9881_2,Negative
9882_2,Negative
9883_1,Negative
9884_1,Negative
9885_2,Negative
9886_2,Negative
9887_2,Negative
9888_3,Negative
9889_1,Negative
988_3,Negative
9890_1,Negative
9891_1,Negative
9892_2,Negative
9893_3,Negative
9894_4,Negative
9895_4,Negative
9896_3,Positive
9897_1,Negative
9898_1,Negative
9899_1,Negative
989_4,Negative
98_1,Negative
9900_1,Negative
9901_1,Negative
9902_1,Negative
9903_4,Negative
9904_3,Negative
9905_4,Negative
9906_1,Negative
9907_2,Negative
9908_1,Negative
9909_1,Negative
990_1,Negative
9910_1,Negative
9911_1,Negative
9912_1,Negative
9913_1,Negative
9914_3,Negative
9915_2,Negative
9916_2,Negative
9917_2,Negative
9918_1,Negative
9919_4,Negative
991_4,Negative
9920_2,Positive
9921_2,Negative
9922_3,Negative
9923_3,Negative
9924_1,Negative
9925_3,Positive
9926_4,Negative
9927_3,Negative
9928_3,Positive
9929_3,Negative
992_1,Negative
9930_3,Negative
9931_4,Negative
9932_2,Negative
9933_1,Negative
9934_2,Negative
9935_3,Positive
9936_1,Negative
9937_4,Negative
9938_3,Negative
9939_2,Negative
993_3,Negative
9940_1,Positive
9941_4,Positive
9942_3,Negative
9943_1,Negative
9944_1,Negative
9945_3,Negative
9946_2,Negative
9947_3,Positive
9948_2,Negative
9949_3,Negative
994_3,Negative
9950_3,Negative
9951_4,Negative
9952_3,Negative
9953_3,Negative
9954_4,Negative
9955_3,Negative
9956_4,Negative
9957_4,Positive
9958_4,Positive
9959_4,Negative
995_1,Negative
9960_2,Negative
9961_3,Negative
9962_4,Negative
9963_3,Negative
9964_3,Negative
9965_1,Negative
9966_1,Negative
9967_1,Negative
9968_1,Negative
9969_3,Negative
996_3,Negative
9970_4,Negative
9971_1,Negative
9972_3,Negative
9973_4,Negative
9974_3,Negative
9975_4,Negative
9976_4,Negative
9977_1,Negative
9978_3,Negative
9979_4,Negative
997_3,Negative
9980_2,Negative
9981_1,Negative
9982_1,Negative
9983_3,Negative
9984_4,Negative
9985_1,Negative
9986_2,Negative
9987_1,Negative
9988_1,Negative
9989_1,Negative
998_2,Negative
9990_1,Negative
9991_1,Negative
9992_4,Negative
9993_2,Negative
9994_3,Negative
9995_2,Positive
9996_2,Negative
9997_2,Negative
9998_1,Negative
9999_1,Negative
999_3,Negative
99_3,Negative
9_4,Positive
